solid V6-Carcaça
   facet normal 2.040851e-016 0.000000e+000 -1.000000e+000
      outer loop
         vertex 6.528689e+001 7.000000e+000 3.365000e+001
         vertex 6.528689e+001 0.000000e+000 3.365000e+001
         vertex 5.528688e+001 7.000000e+000 3.365000e+001
      endloop
   endfacet
   facet normal 2.040851e-016 0.000000e+000 -1.000000e+000
      outer loop
         vertex 5.528688e+001 7.000000e+000 3.365000e+001
         vertex 6.528689e+001 0.000000e+000 3.365000e+001
         vertex 3.828688e+001 0.000000e+000 3.365000e+001
      endloop
   endfacet
   facet normal 2.040851e-016 0.000000e+000 -1.000000e+000
      outer loop
         vertex 5.178688e+001 1.650000e+001 3.365000e+001
         vertex 5.528688e+001 1.900000e+001 3.365000e+001
         vertex 5.178688e+001 1.210000e+001 3.365000e+001
      endloop
   endfacet
   facet normal 2.040851e-016 0.000000e+000 -1.000000e+000
      outer loop
         vertex 5.178688e+001 1.210000e+001 3.365000e+001
         vertex 5.528688e+001 1.900000e+001 3.365000e+001
         vertex 5.528688e+001 7.000000e+000 3.365000e+001
      endloop
   endfacet
   facet normal 2.040851e-016 0.000000e+000 -1.000000e+000
      outer loop
         vertex 5.178688e+001 1.210000e+001 3.365000e+001
         vertex 5.528688e+001 7.000000e+000 3.365000e+001
         vertex 4.378688e+001 1.210000e+001 3.365000e+001
      endloop
   endfacet
   facet normal 2.040851e-016 0.000000e+000 -1.000000e+000
      outer loop
         vertex 4.378688e+001 1.210000e+001 3.365000e+001
         vertex 5.528688e+001 7.000000e+000 3.365000e+001
         vertex 3.828688e+001 0.000000e+000 3.365000e+001
      endloop
   endfacet
   facet normal 2.040851e-016 0.000000e+000 -1.000000e+000
      outer loop
         vertex 4.378688e+001 1.210000e+001 3.365000e+001
         vertex 3.828688e+001 0.000000e+000 3.365000e+001
         vertex 4.378688e+001 1.650000e+001 3.365000e+001
      endloop
   endfacet
   facet normal 2.040851e-016 0.000000e+000 -1.000000e+000
      outer loop
         vertex 4.378688e+001 1.650000e+001 3.365000e+001
         vertex 3.828688e+001 0.000000e+000 3.365000e+001
         vertex 3.828688e+001 1.900000e+001 3.365000e+001
      endloop
   endfacet
   facet normal 2.040851e-016 0.000000e+000 -1.000000e+000
      outer loop
         vertex 4.378688e+001 1.650000e+001 3.365000e+001
         vertex 3.828688e+001 1.900000e+001 3.365000e+001
         vertex 5.178688e+001 1.650000e+001 3.365000e+001
      endloop
   endfacet
   facet normal 2.040851e-016 0.000000e+000 -1.000000e+000
      outer loop
         vertex 5.178688e+001 1.650000e+001 3.365000e+001
         vertex 3.828688e+001 1.900000e+001 3.365000e+001
         vertex 5.528688e+001 1.900000e+001 3.365000e+001
      endloop
   endfacet
   facet normal 0.000000e+000 0.000000e+000 1.000000e+000
      outer loop
         vertex 4.328688e+001 7.000000e+000 1.650000e+000
         vertex 3.828688e+001 7.000000e+000 1.650000e+000
         vertex 3.828688e+001 0.000000e+000 1.650000e+000
      endloop
   endfacet
   facet normal 0.000000e+000 0.000000e+000 1.000000e+000
      outer loop
         vertex 5.528688e+001 7.000000e+000 1.650000e+000
         vertex 5.528688e+001 1.900000e+001 1.650000e+000
         vertex 5.398689e+001 1.900000e+001 1.650000e+000
      endloop
   endfacet
   facet normal 0.000000e+000 0.000000e+000 1.000000e+000
      outer loop
         vertex 6.528689e+001 0.000000e+000 1.650000e+000
         vertex 6.528689e+001 7.000000e+000 1.650000e+000
         vertex 3.828688e+001 0.000000e+000 1.650000e+000
      endloop
   endfacet
   facet normal 0.000000e+000 0.000000e+000 1.000000e+000
      outer loop
         vertex 3.828688e+001 0.000000e+000 1.650000e+000
         vertex 6.528689e+001 7.000000e+000 1.650000e+000
         vertex 5.528688e+001 7.000000e+000 1.650000e+000
      endloop
   endfacet
   facet normal 0.000000e+000 0.000000e+000 1.000000e+000
      outer loop
         vertex 3.828688e+001 0.000000e+000 1.650000e+000
         vertex 5.528688e+001 7.000000e+000 1.650000e+000
         vertex 4.328688e+001 7.000000e+000 1.650000e+000
      endloop
   endfacet
   facet normal 0.000000e+000 0.000000e+000 1.000000e+000
      outer loop
         vertex 4.328688e+001 7.000000e+000 1.650000e+000
         vertex 5.528688e+001 7.000000e+000 1.650000e+000
         vertex 5.398689e+001 1.900000e+001 1.650000e+000
      endloop
   endfacet
   facet normal 0.000000e+000 0.000000e+000 1.000000e+000
      outer loop
         vertex 4.328688e+001 7.000000e+000 1.650000e+000
         vertex 5.398689e+001 1.900000e+001 1.650000e+000
         vertex 4.328688e+001 9.800000e+000 1.650000e+000
      endloop
   endfacet
   facet normal 0.000000e+000 0.000000e+000 1.000000e+000
      outer loop
         vertex 3.828688e+001 1.900000e+001 1.650000e+000
         vertex 3.828688e+001 1.100000e+001 1.650000e+000
         vertex 3.958689e+001 1.900000e+001 1.650000e+000
      endloop
   endfacet
   facet normal 0.000000e+000 0.000000e+000 1.000000e+000
      outer loop
         vertex 3.958689e+001 1.900000e+001 1.650000e+000
         vertex 3.828688e+001 1.100000e+001 1.650000e+000
         vertex 4.208688e+001 1.100000e+001 1.650000e+000
      endloop
   endfacet
   facet normal 0.000000e+000 0.000000e+000 1.000000e+000
      outer loop
         vertex 3.958689e+001 1.900000e+001 1.650000e+000
         vertex 4.208688e+001 1.100000e+001 1.650000e+000
         vertex 4.328688e+001 9.800000e+000 1.650000e+000
      endloop
   endfacet
   facet normal 0.000000e+000 0.000000e+000 1.000000e+000
      outer loop
         vertex 4.328688e+001 9.800000e+000 1.650000e+000
         vertex 5.398689e+001 1.900000e+001 1.650000e+000
         vertex 3.958689e+001 1.900000e+001 1.650000e+000
      endloop
   endfacet
   facet normal 0.000000e+000 0.000000e+000 1.000000e+000
      outer loop
         vertex 3.958689e+001 1.900000e+001 1.650000e+000
         vertex 5.398689e+001 1.900000e+001 1.650000e+000
         vertex 5.398689e+001 2.100000e+001 1.650000e+000
      endloop
   endfacet
   facet normal 0.000000e+000 0.000000e+000 1.000000e+000
      outer loop
         vertex 3.958689e+001 1.900000e+001 1.650000e+000
         vertex 5.398689e+001 2.100000e+001 1.650000e+000
         vertex 3.958689e+001 2.100000e+001 1.650000e+000
      endloop
   endfacet
   facet normal -9.840655e-001 0.000000e+000 -1.778063e-001
      outer loop
         vertex 3.222919e+001 8.526117e+000 1.965000e+001
         vertex 3.222919e+001 0.000000e+000 1.965000e+001
         vertex 3.212051e+001 0.000000e+000 2.022993e+001
      endloop
   endfacet
   facet normal -9.441194e-001 0.000000e+000 -3.296038e-001
      outer loop
         vertex 3.158450e+001 1.192070e+001 2.216006e+001
         vertex 3.162235e+001 1.150046e+001 2.205072e+001
         vertex 3.156352e+001 0.000000e+000 2.221954e+001
      endloop
   endfacet
   facet normal -9.460522e-001 0.000000e+000 -3.240143e-001
      outer loop
         vertex 3.156352e+001 0.000000e+000 2.221954e+001
         vertex 3.162235e+001 1.150046e+001 2.205072e+001
         vertex 3.167114e+001 1.108955e+001 2.190561e+001
      endloop
   endfacet
   facet normal -9.484622e-001 0.000000e+000 -3.168903e-001
      outer loop
         vertex 3.156352e+001 0.000000e+000 2.221954e+001
         vertex 3.167114e+001 1.108955e+001 2.190561e+001
         vertex 3.172926e+001 1.069235e+001 2.172607e+001
      endloop
   endfacet
   facet normal -9.512843e-001 0.000000e+000 -3.083149e-001
      outer loop
         vertex 3.172926e+001 1.069235e+001 2.172607e+001
         vertex 3.179464e+001 1.031337e+001 2.151436e+001
         vertex 3.156352e+001 0.000000e+000 2.221954e+001
      endloop
   endfacet
   facet normal -9.544557e-001 0.000000e+000 -2.983525e-001
      outer loop
         vertex 3.156352e+001 0.000000e+000 2.221954e+001
         vertex 3.179464e+001 1.031337e+001 2.151436e+001
         vertex 3.186564e+001 9.953139e+000 2.127095e+001
      endloop
   endfacet
   facet normal -9.579144e-001 0.000000e+000 -2.870540e-001
      outer loop
         vertex 3.156352e+001 0.000000e+000 2.221954e+001
         vertex 3.186564e+001 9.953139e+000 2.127095e+001
         vertex 3.194017e+001 9.614464e+000 2.099757e+001
      endloop
   endfacet
   facet normal -9.615840e-001 0.000000e+000 -2.745108e-001
      outer loop
         vertex 3.194017e+001 9.614464e+000 2.099757e+001
         vertex 3.201592e+001 9.300329e+000 2.069656e+001
         vertex 3.156352e+001 0.000000e+000 2.221954e+001
      endloop
   endfacet
   facet normal -9.654136e-001 0.000000e+000 -2.607234e-001
      outer loop
         vertex 3.156352e+001 0.000000e+000 2.221954e+001
         vertex 3.201592e+001 9.300329e+000 2.069656e+001
         vertex 3.209019e+001 9.018693e+000 2.036522e+001
      endloop
   endfacet
   facet normal -9.681059e-001 0.000000e+000 -2.505412e-001
      outer loop
         vertex 3.156352e+001 0.000000e+000 2.221954e+001
         vertex 3.209019e+001 9.018693e+000 2.036522e+001
         vertex 3.212051e+001 0.000000e+000 2.022993e+001
      endloop
   endfacet
   facet normal -9.784927e-001 0.000000e+000 -2.062816e-001
      outer loop
         vertex 3.212051e+001 0.000000e+000 2.022993e+001
         vertex 3.209019e+001 9.018693e+000 2.036522e+001
         vertex 3.212051e+001 8.903705e+000 2.022993e+001
      endloop
   endfacet
   facet normal -9.816740e-001 0.000000e+000 -1.905682e-001
      outer loop
         vertex 3.212051e+001 0.000000e+000 2.022993e+001
         vertex 3.212051e+001 8.903705e+000 2.022993e+001
         vertex 3.222919e+001 8.526117e+000 1.965000e+001
      endloop
   endfacet
   facet normal -9.261709e-001 0.000000e+000 -3.771039e-001
      outer loop
         vertex 3.074101e+001 2.100000e+001 2.411485e+001
         vertex 3.156352e+001 2.100000e+001 2.221954e+001
         vertex 3.156352e+001 1.375196e+001 2.221954e+001
      endloop
   endfacet
   facet normal -9.260483e-001 0.000000e+000 -3.774051e-001
      outer loop
         vertex 3.156352e+001 1.375196e+001 2.221954e+001
         vertex 3.155857e+001 1.365132e+001 2.223345e+001
         vertex 3.074101e+001 2.100000e+001 2.411485e+001
      endloop
   endfacet
   facet normal -9.255996e-001 0.000000e+000 -3.785041e-001
      outer loop
         vertex 3.074101e+001 2.100000e+001 2.411485e+001
         vertex 3.155857e+001 1.365132e+001 2.223345e+001
         vertex 3.154540e+001 1.321967e+001 2.227029e+001
      endloop
   endfacet
   facet normal -9.252721e-001 0.000000e+000 -3.793040e-001
      outer loop
         vertex 3.074101e+001 2.100000e+001 2.411485e+001
         vertex 3.154540e+001 1.321967e+001 2.227029e+001
         vertex 3.154536e+001 1.278288e+001 2.227040e+001
      endloop
   endfacet
   facet normal -9.428156e-001 0.000000e+000 -3.333149e-001
      outer loop
         vertex 3.158450e+001 1.192070e+001 2.216006e+001
         vertex 3.156352e+001 0.000000e+000 2.221954e+001
         vertex 3.156352e+001 1.224804e+001 2.221954e+001
      endloop
   endfacet
   facet normal -9.261709e-001 0.000000e+000 -3.771039e-001
      outer loop
         vertex 3.156352e+001 1.224804e+001 2.221954e+001
         vertex 3.156352e+001 0.000000e+000 2.221954e+001
         vertex 3.074101e+001 0.000000e+000 2.411485e+001
      endloop
   endfacet
   facet normal -9.257217e-001 0.000000e+000 -3.782055e-001
      outer loop
         vertex 3.156352e+001 1.224804e+001 2.221954e+001
         vertex 3.074101e+001 0.000000e+000 2.411485e+001
         vertex 3.154536e+001 1.278288e+001 2.227040e+001
      endloop
   endfacet
   facet normal -9.484702e-001 0.000000e+000 -3.168663e-001
      outer loop
         vertex 3.172924e+001 1.530754e+001 2.172612e+001
         vertex 3.167152e+001 1.491330e+001 2.190446e+001
         vertex 3.156352e+001 2.100000e+001 2.221954e+001
      endloop
   endfacet
   facet normal -9.460642e-001 0.000000e+000 -3.239791e-001
      outer loop
         vertex 3.156352e+001 2.100000e+001 2.221954e+001
         vertex 3.167152e+001 1.491330e+001 2.190446e+001
         vertex 3.162250e+001 1.450102e+001 2.205026e+001
      endloop
   endfacet
   facet normal -9.436646e-001 0.000000e+000 -3.309036e-001
      outer loop
         vertex 3.156352e+001 2.100000e+001 2.221954e+001
         vertex 3.162250e+001 1.450102e+001 2.205026e+001
         vertex 3.156352e+001 1.375196e+001 2.221954e+001
      endloop
   endfacet
   facet normal -9.579285e-001 0.000000e+000 -2.870068e-001
      outer loop
         vertex 3.194058e+001 1.638731e+001 2.099601e+001
         vertex 3.186582e+001 1.604768e+001 2.127035e+001
         vertex 3.156352e+001 2.100000e+001 2.221954e+001
      endloop
   endfacet
   facet normal -9.544610e-001 0.000000e+000 -2.983357e-001
      outer loop
         vertex 3.156352e+001 2.100000e+001 2.221954e+001
         vertex 3.186582e+001 1.604768e+001 2.127035e+001
         vertex 3.179469e+001 1.568690e+001 2.151419e+001
      endloop
   endfacet
   facet normal -9.512851e-001 0.000000e+000 -3.083125e-001
      outer loop
         vertex 3.156352e+001 2.100000e+001 2.221954e+001
         vertex 3.179469e+001 1.568690e+001 2.151419e+001
         vertex 3.172924e+001 1.530754e+001 2.172612e+001
      endloop
   endfacet
   facet normal -9.928791e-001 0.000000e+000 -1.191261e-001
      outer loop
         vertex 3.238175e+001 1.795965e+001 1.844133e+001
         vertex 3.212051e+001 2.100000e+001 2.022993e+001
         vertex 3.240162e+001 1.801980e+001 1.818305e+001
      endloop
   endfacet
   facet normal -9.935427e-001 0.000000e+000 -1.134587e-001
      outer loop
         vertex 3.240162e+001 1.801980e+001 1.818305e+001
         vertex 3.212051e+001 2.100000e+001 2.022993e+001
         vertex 3.240162e+001 2.100000e+001 1.818305e+001
      endloop
   endfacet
   facet normal -9.984847e-001 0.000000e+000 -5.503061e-002
      outer loop
         vertex 3.240162e+001 1.801980e+001 1.818305e+001
         vertex 3.240162e+001 2.100000e+001 1.818305e+001
         vertex 3.243065e+001 1.810654e+001 1.758461e+001
      endloop
   endfacet
   facet normal -9.909877e-001 0.000000e+000 -1.339533e-001
      outer loop
         vertex 3.238175e+001 1.795965e+001 1.844133e+001
         vertex 3.234018e+001 1.783166e+001 1.885900e+001
         vertex 3.212051e+001 2.100000e+001 2.022993e+001
      endloop
   endfacet
   facet normal -9.883922e-001 0.000000e+000 -1.519239e-001
      outer loop
         vertex 3.212051e+001 2.100000e+001 2.022993e+001
         vertex 3.234018e+001 1.783166e+001 1.885900e+001
         vertex 3.228911e+001 1.767009e+001 1.926090e+001
      endloop
   endfacet
   facet normal -9.855750e-001 0.000000e+000 -1.692392e-001
      outer loop
         vertex 3.212051e+001 2.100000e+001 2.022993e+001
         vertex 3.228911e+001 1.767009e+001 1.926090e+001
         vertex 3.222947e+001 1.747480e+001 1.964835e+001
      endloop
   endfacet
   facet normal -9.825916e-001 0.000000e+000 -1.857788e-001
      outer loop
         vertex 3.222947e+001 1.747480e+001 1.964835e+001
         vertex 3.216101e+001 1.723699e+001 2.001376e+001
         vertex 3.212051e+001 2.100000e+001 2.022993e+001
      endloop
   endfacet
   facet normal -9.800897e-001 0.000000e+000 -1.985554e-001
      outer loop
         vertex 3.212051e+001 2.100000e+001 2.022993e+001
         vertex 3.216101e+001 1.723699e+001 2.001376e+001
         vertex 3.212051e+001 1.709630e+001 2.022993e+001
      endloop
   endfacet
   facet normal -9.688665e-001 0.000000e+000 -2.475837e-001
      outer loop
         vertex 3.212051e+001 2.100000e+001 2.022993e+001
         vertex 3.212051e+001 1.709630e+001 2.022993e+001
         vertex 3.156352e+001 2.100000e+001 2.221954e+001
      endloop
   endfacet
   facet normal -9.662074e-001 0.000000e+000 -2.577657e-001
      outer loop
         vertex 3.156352e+001 2.100000e+001 2.221954e+001
         vertex 3.212051e+001 1.709630e+001 2.022993e+001
         vertex 3.201604e+001 1.670016e+001 2.069605e+001
      endloop
   endfacet
   facet normal -9.615968e-001 0.000000e+000 -2.744657e-001
      outer loop
         vertex 3.156352e+001 2.100000e+001 2.221954e+001
         vertex 3.201604e+001 1.670016e+001 2.069605e+001
         vertex 3.194058e+001 1.638731e+001 2.099601e+001
      endloop
   endfacet
   facet normal -9.999542e-001 0.000000e+000 9.578107e-003
      outer loop
         vertex 3.240162e+001 2.100000e+001 1.611695e+001
         vertex 3.243065e+001 1.810654e+001 1.671539e+001
         vertex 3.240162e+001 2.100000e+001 1.818305e+001
      endloop
   endfacet
   facet normal -9.999127e-001 0.000000e+000 -1.321598e-002
      outer loop
         vertex 3.240162e+001 2.100000e+001 1.818305e+001
         vertex 3.243065e+001 1.810654e+001 1.671539e+001
         vertex 3.243689e+001 1.812500e+001 1.715173e+001
      endloop
   endfacet
   facet normal -9.994769e-001 0.000000e+000 -3.234242e-002
      outer loop
         vertex 3.240162e+001 2.100000e+001 1.818305e+001
         vertex 3.243689e+001 1.812500e+001 1.715173e+001
         vertex 3.243065e+001 1.810654e+001 1.758461e+001
      endloop
   endfacet
   facet normal -9.855648e-001 0.000000e+000 1.692988e-001
      outer loop
         vertex 3.222902e+001 1.747329e+001 1.464894e+001
         vertex 3.228911e+001 1.767009e+001 1.503910e+001
         vertex 3.212051e+001 2.100000e+001 1.407007e+001
      endloop
   endfacet
   facet normal -9.825575e-001 0.000000e+000 1.859589e-001
      outer loop
         vertex 3.222902e+001 1.747329e+001 1.464894e+001
         vertex 3.212051e+001 2.100000e+001 1.407007e+001
         vertex 3.216261e+001 1.724619e+001 1.428025e+001
      endloop
   endfacet
   facet normal -9.884020e-001 0.000000e+000 1.518598e-001
      outer loop
         vertex 3.228911e+001 1.767009e+001 1.503910e+001
         vertex 3.234052e+001 1.783270e+001 1.544393e+001
         vertex 3.212051e+001 2.100000e+001 1.407007e+001
      endloop
   endfacet
   facet normal -9.910043e-001 0.000000e+000 1.338298e-001
      outer loop
         vertex 3.212051e+001 2.100000e+001 1.407007e+001
         vertex 3.234052e+001 1.783270e+001 1.544393e+001
         vertex 3.237844e+001 1.794884e+001 1.586168e+001
      endloop
   endfacet
   facet normal -9.928863e-001 0.000000e+000 1.190668e-001
      outer loop
         vertex 3.212051e+001 2.100000e+001 1.407007e+001
         vertex 3.237844e+001 1.794884e+001 1.586168e+001
         vertex 3.240162e+001 2.100000e+001 1.611695e+001
      endloop
   endfacet
   facet normal -9.972721e-001 0.000000e+000 7.381358e-002
      outer loop
         vertex 3.240162e+001 2.100000e+001 1.611695e+001
         vertex 3.237844e+001 1.794884e+001 1.586168e+001
         vertex 3.240162e+001 1.801980e+001 1.611695e+001
      endloop
   endfacet
   facet normal -9.984847e-001 0.000000e+000 5.503061e-002
      outer loop
         vertex 3.240162e+001 2.100000e+001 1.611695e+001
         vertex 3.240162e+001 1.801980e+001 1.611695e+001
         vertex 3.243065e+001 1.810654e+001 1.671539e+001
      endloop
   endfacet
   facet normal -9.484625e-001 0.000000e+000 3.168892e-001
      outer loop
         vertex 3.167117e+001 1.491071e+001 1.239450e+001
         vertex 3.172924e+001 1.530754e+001 1.257388e+001
         vertex 3.156352e+001 2.100000e+001 1.208047e+001
      endloop
   endfacet
   facet normal -9.512944e-001 0.000000e+000 3.082840e-001
      outer loop
         vertex 3.156352e+001 2.100000e+001 1.208047e+001
         vertex 3.172924e+001 1.530754e+001 1.257388e+001
         vertex 3.179508e+001 1.568902e+001 1.278711e+001
      endloop
   endfacet
   facet normal -9.544700e-001 0.000000e+000 2.983070e-001
      outer loop
         vertex 3.156352e+001 2.100000e+001 1.208047e+001
         vertex 3.179508e+001 1.568902e+001 1.278711e+001
         vertex 3.186582e+001 1.604768e+001 1.302965e+001
      endloop
   endfacet
   facet normal -9.579164e-001 0.000000e+000 2.870472e-001
      outer loop
         vertex 3.186582e+001 1.604768e+001 1.302965e+001
         vertex 3.194009e+001 1.638520e+001 1.330214e+001
         vertex 3.156352e+001 2.100000e+001 1.208047e+001
      endloop
   endfacet
   facet normal -9.615853e-001 0.000000e+000 2.745062e-001
      outer loop
         vertex 3.156352e+001 2.100000e+001 1.208047e+001
         vertex 3.194009e+001 1.638520e+001 1.330214e+001
         vertex 3.201604e+001 1.670016e+001 1.360395e+001
      endloop
   endfacet
   facet normal -9.662074e-001 0.000000e+000 2.577657e-001
      outer loop
         vertex 3.156352e+001 2.100000e+001 1.208047e+001
         vertex 3.201604e+001 1.670016e+001 1.360395e+001
         vertex 3.212051e+001 2.100000e+001 1.407007e+001
      endloop
   endfacet
   facet normal -9.769266e-001 0.000000e+000 2.135751e-001
      outer loop
         vertex 3.212051e+001 2.100000e+001 1.407007e+001
         vertex 3.201604e+001 1.670016e+001 1.360395e+001
         vertex 3.212051e+001 1.709630e+001 1.407007e+001
      endloop
   endfacet
   facet normal -9.800653e-001 0.000000e+000 1.986758e-001
      outer loop
         vertex 3.212051e+001 2.100000e+001 1.407007e+001
         vertex 3.212051e+001 1.709630e+001 1.407007e+001
         vertex 3.216261e+001 1.724619e+001 1.428025e+001
      endloop
   endfacet
   facet normal -9.256367e-001 0.000000e+000 3.784134e-001
      outer loop
         vertex 3.154536e+001 1.321721e+001 1.202960e+001
         vertex 3.156009e+001 1.365091e+001 1.207086e+001
         vertex 3.074101e+001 2.100000e+001 1.018515e+001
      endloop
   endfacet
   facet normal -9.260861e-001 0.000000e+000 3.773121e-001
      outer loop
         vertex 3.074101e+001 2.100000e+001 1.018515e+001
         vertex 3.156009e+001 1.365091e+001 1.207086e+001
         vertex 3.156352e+001 1.375196e+001 1.208047e+001
      endloop
   endfacet
   facet normal -9.261709e-001 0.000000e+000 3.771039e-001
      outer loop
         vertex 3.074101e+001 2.100000e+001 1.018515e+001
         vertex 3.156352e+001 1.375196e+001 1.208047e+001
         vertex 3.156352e+001 2.100000e+001 1.208047e+001
      endloop
   endfacet
   facet normal -9.436646e-001 0.000000e+000 3.309036e-001
      outer loop
         vertex 3.156352e+001 2.100000e+001 1.208047e+001
         vertex 3.156352e+001 1.375196e+001 1.208047e+001
         vertex 3.162250e+001 1.450102e+001 1.224974e+001
      endloop
   endfacet
   facet normal -9.460564e-001 0.000000e+000 3.240021e-001
      outer loop
         vertex 3.156352e+001 2.100000e+001 1.208047e+001
         vertex 3.162250e+001 1.450102e+001 1.224974e+001
         vertex 3.167117e+001 1.491071e+001 1.239450e+001
      endloop
   endfacet
   facet normal -9.460566e-001 0.000000e+000 3.240015e-001
      outer loop
         vertex 3.167114e+001 1.108955e+001 1.239439e+001
         vertex 3.162255e+001 1.149856e+001 1.224987e+001
         vertex 3.156352e+001 0.000000e+000 1.208047e+001
      endloop
   endfacet
   facet normal -9.484558e-001 0.000000e+000 3.169095e-001
      outer loop
         vertex 3.167114e+001 1.108955e+001 1.239439e+001
         vertex 3.156352e+001 0.000000e+000 1.208047e+001
         vertex 3.172898e+001 1.069409e+001 1.257306e+001
      endloop
   endfacet
   facet normal -9.579189e-001 0.000000e+000 2.870388e-001
      outer loop
         vertex 3.194017e+001 9.614464e+000 1.330243e+001
         vertex 3.186584e+001 9.952202e+000 1.302974e+001
         vertex 3.156352e+001 0.000000e+000 1.208047e+001
      endloop
   endfacet
   facet normal -9.544605e-001 0.000000e+000 2.983373e-001
      outer loop
         vertex 3.156352e+001 0.000000e+000 1.208047e+001
         vertex 3.186584e+001 9.952202e+000 1.302974e+001
         vertex 3.179464e+001 1.031337e+001 1.278564e+001
      endloop
   endfacet
   facet normal -9.512781e-001 0.000000e+000 3.083342e-001
      outer loop
         vertex 3.156352e+001 0.000000e+000 1.208047e+001
         vertex 3.179464e+001 1.031337e+001 1.278564e+001
         vertex 3.172898e+001 1.069409e+001 1.257306e+001
      endloop
   endfacet
   facet normal -9.680803e-001 0.000000e+000 2.506405e-001
      outer loop
         vertex 3.212051e+001 8.903705e+000 1.407007e+001
         vertex 3.209072e+001 9.012947e+000 1.392990e+001
         vertex 3.156352e+001 0.000000e+000 1.208047e+001
      endloop
   endfacet
   facet normal -9.653804e-001 0.000000e+000 2.608460e-001
      outer loop
         vertex 3.156352e+001 0.000000e+000 1.208047e+001
         vertex 3.209072e+001 9.012947e+000 1.392990e+001
         vertex 3.201566e+001 9.301365e+000 1.360236e+001
      endloop
   endfacet
   facet normal -9.615773e-001 0.000000e+000 2.745343e-001
      outer loop
         vertex 3.156352e+001 0.000000e+000 1.208047e+001
         vertex 3.201566e+001 9.301365e+000 1.360236e+001
         vertex 3.194017e+001 9.614464e+000 1.330243e+001
      endloop
   endfacet
   facet normal -9.257217e-001 0.000000e+000 3.782055e-001
      outer loop
         vertex 3.154536e+001 1.278288e+001 1.202960e+001
         vertex 3.074101e+001 0.000000e+000 1.018515e+001
         vertex 3.156352e+001 1.224804e+001 1.208047e+001
      endloop
   endfacet
   facet normal -9.261709e-001 0.000000e+000 3.771039e-001
      outer loop
         vertex 3.156352e+001 1.224804e+001 1.208047e+001
         vertex 3.074101e+001 0.000000e+000 1.018515e+001
         vertex 3.156352e+001 0.000000e+000 1.208047e+001
      endloop
   endfacet
   facet normal -9.429222e-001 0.000000e+000 3.330132e-001
      outer loop
         vertex 3.156352e+001 1.224804e+001 1.208047e+001
         vertex 3.156352e+001 0.000000e+000 1.208047e+001
         vertex 3.158905e+001 1.192382e+001 1.215375e+001
      endloop
   endfacet
   facet normal -9.442292e-001 0.000000e+000 3.292889e-001
      outer loop
         vertex 3.158905e+001 1.192382e+001 1.215375e+001
         vertex 3.156352e+001 0.000000e+000 1.208047e+001
         vertex 3.162255e+001 1.149856e+001 1.224987e+001
      endloop
   endfacet
   facet normal -9.688665e-001 0.000000e+000 2.475837e-001
      outer loop
         vertex 3.156352e+001 0.000000e+000 1.208047e+001
         vertex 3.212051e+001 0.000000e+000 1.407007e+001
         vertex 3.212051e+001 8.903705e+000 1.407007e+001
      endloop
   endfacet
   facet normal -9.816740e-001 0.000000e+000 1.905682e-001
      outer loop
         vertex 3.212051e+001 8.903705e+000 1.407007e+001
         vertex 3.212051e+001 0.000000e+000 1.407007e+001
         vertex 3.222919e+001 0.000000e+000 1.465000e+001
      endloop
   endfacet
   facet normal -9.840655e-001 0.000000e+000 1.778063e-001
      outer loop
         vertex 3.212051e+001 8.903705e+000 1.407007e+001
         vertex 3.222919e+001 0.000000e+000 1.465000e+001
         vertex 3.222919e+001 8.526117e+000 1.465000e+001
      endloop
   endfacet
   facet normal 6.976951e-001 0.000000e+000 7.163948e-001
      outer loop
         vertex 6.234471e+000 2.100000e+001 6.788212e+000
         vertex 6.234471e+000 0.000000e+000 6.788212e+000
         vertex 7.747062e+000 0.000000e+000 5.380792e+000
      endloop
   endfacet
   facet normal 6.643459e-001 0.000000e+000 7.474253e-001
      outer loop
         vertex 6.234471e+000 2.100000e+001 6.788212e+000
         vertex 7.747062e+000 0.000000e+000 5.380792e+000
         vertex 7.747062e+000 2.100000e+001 5.380792e+000
      endloop
   endfacet
   facet normal 5.937355e-001 0.000000e+000 8.046603e-001
      outer loop
         vertex 7.747062e+000 2.100000e+001 5.380792e+000
         vertex 7.747062e+000 0.000000e+000 5.380792e+000
         vertex 9.437077e+000 0.000000e+000 4.192261e+000
      endloop
   endfacet
   facet normal 5.564743e-001 0.000000e+000 8.308648e-001
      outer loop
         vertex 7.747062e+000 2.100000e+001 5.380792e+000
         vertex 9.437077e+000 0.000000e+000 4.192261e+000
         vertex 9.437077e+000 2.100000e+001 4.192261e+000
      endloop
   endfacet
   facet normal 4.787332e-001 0.000000e+000 8.779604e-001
      outer loop
         vertex 9.437077e+000 2.100000e+001 4.192261e+000
         vertex 9.437077e+000 0.000000e+000 4.192261e+000
         vertex 1.127309e+001 0.000000e+000 3.244724e+000
      endloop
   endfacet
   facet normal 4.382532e-001 0.000000e+000 8.988516e-001
      outer loop
         vertex 9.437077e+000 2.100000e+001 4.192261e+000
         vertex 1.127309e+001 0.000000e+000 3.244724e+000
         vertex 1.127309e+001 2.100000e+001 3.244724e+000
      endloop
   endfacet
   facet normal 3.548273e-001 0.000000e+000 9.349319e-001
      outer loop
         vertex 1.127309e+001 2.100000e+001 3.244724e+000
         vertex 1.127309e+001 0.000000e+000 3.244724e+000
         vertex 1.322094e+001 0.000000e+000 2.555802e+000
      endloop
   endfacet
   facet normal 3.118813e-001 0.000000e+000 9.501210e-001
      outer loop
         vertex 1.127309e+001 2.100000e+001 3.244724e+000
         vertex 1.322094e+001 0.000000e+000 2.555802e+000
         vertex 1.322094e+001 2.100000e+001 2.555802e+000
      endloop
   endfacet
   facet normal 2.243221e-001 0.000000e+000 9.745151e-001
      outer loop
         vertex 1.322094e+001 2.100000e+001 2.555802e+000
         vertex 1.322094e+001 0.000000e+000 2.555802e+000
         vertex 1.524442e+001 0.000000e+000 2.138311e+000
      endloop
   endfacet
   facet normal 1.797089e-001 0.000000e+000 9.837198e-001
      outer loop
         vertex 1.322094e+001 2.100000e+001 2.555802e+000
         vertex 1.524442e+001 0.000000e+000 2.138311e+000
         vertex 1.524442e+001 2.100000e+001 2.138311e+000
      endloop
   endfacet
   facet normal 8.964493e-002 0.000000e+000 9.959738e-001
      outer loop
         vertex 1.524442e+001 2.100000e+001 2.138311e+000
         vertex 1.524442e+001 0.000000e+000 2.138311e+000
         vertex 1.730588e+001 0.000000e+000 2.000013e+000
      endloop
   endfacet
   facet normal 4.419418e-002 0.000000e+000 9.990230e-001
      outer loop
         vertex 1.524442e+001 2.100000e+001 2.138311e+000
         vertex 1.730588e+001 0.000000e+000 2.000013e+000
         vertex 1.730588e+001 2.100000e+001 2.000013e+000
      endloop
   endfacet
   facet normal -4.669952e-002 0.000000e+000 9.989090e-001
      outer loop
         vertex 1.730588e+001 2.100000e+001 2.000013e+000
         vertex 1.730588e+001 0.000000e+000 2.000013e+000
         vertex 1.936699e+001 0.000000e+000 2.143481e+000
      endloop
   endfacet
   facet normal -9.214247e-002 0.000000e+000 9.957458e-001
      outer loop
         vertex 1.730588e+001 2.100000e+001 2.000013e+000
         vertex 1.936699e+001 0.000000e+000 2.143481e+000
         vertex 1.936699e+001 2.100000e+001 2.143481e+000
      endloop
   endfacet
   facet normal -1.821754e-001 0.000000e+000 9.832660e-001
      outer loop
         vertex 1.936699e+001 2.100000e+001 2.143481e+000
         vertex 1.936699e+001 0.000000e+000 2.143481e+000
         vertex 2.138942e+001 0.000000e+000 2.566046e+000
      endloop
   endfacet
   facet normal -2.267654e-001 0.000000e+000 9.739494e-001
      outer loop
         vertex 1.936699e+001 2.100000e+001 2.143481e+000
         vertex 2.138942e+001 0.000000e+000 2.566046e+000
         vertex 2.138942e+001 2.100000e+001 2.566046e+000
      endloop
   endfacet
   facet normal -3.142632e-001 0.000000e+000 9.493359e-001
      outer loop
         vertex 2.138942e+001 2.100000e+001 2.566046e+000
         vertex 2.138942e+001 0.000000e+000 2.566046e+000
         vertex 2.333554e+001 0.000000e+000 3.259850e+000
      endloop
   endfacet
   facet normal -3.571709e-001 0.000000e+000 9.340391e-001
      outer loop
         vertex 2.138942e+001 2.100000e+001 2.566046e+000
         vertex 2.333554e+001 0.000000e+000 3.259850e+000
         vertex 2.333554e+001 2.100000e+001 3.259850e+000
      endloop
   endfacet
   facet normal -4.405061e-001 0.000000e+000 8.977496e-001
      outer loop
         vertex 2.333554e+001 2.100000e+001 3.259850e+000
         vertex 2.333554e+001 0.000000e+000 3.259850e+000
         vertex 2.516917e+001 0.000000e+000 4.211988e+000
      endloop
   endfacet
   facet normal -4.809336e-001 0.000000e+000 8.767571e-001
      outer loop
         vertex 2.333554e+001 2.100000e+001 3.259850e+000
         vertex 2.516917e+001 0.000000e+000 4.211988e+000
         vertex 2.516917e+001 2.100000e+001 4.211988e+000
      endloop
   endfacet
   facet normal -5.585564e-001 0.000000e+000 8.294666e-001
      outer loop
         vertex 2.516917e+001 2.100000e+001 4.211988e+000
         vertex 2.516917e+001 0.000000e+000 4.211988e+000
         vertex 2.685620e+001 0.000000e+000 5.404755e+000
      endloop
   endfacet
   facet normal -5.957516e-001 0.000000e+000 8.031688e-001
      outer loop
         vertex 2.516917e+001 2.100000e+001 4.211988e+000
         vertex 2.685620e+001 0.000000e+000 5.404755e+000
         vertex 2.685620e+001 2.100000e+001 5.404755e+000
      endloop
   endfacet
   facet normal -6.662183e-001 0.000000e+000 7.457567e-001
      outer loop
         vertex 2.685620e+001 2.100000e+001 5.404755e+000
         vertex 2.685620e+001 0.000000e+000 5.404755e+000
         vertex 2.836525e+001 0.000000e+000 6.815962e+000
      endloop
   endfacet
   facet normal -6.994896e-001 0.000000e+000 7.146427e-001
      outer loop
         vertex 2.685620e+001 2.100000e+001 5.404755e+000
         vertex 2.836525e+001 0.000000e+000 6.815962e+000
         vertex 2.836525e+001 2.100000e+001 6.815962e+000
      endloop
   endfacet
   facet normal -7.614896e-001 0.000000e+000 6.481771e-001
      outer loop
         vertex 2.836525e+001 2.100000e+001 6.815962e+000
         vertex 2.836525e+001 0.000000e+000 6.815962e+000
         vertex 2.966826e+001 0.000000e+000 8.419369e+000
      endloop
   endfacet
   facet normal -7.902182e-001 0.000000e+000 6.128255e-001
      outer loop
         vertex 2.836525e+001 2.100000e+001 6.815962e+000
         vertex 2.966826e+001 0.000000e+000 8.419369e+000
         vertex 2.966826e+001 2.100000e+001 8.419369e+000
      endloop
   endfacet
   facet normal -8.425984e-001 0.000000e+000 5.385423e-001
      outer loop
         vertex 2.966826e+001 2.100000e+001 8.419369e+000
         vertex 2.966826e+001 0.000000e+000 8.419369e+000
         vertex 3.074101e+001 0.000000e+000 1.018515e+001
      endloop
   endfacet
   facet normal -8.662500e-001 0.000000e+000 4.996107e-001
      outer loop
         vertex 2.966826e+001 2.100000e+001 8.419369e+000
         vertex 3.074101e+001 0.000000e+000 1.018515e+001
         vertex 3.074101e+001 2.100000e+001 1.018515e+001
      endloop
   endfacet
   facet normal -9.075388e-001 0.000000e+000 4.199682e-001
      outer loop
         vertex 3.074101e+001 2.100000e+001 1.018515e+001
         vertex 3.074101e+001 0.000000e+000 1.018515e+001
         vertex 3.154536e+001 1.278288e+001 1.202960e+001
      endloop
   endfacet
   facet normal -9.252712e-001 0.000000e+000 3.793063e-001
      outer loop
         vertex 3.074101e+001 2.100000e+001 1.018515e+001
         vertex 3.154536e+001 1.278288e+001 1.202960e+001
         vertex 3.154536e+001 1.321721e+001 1.202960e+001
      endloop
   endfacet
   facet normal -9.075388e-001 0.000000e+000 -4.199682e-001
      outer loop
         vertex 3.154536e+001 1.278288e+001 2.227040e+001
         vertex 3.074101e+001 0.000000e+000 2.411485e+001
         vertex 3.074101e+001 2.100000e+001 2.411485e+001
      endloop
   endfacet
   facet normal -8.662500e-001 0.000000e+000 -4.996108e-001
      outer loop
         vertex 3.074101e+001 2.100000e+001 2.411485e+001
         vertex 3.074101e+001 0.000000e+000 2.411485e+001
         vertex 2.966826e+001 0.000000e+000 2.588063e+001
      endloop
   endfacet
   facet normal -8.425984e-001 0.000000e+000 -5.385423e-001
      outer loop
         vertex 3.074101e+001 2.100000e+001 2.411485e+001
         vertex 2.966826e+001 0.000000e+000 2.588063e+001
         vertex 2.966826e+001 2.100000e+001 2.588063e+001
      endloop
   endfacet
   facet normal -7.902182e-001 0.000000e+000 -6.128255e-001
      outer loop
         vertex 2.966826e+001 2.100000e+001 2.588063e+001
         vertex 2.966826e+001 0.000000e+000 2.588063e+001
         vertex 2.836525e+001 0.000000e+000 2.748404e+001
      endloop
   endfacet
   facet normal -7.614896e-001 0.000000e+000 -6.481771e-001
      outer loop
         vertex 2.966826e+001 2.100000e+001 2.588063e+001
         vertex 2.836525e+001 0.000000e+000 2.748404e+001
         vertex 2.836525e+001 2.100000e+001 2.748404e+001
      endloop
   endfacet
   facet normal -6.994896e-001 0.000000e+000 -7.146427e-001
      outer loop
         vertex 2.836525e+001 2.100000e+001 2.748404e+001
         vertex 2.836525e+001 0.000000e+000 2.748404e+001
         vertex 2.685620e+001 0.000000e+000 2.889525e+001
      endloop
   endfacet
   facet normal -6.662183e-001 0.000000e+000 -7.457567e-001
      outer loop
         vertex 2.836525e+001 2.100000e+001 2.748404e+001
         vertex 2.685620e+001 0.000000e+000 2.889525e+001
         vertex 2.685620e+001 2.100000e+001 2.889525e+001
      endloop
   endfacet
   facet normal -5.957516e-001 0.000000e+000 -8.031688e-001
      outer loop
         vertex 2.685620e+001 2.100000e+001 2.889525e+001
         vertex 2.685620e+001 0.000000e+000 2.889525e+001
         vertex 2.516917e+001 0.000000e+000 3.008801e+001
      endloop
   endfacet
   facet normal -5.585564e-001 0.000000e+000 -8.294666e-001
      outer loop
         vertex 2.685620e+001 2.100000e+001 2.889525e+001
         vertex 2.516917e+001 0.000000e+000 3.008801e+001
         vertex 2.516917e+001 2.100000e+001 3.008801e+001
      endloop
   endfacet
   facet normal -4.809336e-001 0.000000e+000 -8.767571e-001
      outer loop
         vertex 2.516917e+001 2.100000e+001 3.008801e+001
         vertex 2.516917e+001 0.000000e+000 3.008801e+001
         vertex 2.333554e+001 0.000000e+000 3.104015e+001
      endloop
   endfacet
   facet normal -4.405061e-001 0.000000e+000 -8.977496e-001
      outer loop
         vertex 2.516917e+001 2.100000e+001 3.008801e+001
         vertex 2.333554e+001 0.000000e+000 3.104015e+001
         vertex 2.333554e+001 2.100000e+001 3.104015e+001
      endloop
   endfacet
   facet normal -3.571709e-001 0.000000e+000 -9.340391e-001
      outer loop
         vertex 2.333554e+001 2.100000e+001 3.104015e+001
         vertex 2.333554e+001 0.000000e+000 3.104015e+001
         vertex 2.138942e+001 0.000000e+000 3.173396e+001
      endloop
   endfacet
   facet normal -3.142632e-001 0.000000e+000 -9.493359e-001
      outer loop
         vertex 2.333554e+001 2.100000e+001 3.104015e+001
         vertex 2.138942e+001 0.000000e+000 3.173396e+001
         vertex 2.138942e+001 2.100000e+001 3.173396e+001
      endloop
   endfacet
   facet normal -2.267654e-001 0.000000e+000 -9.739494e-001
      outer loop
         vertex 2.138942e+001 2.100000e+001 3.173396e+001
         vertex 2.138942e+001 0.000000e+000 3.173396e+001
         vertex 1.936699e+001 0.000000e+000 3.215652e+001
      endloop
   endfacet
   facet normal -1.821754e-001 0.000000e+000 -9.832660e-001
      outer loop
         vertex 2.138942e+001 2.100000e+001 3.173396e+001
         vertex 1.936699e+001 0.000000e+000 3.215652e+001
         vertex 1.936699e+001 2.100000e+001 3.215652e+001
      endloop
   endfacet
   facet normal -9.214247e-002 0.000000e+000 -9.957458e-001
      outer loop
         vertex 1.936699e+001 2.100000e+001 3.215652e+001
         vertex 1.936699e+001 0.000000e+000 3.215652e+001
         vertex 1.730588e+001 0.000000e+000 3.229999e+001
      endloop
   endfacet
   facet normal -4.669952e-002 0.000000e+000 -9.989090e-001
      outer loop
         vertex 1.936699e+001 2.100000e+001 3.215652e+001
         vertex 1.730588e+001 0.000000e+000 3.229999e+001
         vertex 1.730588e+001 2.100000e+001 3.229999e+001
      endloop
   endfacet
   facet normal 4.419418e-002 0.000000e+000 -9.990230e-001
      outer loop
         vertex 1.730588e+001 2.100000e+001 3.229999e+001
         vertex 1.730588e+001 0.000000e+000 3.229999e+001
         vertex 1.524442e+001 0.000000e+000 3.216169e+001
      endloop
   endfacet
   facet normal 8.964493e-002 0.000000e+000 -9.959738e-001
      outer loop
         vertex 1.730588e+001 2.100000e+001 3.229999e+001
         vertex 1.524442e+001 0.000000e+000 3.216169e+001
         vertex 1.524442e+001 2.100000e+001 3.216169e+001
      endloop
   endfacet
   facet normal 1.797089e-001 0.000000e+000 -9.837198e-001
      outer loop
         vertex 1.524442e+001 2.100000e+001 3.216169e+001
         vertex 1.524442e+001 0.000000e+000 3.216169e+001
         vertex 1.322094e+001 0.000000e+000 3.174420e+001
      endloop
   endfacet
   facet normal 2.243221e-001 0.000000e+000 -9.745151e-001
      outer loop
         vertex 1.524442e+001 2.100000e+001 3.216169e+001
         vertex 1.322094e+001 0.000000e+000 3.174420e+001
         vertex 1.322094e+001 2.100000e+001 3.174420e+001
      endloop
   endfacet
   facet normal 3.118813e-001 0.000000e+000 -9.501211e-001
      outer loop
         vertex 1.322094e+001 2.100000e+001 3.174420e+001
         vertex 1.322094e+001 0.000000e+000 3.174420e+001
         vertex 1.127309e+001 0.000000e+000 3.105528e+001
      endloop
   endfacet
   facet normal 3.548273e-001 0.000000e+000 -9.349319e-001
      outer loop
         vertex 1.322094e+001 2.100000e+001 3.174420e+001
         vertex 1.127309e+001 0.000000e+000 3.105528e+001
         vertex 1.127309e+001 2.100000e+001 3.105528e+001
      endloop
   endfacet
   facet normal 4.382532e-001 0.000000e+000 -8.988516e-001
      outer loop
         vertex 1.127309e+001 2.100000e+001 3.105528e+001
         vertex 1.127309e+001 0.000000e+000 3.105528e+001
         vertex 9.437077e+000 0.000000e+000 3.010774e+001
      endloop
   endfacet
   facet normal 4.787332e-001 0.000000e+000 -8.779604e-001
      outer loop
         vertex 1.127309e+001 2.100000e+001 3.105528e+001
         vertex 9.437077e+000 0.000000e+000 3.010774e+001
         vertex 9.437077e+000 2.100000e+001 3.010774e+001
      endloop
   endfacet
   facet normal 5.564743e-001 0.000000e+000 -8.308648e-001
      outer loop
         vertex 9.437077e+000 2.100000e+001 3.010774e+001
         vertex 9.437077e+000 0.000000e+000 3.010774e+001
         vertex 7.747062e+000 0.000000e+000 2.891921e+001
      endloop
   endfacet
   facet normal 5.937355e-001 0.000000e+000 -8.046603e-001
      outer loop
         vertex 9.437077e+000 2.100000e+001 3.010774e+001
         vertex 7.747062e+000 0.000000e+000 2.891921e+001
         vertex 7.747062e+000 2.100000e+001 2.891921e+001
      endloop
   endfacet
   facet normal 6.643459e-001 0.000000e+000 -7.474253e-001
      outer loop
         vertex 7.747062e+000 2.100000e+001 2.891921e+001
         vertex 7.747062e+000 0.000000e+000 2.891921e+001
         vertex 6.234471e+000 0.000000e+000 2.751179e+001
      endloop
   endfacet
   facet normal 6.976951e-001 0.000000e+000 -7.163948e-001
      outer loop
         vertex 7.747062e+000 2.100000e+001 2.891921e+001
         vertex 6.234471e+000 0.000000e+000 2.751179e+001
         vertex 6.234471e+000 2.100000e+001 2.751179e+001
      endloop
   endfacet
   facet normal -4.153255e-002 0.000000e+000 -9.991372e-001
      outer loop
         vertex 1.728689e+001 2.100000e+001 0.000000e+000
         vertex 1.728689e+001 0.000000e+000 0.000000e+000
         vertex 1.515373e+001 0.000000e+000 1.331810e-001
      endloop
   endfacet
   facet normal -8.306510e-002 0.000000e+000 -9.965441e-001
      outer loop
         vertex 1.728689e+001 2.100000e+001 0.000000e+000
         vertex 1.515373e+001 0.000000e+000 1.331810e-001
         vertex 1.515373e+001 2.100000e+001 1.331810e-001
      endloop
   endfacet
   facet normal -1.654851e-001 0.000000e+000 -9.862123e-001
      outer loop
         vertex 1.515373e+001 2.100000e+001 1.331810e-001
         vertex 1.515373e+001 0.000000e+000 1.331810e-001
         vertex 1.305370e+001 0.000000e+000 5.306565e-001
      endloop
   endfacet
   facet normal -2.063726e-001 0.000000e+000 -9.784735e-001
      outer loop
         vertex 1.515373e+001 2.100000e+001 1.331810e-001
         vertex 1.305370e+001 0.000000e+000 5.306565e-001
         vertex 1.305370e+001 2.100000e+001 5.306565e-001
      endloop
   endfacet
   facet normal -2.868676e-001 0.000000e+000 -9.579703e-001
      outer loop
         vertex 1.305370e+001 2.100000e+001 5.306565e-001
         vertex 1.305370e+001 0.000000e+000 5.306565e-001
         vertex 1.101942e+001 0.000000e+000 1.186250e+000
      endloop
   endfacet
   facet normal -3.264750e-001 0.000000e+000 -9.452059e-001
      outer loop
         vertex 1.305370e+001 2.100000e+001 5.306565e-001
         vertex 1.101942e+001 0.000000e+000 1.186250e+000
         vertex 1.101942e+001 2.100000e+001 1.186250e+000
      endloop
   endfacet
   facet normal -4.037946e-001 0.000000e+000 -9.148498e-001
      outer loop
         vertex 1.101942e+001 2.100000e+001 1.186250e+000
         vertex 1.101942e+001 0.000000e+000 1.186250e+000
         vertex 9.082478e+000 0.000000e+000 2.089782e+000
      endloop
   endfacet
   facet normal -4.415067e-001 0.000000e+000 -8.972580e-001
      outer loop
         vertex 1.101942e+001 2.100000e+001 1.186250e+000
         vertex 9.082478e+000 0.000000e+000 2.089782e+000
         vertex 9.082478e+000 2.100000e+001 2.089782e+000
      endloop
   endfacet
   facet normal -5.144500e-001 0.000000e+000 -8.575203e-001
      outer loop
         vertex 9.082478e+000 2.100000e+001 2.089782e+000
         vertex 9.082478e+000 0.000000e+000 2.089782e+000
         vertex 7.272963e+000 0.000000e+000 3.227219e+000
      endloop
   endfacet
   facet normal -5.496812e-001 0.000000e+000 -8.353745e-001
      outer loop
         vertex 9.082478e+000 2.100000e+001 2.089782e+000
         vertex 7.272963e+000 0.000000e+000 3.227219e+000
         vertex 7.272963e+000 2.100000e+001 3.227219e+000
      endloop
   endfacet
   facet normal -6.171154e-001 0.000000e+000 -7.868726e-001
      outer loop
         vertex 7.272963e+000 2.100000e+001 3.227219e+000
         vertex 7.272963e+000 0.000000e+000 3.227219e+000
         vertex 5.618979e+000 0.000000e+000 4.580894e+000
      endloop
   endfacet
   facet normal -6.493185e-001 0.000000e+000 -7.605165e-001
      outer loop
         vertex 7.272963e+000 2.100000e+001 3.227219e+000
         vertex 5.618979e+000 0.000000e+000 4.580894e+000
         vertex 5.618979e+000 2.100000e+001 4.580894e+000
      endloop
   endfacet
   facet normal -7.101963e-001 0.000000e+000 -7.040037e-001
      outer loop
         vertex 5.618979e+000 2.100000e+001 4.580894e+000
         vertex 5.618979e+000 0.000000e+000 4.580894e+000
         vertex 4.146211e+000 0.000000e+000 6.129785e+000
      endloop
   endfacet
   facet normal -7.388711e-001 0.000000e+000 -6.738468e-001
      outer loop
         vertex 5.618979e+000 2.100000e+001 4.580894e+000
         vertex 4.146211e+000 0.000000e+000 6.129785e+000
         vertex 4.146211e+000 2.100000e+001 6.129785e+000
      endloop
   endfacet
   facet normal -1.000000e+000 0.000000e+000 0.000000e+000
      outer loop
         vertex 5.528688e+001 7.000000e+000 3.365000e+001
         vertex 5.528688e+001 1.900000e+001 3.365000e+001
         vertex 5.528688e+001 7.000000e+000 1.650000e+000
      endloop
   endfacet
   facet normal -1.000000e+000 0.000000e+000 0.000000e+000
      outer loop
         vertex 5.528688e+001 7.000000e+000 1.650000e+000
         vertex 5.528688e+001 1.900000e+001 3.365000e+001
         vertex 5.528688e+001 1.900000e+001 1.650000e+000
      endloop
   endfacet
   facet normal 0.000000e+000 -1.000000e+000 0.000000e+000
      outer loop
         vertex 5.398689e+001 1.900000e+001 1.140000e+001
         vertex 5.398689e+001 1.900000e+001 1.650000e+000
         vertex 5.528688e+001 1.900000e+001 1.650000e+000
      endloop
   endfacet
   facet normal 0.000000e+000 -1.000000e+000 0.000000e+000
      outer loop
         vertex 3.828688e+001 1.900000e+001 3.365000e+001
         vertex 3.828688e+001 1.900000e+001 1.650000e+000
         vertex 3.958689e+001 1.900000e+001 1.140000e+001
      endloop
   endfacet
   facet normal 0.000000e+000 -1.000000e+000 0.000000e+000
      outer loop
         vertex 3.958689e+001 1.900000e+001 1.140000e+001
         vertex 3.828688e+001 1.900000e+001 1.650000e+000
         vertex 3.958689e+001 1.900000e+001 1.650000e+000
      endloop
   endfacet
   facet normal 0.000000e+000 -1.000000e+000 0.000000e+000
      outer loop
         vertex 5.336575e+001 1.900000e+001 2.368002e+001
         vertex 5.306954e+001 1.900000e+001 2.354189e+001
         vertex 5.528688e+001 1.900000e+001 1.650000e+000
      endloop
   endfacet
   facet normal 0.000000e+000 -1.000000e+000 0.000000e+000
      outer loop
         vertex 5.336575e+001 1.900000e+001 2.368002e+001
         vertex 5.528688e+001 1.900000e+001 1.650000e+000
         vertex 5.363348e+001 1.900000e+001 2.386748e+001
      endloop
   endfacet
   facet normal 0.000000e+000 -1.000000e+000 0.000000e+000
      outer loop
         vertex 5.306954e+001 1.900000e+001 2.354189e+001
         vertex 5.275385e+001 1.900000e+001 2.345730e+001
         vertex 5.528688e+001 1.900000e+001 1.650000e+000
      endloop
   endfacet
   facet normal 0.000000e+000 -1.000000e+000 0.000000e+000
      outer loop
         vertex 5.528688e+001 1.900000e+001 1.650000e+000
         vertex 5.275385e+001 1.900000e+001 2.345730e+001
         vertex 5.242825e+001 1.900000e+001 2.342881e+001
      endloop
   endfacet
   facet normal 0.000000e+000 -1.000000e+000 0.000000e+000
      outer loop
         vertex 5.528688e+001 1.900000e+001 1.650000e+000
         vertex 5.242825e+001 1.900000e+001 2.342881e+001
         vertex 5.398689e+001 1.900000e+001 1.140000e+001
      endloop
   endfacet
   facet normal 0.000000e+000 -1.000000e+000 0.000000e+000
      outer loop
         vertex 4.378696e+001 1.900000e+001 2.354189e+001
         vertex 4.349075e+001 1.900000e+001 2.368002e+001
         vertex 3.958689e+001 1.900000e+001 1.140000e+001
      endloop
   endfacet
   facet normal 0.000000e+000 -1.000000e+000 0.000000e+000
      outer loop
         vertex 4.378696e+001 1.900000e+001 2.354189e+001
         vertex 3.958689e+001 1.900000e+001 1.140000e+001
         vertex 4.410266e+001 1.900000e+001 2.345730e+001
      endloop
   endfacet
   facet normal 0.000000e+000 -1.000000e+000 0.000000e+000
      outer loop
         vertex 4.349075e+001 1.900000e+001 2.368002e+001
         vertex 4.322302e+001 1.900000e+001 2.386748e+001
         vertex 3.958689e+001 1.900000e+001 1.140000e+001
      endloop
   endfacet
   facet normal 0.000000e+000 -1.000000e+000 0.000000e+000
      outer loop
         vertex 3.958689e+001 1.900000e+001 1.140000e+001
         vertex 4.322302e+001 1.900000e+001 2.386748e+001
         vertex 4.299192e+001 1.900000e+001 2.409859e+001
      endloop
   endfacet
   facet normal 0.000000e+000 -1.000000e+000 0.000000e+000
      outer loop
         vertex 3.958689e+001 1.900000e+001 1.140000e+001
         vertex 4.299192e+001 1.900000e+001 2.409859e+001
         vertex 4.280445e+001 1.900000e+001 2.436631e+001
      endloop
   endfacet
   facet normal 0.000000e+000 -1.000000e+000 0.000000e+000
      outer loop
         vertex 4.666633e+001 1.900000e+001 2.594510e+001
         vertex 4.680445e+001 1.900000e+001 2.624131e+001
         vertex 4.619018e+001 1.900000e+001 2.594510e+001
      endloop
   endfacet
   facet normal 0.000000e+000 -1.000000e+000 0.000000e+000
      outer loop
         vertex 4.906954e+001 1.900000e+001 2.354189e+001
         vertex 5.398689e+001 1.900000e+001 1.140000e+001
         vertex 4.936575e+001 1.900000e+001 2.368002e+001
      endloop
   endfacet
   facet normal 0.000000e+000 -1.000000e+000 0.000000e+000
      outer loop
         vertex 4.936575e+001 1.900000e+001 2.368002e+001
         vertex 5.398689e+001 1.900000e+001 1.140000e+001
         vertex 4.963348e+001 1.900000e+001 2.386748e+001
      endloop
   endfacet
   facet normal 0.000000e+000 -1.000000e+000 0.000000e+000
      outer loop
         vertex 4.378696e+001 1.900000e+001 2.706574e+001
         vertex 4.410266e+001 1.900000e+001 2.715033e+001
         vertex 3.828688e+001 1.900000e+001 3.365000e+001
      endloop
   endfacet
   facet normal 0.000000e+000 -1.000000e+000 0.000000e+000
      outer loop
         vertex 3.828688e+001 1.900000e+001 3.365000e+001
         vertex 4.410266e+001 1.900000e+001 2.715033e+001
         vertex 4.442825e+001 1.900000e+001 2.717881e+001
      endloop
   endfacet
   facet normal 0.000000e+000 -1.000000e+000 0.000000e+000
      outer loop
         vertex 3.828688e+001 1.900000e+001 3.365000e+001
         vertex 4.442825e+001 1.900000e+001 2.717881e+001
         vertex 5.528688e+001 1.900000e+001 3.365000e+001
      endloop
   endfacet
   facet normal 0.000000e+000 -1.000000e+000 0.000000e+000
      outer loop
         vertex 5.528688e+001 1.900000e+001 3.365000e+001
         vertex 4.442825e+001 1.900000e+001 2.717881e+001
         vertex 4.475384e+001 1.900000e+001 2.715033e+001
      endloop
   endfacet
   facet normal 0.000000e+000 -1.000000e+000 0.000000e+000
      outer loop
         vertex 5.528688e+001 1.900000e+001 3.365000e+001
         vertex 4.475384e+001 1.900000e+001 2.715033e+001
         vertex 4.506954e+001 1.900000e+001 2.706574e+001
      endloop
   endfacet
   facet normal 0.000000e+000 -1.000000e+000 0.000000e+000
      outer loop
         vertex 4.506954e+001 1.900000e+001 2.706574e+001
         vertex 4.536575e+001 1.900000e+001 2.692761e+001
         vertex 5.528688e+001 1.900000e+001 3.365000e+001
      endloop
   endfacet
   facet normal 0.000000e+000 -1.000000e+000 0.000000e+000
      outer loop
         vertex 5.528688e+001 1.900000e+001 3.365000e+001
         vertex 4.536575e+001 1.900000e+001 2.692761e+001
         vertex 4.563348e+001 1.900000e+001 2.674015e+001
      endloop
   endfacet
   facet normal 0.000000e+000 -1.000000e+000 0.000000e+000
      outer loop
         vertex 5.528688e+001 1.900000e+001 3.365000e+001
         vertex 4.563348e+001 1.900000e+001 2.674015e+001
         vertex 4.586459e+001 1.900000e+001 2.650904e+001
      endloop
   endfacet
   facet normal 0.000000e+000 -1.000000e+000 0.000000e+000
      outer loop
         vertex 4.986459e+001 1.900000e+001 2.409859e+001
         vertex 4.963348e+001 1.900000e+001 2.386748e+001
         vertex 5.178697e+001 1.900000e+001 2.354189e+001
      endloop
   endfacet
   facet normal 0.000000e+000 -1.000000e+000 0.000000e+000
      outer loop
         vertex 5.178697e+001 1.900000e+001 2.354189e+001
         vertex 4.963348e+001 1.900000e+001 2.386748e+001
         vertex 5.398689e+001 1.900000e+001 1.140000e+001
      endloop
   endfacet
   facet normal 0.000000e+000 -1.000000e+000 0.000000e+000
      outer loop
         vertex 5.178697e+001 1.900000e+001 2.354189e+001
         vertex 5.398689e+001 1.900000e+001 1.140000e+001
         vertex 5.210266e+001 1.900000e+001 2.345730e+001
      endloop
   endfacet
   facet normal 0.000000e+000 -1.000000e+000 0.000000e+000
      outer loop
         vertex 5.210266e+001 1.900000e+001 2.345730e+001
         vertex 5.398689e+001 1.900000e+001 1.140000e+001
         vertex 5.242825e+001 1.900000e+001 2.342881e+001
      endloop
   endfacet
   facet normal 0.000000e+000 -1.000000e+000 0.000000e+000
      outer loop
         vertex 4.280445e+001 1.900000e+001 2.436631e+001
         vertex 4.266633e+001 1.900000e+001 2.466253e+001
         vertex 3.958689e+001 1.900000e+001 1.140000e+001
      endloop
   endfacet
   facet normal 0.000000e+000 -1.000000e+000 0.000000e+000
      outer loop
         vertex 3.958689e+001 1.900000e+001 1.140000e+001
         vertex 4.266633e+001 1.900000e+001 2.466253e+001
         vertex 4.258174e+001 1.900000e+001 2.497822e+001
      endloop
   endfacet
   facet normal 0.000000e+000 -1.000000e+000 0.000000e+000
      outer loop
         vertex 3.958689e+001 1.900000e+001 1.140000e+001
         vertex 4.258174e+001 1.900000e+001 2.497822e+001
         vertex 3.828688e+001 1.900000e+001 3.365000e+001
      endloop
   endfacet
   facet normal 0.000000e+000 -1.000000e+000 0.000000e+000
      outer loop
         vertex 3.828688e+001 1.900000e+001 3.365000e+001
         vertex 4.258174e+001 1.900000e+001 2.497822e+001
         vertex 4.255325e+001 1.900000e+001 2.530381e+001
      endloop
   endfacet
   facet normal 0.000000e+000 -1.000000e+000 0.000000e+000
      outer loop
         vertex 3.828688e+001 1.900000e+001 3.365000e+001
         vertex 4.255325e+001 1.900000e+001 2.530381e+001
         vertex 4.258174e+001 1.900000e+001 2.562940e+001
      endloop
   endfacet
   facet normal 0.000000e+000 -1.000000e+000 0.000000e+000
      outer loop
         vertex 5.178697e+001 1.900000e+001 2.354189e+001
         vertex 5.149075e+001 1.900000e+001 2.368002e+001
         vertex 4.986459e+001 1.900000e+001 2.409859e+001
      endloop
   endfacet
   facet normal 0.000000e+000 -1.000000e+000 0.000000e+000
      outer loop
         vertex 4.986459e+001 1.900000e+001 2.409859e+001
         vertex 5.149075e+001 1.900000e+001 2.368002e+001
         vertex 5.122303e+001 1.900000e+001 2.386748e+001
      endloop
   endfacet
   facet normal 0.000000e+000 -1.000000e+000 0.000000e+000
      outer loop
         vertex 4.986459e+001 1.900000e+001 2.409859e+001
         vertex 5.122303e+001 1.900000e+001 2.386748e+001
         vertex 5.099192e+001 1.900000e+001 2.409859e+001
      endloop
   endfacet
   facet normal 0.000000e+000 -1.000000e+000 0.000000e+000
      outer loop
         vertex 4.906954e+001 1.900000e+001 2.354189e+001
         vertex 4.875384e+001 1.900000e+001 2.345730e+001
         vertex 5.398689e+001 1.900000e+001 1.140000e+001
      endloop
   endfacet
   facet normal 0.000000e+000 -1.000000e+000 0.000000e+000
      outer loop
         vertex 5.398689e+001 1.900000e+001 1.140000e+001
         vertex 4.875384e+001 1.900000e+001 2.345730e+001
         vertex 4.842825e+001 1.900000e+001 2.342881e+001
      endloop
   endfacet
   facet normal 0.000000e+000 -1.000000e+000 0.000000e+000
      outer loop
         vertex 5.398689e+001 1.900000e+001 1.140000e+001
         vertex 4.842825e+001 1.900000e+001 2.342881e+001
         vertex 3.958689e+001 1.900000e+001 1.140000e+001
      endloop
   endfacet
   facet normal 0.000000e+000 -1.000000e+000 0.000000e+000
      outer loop
         vertex 3.958689e+001 1.900000e+001 1.140000e+001
         vertex 4.842825e+001 1.900000e+001 2.342881e+001
         vertex 4.810266e+001 1.900000e+001 2.345730e+001
      endloop
   endfacet
   facet normal 0.000000e+000 -1.000000e+000 0.000000e+000
      outer loop
         vertex 3.958689e+001 1.900000e+001 1.140000e+001
         vertex 4.810266e+001 1.900000e+001 2.345730e+001
         vertex 4.778696e+001 1.900000e+001 2.354189e+001
      endloop
   endfacet
   facet normal 0.000000e+000 -1.000000e+000 0.000000e+000
      outer loop
         vertex 4.778696e+001 1.900000e+001 2.354189e+001
         vertex 4.749075e+001 1.900000e+001 2.368002e+001
         vertex 3.958689e+001 1.900000e+001 1.140000e+001
      endloop
   endfacet
   facet normal 0.000000e+000 -1.000000e+000 0.000000e+000
      outer loop
         vertex 3.958689e+001 1.900000e+001 1.140000e+001
         vertex 4.749075e+001 1.900000e+001 2.368002e+001
         vertex 4.722302e+001 1.900000e+001 2.386748e+001
      endloop
   endfacet
   facet normal 0.000000e+000 -1.000000e+000 0.000000e+000
      outer loop
         vertex 3.958689e+001 1.900000e+001 1.140000e+001
         vertex 4.722302e+001 1.900000e+001 2.386748e+001
         vertex 4.699192e+001 1.900000e+001 2.409859e+001
      endloop
   endfacet
   facet normal 0.000000e+000 -1.000000e+000 0.000000e+000
      outer loop
         vertex 5.030325e+001 1.900000e+001 2.530381e+001
         vertex 5.080445e+001 1.900000e+001 2.436631e+001
         vertex 5.066633e+001 1.900000e+001 2.466253e+001
      endloop
   endfacet
   facet normal 0.000000e+000 -1.000000e+000 0.000000e+000
      outer loop
         vertex 4.258174e+001 1.900000e+001 2.562940e+001
         vertex 4.266633e+001 1.900000e+001 2.594510e+001
         vertex 3.828688e+001 1.900000e+001 3.365000e+001
      endloop
   endfacet
   facet normal 0.000000e+000 -1.000000e+000 0.000000e+000
      outer loop
         vertex 3.828688e+001 1.900000e+001 3.365000e+001
         vertex 4.266633e+001 1.900000e+001 2.594510e+001
         vertex 4.280445e+001 1.900000e+001 2.624131e+001
      endloop
   endfacet
   facet normal 0.000000e+000 -1.000000e+000 0.000000e+000
      outer loop
         vertex 3.828688e+001 1.900000e+001 3.365000e+001
         vertex 4.280445e+001 1.900000e+001 2.624131e+001
         vertex 4.299192e+001 1.900000e+001 2.650904e+001
      endloop
   endfacet
   facet normal 0.000000e+000 -1.000000e+000 0.000000e+000
      outer loop
         vertex 4.299192e+001 1.900000e+001 2.650904e+001
         vertex 4.322302e+001 1.900000e+001 2.674015e+001
         vertex 3.828688e+001 1.900000e+001 3.365000e+001
      endloop
   endfacet
   facet normal 0.000000e+000 -1.000000e+000 0.000000e+000
      outer loop
         vertex 3.828688e+001 1.900000e+001 3.365000e+001
         vertex 4.322302e+001 1.900000e+001 2.674015e+001
         vertex 4.349075e+001 1.900000e+001 2.692761e+001
      endloop
   endfacet
   facet normal 0.000000e+000 -1.000000e+000 0.000000e+000
      outer loop
         vertex 3.828688e+001 1.900000e+001 3.365000e+001
         vertex 4.349075e+001 1.900000e+001 2.692761e+001
         vertex 4.378696e+001 1.900000e+001 2.706574e+001
      endloop
   endfacet
   facet normal 0.000000e+000 -1.000000e+000 0.000000e+000
      outer loop
         vertex 5.030325e+001 1.900000e+001 2.530381e+001
         vertex 5.027477e+001 1.900000e+001 2.497822e+001
         vertex 5.080445e+001 1.900000e+001 2.436631e+001
      endloop
   endfacet
   facet normal 0.000000e+000 -1.000000e+000 0.000000e+000
      outer loop
         vertex 5.080445e+001 1.900000e+001 2.436631e+001
         vertex 5.027477e+001 1.900000e+001 2.497822e+001
         vertex 5.019018e+001 1.900000e+001 2.466253e+001
      endloop
   endfacet
   facet normal 0.000000e+000 -1.000000e+000 0.000000e+000
      outer loop
         vertex 5.080445e+001 1.900000e+001 2.436631e+001
         vertex 5.019018e+001 1.900000e+001 2.466253e+001
         vertex 5.099192e+001 1.900000e+001 2.409859e+001
      endloop
   endfacet
   facet normal 0.000000e+000 -1.000000e+000 0.000000e+000
      outer loop
         vertex 5.099192e+001 1.900000e+001 2.409859e+001
         vertex 5.019018e+001 1.900000e+001 2.466253e+001
         vertex 5.005205e+001 1.900000e+001 2.436631e+001
      endloop
   endfacet
   facet normal 0.000000e+000 -1.000000e+000 0.000000e+000
      outer loop
         vertex 5.099192e+001 1.900000e+001 2.409859e+001
         vertex 5.005205e+001 1.900000e+001 2.436631e+001
         vertex 4.986459e+001 1.900000e+001 2.409859e+001
      endloop
   endfacet
   facet normal 0.000000e+000 -1.000000e+000 0.000000e+000
      outer loop
         vertex 4.506954e+001 1.900000e+001 2.354189e+001
         vertex 4.475384e+001 1.900000e+001 2.345730e+001
         vertex 3.958689e+001 1.900000e+001 1.140000e+001
      endloop
   endfacet
   facet normal 0.000000e+000 -1.000000e+000 0.000000e+000
      outer loop
         vertex 3.958689e+001 1.900000e+001 1.140000e+001
         vertex 4.475384e+001 1.900000e+001 2.345730e+001
         vertex 4.442825e+001 1.900000e+001 2.342881e+001
      endloop
   endfacet
   facet normal 0.000000e+000 -1.000000e+000 0.000000e+000
      outer loop
         vertex 3.958689e+001 1.900000e+001 1.140000e+001
         vertex 4.442825e+001 1.900000e+001 2.342881e+001
         vertex 4.410266e+001 1.900000e+001 2.345730e+001
      endloop
   endfacet
   facet normal 0.000000e+000 -1.000000e+000 0.000000e+000
      outer loop
         vertex 5.419017e+001 1.900000e+001 2.466253e+001
         vertex 5.405205e+001 1.900000e+001 2.436631e+001
         vertex 5.528688e+001 1.900000e+001 1.650000e+000
      endloop
   endfacet
   facet normal 0.000000e+000 -1.000000e+000 0.000000e+000
      outer loop
         vertex 5.528688e+001 1.900000e+001 1.650000e+000
         vertex 5.405205e+001 1.900000e+001 2.436631e+001
         vertex 5.386458e+001 1.900000e+001 2.409859e+001
      endloop
   endfacet
   facet normal 0.000000e+000 -1.000000e+000 0.000000e+000
      outer loop
         vertex 5.528688e+001 1.900000e+001 1.650000e+000
         vertex 5.386458e+001 1.900000e+001 2.409859e+001
         vertex 5.363348e+001 1.900000e+001 2.386748e+001
      endloop
   endfacet
   facet normal 0.000000e+000 -1.000000e+000 0.000000e+000
      outer loop
         vertex 4.666633e+001 1.900000e+001 2.594510e+001
         vertex 4.619018e+001 1.900000e+001 2.594510e+001
         vertex 4.658174e+001 1.900000e+001 2.562940e+001
      endloop
   endfacet
   facet normal 0.000000e+000 -1.000000e+000 0.000000e+000
      outer loop
         vertex 4.658174e+001 1.900000e+001 2.562940e+001
         vertex 4.619018e+001 1.900000e+001 2.594510e+001
         vertex 4.627477e+001 1.900000e+001 2.562940e+001
      endloop
   endfacet
   facet normal 0.000000e+000 -1.000000e+000 0.000000e+000
      outer loop
         vertex 4.658174e+001 1.900000e+001 2.562940e+001
         vertex 4.627477e+001 1.900000e+001 2.562940e+001
         vertex 4.655325e+001 1.900000e+001 2.530381e+001
      endloop
   endfacet
   facet normal 0.000000e+000 -1.000000e+000 0.000000e+000
      outer loop
         vertex 4.655325e+001 1.900000e+001 2.530381e+001
         vertex 4.627477e+001 1.900000e+001 2.562940e+001
         vertex 4.630325e+001 1.900000e+001 2.530381e+001
      endloop
   endfacet
   facet normal 0.000000e+000 -1.000000e+000 0.000000e+000
      outer loop
         vertex 4.655325e+001 1.900000e+001 2.530381e+001
         vertex 4.630325e+001 1.900000e+001 2.530381e+001
         vertex 4.658174e+001 1.900000e+001 2.497822e+001
      endloop
   endfacet
   facet normal 0.000000e+000 -1.000000e+000 0.000000e+000
      outer loop
         vertex 4.658174e+001 1.900000e+001 2.497822e+001
         vertex 4.630325e+001 1.900000e+001 2.530381e+001
         vertex 4.627477e+001 1.900000e+001 2.497822e+001
      endloop
   endfacet
   facet normal 0.000000e+000 -1.000000e+000 0.000000e+000
      outer loop
         vertex 4.658174e+001 1.900000e+001 2.497822e+001
         vertex 4.627477e+001 1.900000e+001 2.497822e+001
         vertex 4.666633e+001 1.900000e+001 2.466253e+001
      endloop
   endfacet
   facet normal 0.000000e+000 -1.000000e+000 0.000000e+000
      outer loop
         vertex 4.699192e+001 1.900000e+001 2.650904e+001
         vertex 4.586459e+001 1.900000e+001 2.650904e+001
         vertex 4.680445e+001 1.900000e+001 2.624131e+001
      endloop
   endfacet
   facet normal 0.000000e+000 -1.000000e+000 0.000000e+000
      outer loop
         vertex 4.680445e+001 1.900000e+001 2.624131e+001
         vertex 4.586459e+001 1.900000e+001 2.650904e+001
         vertex 4.605205e+001 1.900000e+001 2.624131e+001
      endloop
   endfacet
   facet normal 0.000000e+000 -1.000000e+000 0.000000e+000
      outer loop
         vertex 4.680445e+001 1.900000e+001 2.624131e+001
         vertex 4.605205e+001 1.900000e+001 2.624131e+001
         vertex 4.619018e+001 1.900000e+001 2.594510e+001
      endloop
   endfacet
   facet normal 0.000000e+000 -1.000000e+000 0.000000e+000
      outer loop
         vertex 4.627477e+001 1.900000e+001 2.497822e+001
         vertex 4.619018e+001 1.900000e+001 2.466253e+001
         vertex 4.666633e+001 1.900000e+001 2.466253e+001
      endloop
   endfacet
   facet normal 0.000000e+000 -1.000000e+000 0.000000e+000
      outer loop
         vertex 4.666633e+001 1.900000e+001 2.466253e+001
         vertex 4.619018e+001 1.900000e+001 2.466253e+001
         vertex 4.605205e+001 1.900000e+001 2.436631e+001
      endloop
   endfacet
   facet normal 0.000000e+000 -1.000000e+000 0.000000e+000
      outer loop
         vertex 4.666633e+001 1.900000e+001 2.466253e+001
         vertex 4.605205e+001 1.900000e+001 2.436631e+001
         vertex 4.680445e+001 1.900000e+001 2.436631e+001
      endloop
   endfacet
   facet normal 0.000000e+000 -1.000000e+000 0.000000e+000
      outer loop
         vertex 4.680445e+001 1.900000e+001 2.436631e+001
         vertex 4.605205e+001 1.900000e+001 2.436631e+001
         vertex 4.586459e+001 1.900000e+001 2.409859e+001
      endloop
   endfacet
   facet normal 0.000000e+000 -1.000000e+000 0.000000e+000
      outer loop
         vertex 4.680445e+001 1.900000e+001 2.436631e+001
         vertex 4.586459e+001 1.900000e+001 2.409859e+001
         vertex 4.699192e+001 1.900000e+001 2.409859e+001
      endloop
   endfacet
   facet normal 0.000000e+000 -1.000000e+000 0.000000e+000
      outer loop
         vertex 4.699192e+001 1.900000e+001 2.409859e+001
         vertex 4.586459e+001 1.900000e+001 2.409859e+001
         vertex 4.563348e+001 1.900000e+001 2.386748e+001
      endloop
   endfacet
   facet normal 0.000000e+000 -1.000000e+000 0.000000e+000
      outer loop
         vertex 4.699192e+001 1.900000e+001 2.409859e+001
         vertex 4.563348e+001 1.900000e+001 2.386748e+001
         vertex 3.958689e+001 1.900000e+001 1.140000e+001
      endloop
   endfacet
   facet normal 0.000000e+000 -1.000000e+000 0.000000e+000
      outer loop
         vertex 3.958689e+001 1.900000e+001 1.140000e+001
         vertex 4.563348e+001 1.900000e+001 2.386748e+001
         vertex 4.536575e+001 1.900000e+001 2.368002e+001
      endloop
   endfacet
   facet normal 0.000000e+000 -1.000000e+000 0.000000e+000
      outer loop
         vertex 3.958689e+001 1.900000e+001 1.140000e+001
         vertex 4.536575e+001 1.900000e+001 2.368002e+001
         vertex 4.506954e+001 1.900000e+001 2.354189e+001
      endloop
   endfacet
   facet normal 0.000000e+000 -1.000000e+000 0.000000e+000
      outer loop
         vertex 4.699192e+001 1.900000e+001 2.650904e+001
         vertex 4.722302e+001 1.900000e+001 2.674015e+001
         vertex 4.586459e+001 1.900000e+001 2.650904e+001
      endloop
   endfacet
   facet normal 0.000000e+000 -1.000000e+000 0.000000e+000
      outer loop
         vertex 4.586459e+001 1.900000e+001 2.650904e+001
         vertex 4.722302e+001 1.900000e+001 2.674015e+001
         vertex 4.749075e+001 1.900000e+001 2.692761e+001
      endloop
   endfacet
   facet normal 0.000000e+000 -1.000000e+000 0.000000e+000
      outer loop
         vertex 4.586459e+001 1.900000e+001 2.650904e+001
         vertex 4.749075e+001 1.900000e+001 2.692761e+001
         vertex 5.528688e+001 1.900000e+001 3.365000e+001
      endloop
   endfacet
   facet normal 0.000000e+000 -1.000000e+000 0.000000e+000
      outer loop
         vertex 5.528688e+001 1.900000e+001 3.365000e+001
         vertex 4.749075e+001 1.900000e+001 2.692761e+001
         vertex 4.778696e+001 1.900000e+001 2.706574e+001
      endloop
   endfacet
   facet normal 0.000000e+000 -1.000000e+000 0.000000e+000
      outer loop
         vertex 5.528688e+001 1.900000e+001 3.365000e+001
         vertex 4.778696e+001 1.900000e+001 2.706574e+001
         vertex 4.810266e+001 1.900000e+001 2.715033e+001
      endloop
   endfacet
   facet normal 0.000000e+000 -1.000000e+000 0.000000e+000
      outer loop
         vertex 4.810266e+001 1.900000e+001 2.715033e+001
         vertex 4.842825e+001 1.900000e+001 2.717881e+001
         vertex 5.528688e+001 1.900000e+001 3.365000e+001
      endloop
   endfacet
   facet normal 0.000000e+000 -1.000000e+000 0.000000e+000
      outer loop
         vertex 5.528688e+001 1.900000e+001 3.365000e+001
         vertex 4.842825e+001 1.900000e+001 2.717881e+001
         vertex 4.875384e+001 1.900000e+001 2.715033e+001
      endloop
   endfacet
   facet normal 0.000000e+000 -1.000000e+000 0.000000e+000
      outer loop
         vertex 5.528688e+001 1.900000e+001 3.365000e+001
         vertex 4.875384e+001 1.900000e+001 2.715033e+001
         vertex 4.906954e+001 1.900000e+001 2.706574e+001
      endloop
   endfacet
   facet normal 0.000000e+000 -1.000000e+000 0.000000e+000
      outer loop
         vertex 4.906954e+001 1.900000e+001 2.706574e+001
         vertex 4.936575e+001 1.900000e+001 2.692761e+001
         vertex 5.528688e+001 1.900000e+001 3.365000e+001
      endloop
   endfacet
   facet normal 0.000000e+000 -1.000000e+000 0.000000e+000
      outer loop
         vertex 5.528688e+001 1.900000e+001 3.365000e+001
         vertex 4.936575e+001 1.900000e+001 2.692761e+001
         vertex 4.963348e+001 1.900000e+001 2.674015e+001
      endloop
   endfacet
   facet normal 0.000000e+000 -1.000000e+000 0.000000e+000
      outer loop
         vertex 5.528688e+001 1.900000e+001 3.365000e+001
         vertex 4.963348e+001 1.900000e+001 2.674015e+001
         vertex 4.986459e+001 1.900000e+001 2.650904e+001
      endloop
   endfacet
   facet normal 0.000000e+000 -1.000000e+000 0.000000e+000
      outer loop
         vertex 5.066633e+001 1.900000e+001 2.594510e+001
         vertex 5.080445e+001 1.900000e+001 2.624131e+001
         vertex 4.986459e+001 1.900000e+001 2.650904e+001
      endloop
   endfacet
   facet normal 0.000000e+000 -1.000000e+000 0.000000e+000
      outer loop
         vertex 5.275385e+001 1.900000e+001 2.715033e+001
         vertex 5.306954e+001 1.900000e+001 2.706574e+001
         vertex 5.528688e+001 1.900000e+001 3.365000e+001
      endloop
   endfacet
   facet normal 0.000000e+000 -1.000000e+000 0.000000e+000
      outer loop
         vertex 5.528688e+001 1.900000e+001 3.365000e+001
         vertex 5.306954e+001 1.900000e+001 2.706574e+001
         vertex 5.336575e+001 1.900000e+001 2.692761e+001
      endloop
   endfacet
   facet normal 0.000000e+000 -1.000000e+000 0.000000e+000
      outer loop
         vertex 5.528688e+001 1.900000e+001 3.365000e+001
         vertex 5.336575e+001 1.900000e+001 2.692761e+001
         vertex 5.363348e+001 1.900000e+001 2.674015e+001
      endloop
   endfacet
   facet normal 0.000000e+000 -1.000000e+000 0.000000e+000
      outer loop
         vertex 5.363348e+001 1.900000e+001 2.674015e+001
         vertex 5.386458e+001 1.900000e+001 2.650904e+001
         vertex 5.528688e+001 1.900000e+001 3.365000e+001
      endloop
   endfacet
   facet normal 0.000000e+000 -1.000000e+000 0.000000e+000
      outer loop
         vertex 5.528688e+001 1.900000e+001 3.365000e+001
         vertex 5.386458e+001 1.900000e+001 2.650904e+001
         vertex 5.405205e+001 1.900000e+001 2.624131e+001
      endloop
   endfacet
   facet normal 0.000000e+000 -1.000000e+000 0.000000e+000
      outer loop
         vertex 5.528688e+001 1.900000e+001 3.365000e+001
         vertex 5.405205e+001 1.900000e+001 2.624131e+001
         vertex 5.419017e+001 1.900000e+001 2.594510e+001
      endloop
   endfacet
   facet normal 0.000000e+000 -1.000000e+000 0.000000e+000
      outer loop
         vertex 5.419017e+001 1.900000e+001 2.594510e+001
         vertex 5.427477e+001 1.900000e+001 2.562940e+001
         vertex 5.528688e+001 1.900000e+001 3.365000e+001
      endloop
   endfacet
   facet normal 0.000000e+000 -1.000000e+000 0.000000e+000
      outer loop
         vertex 5.528688e+001 1.900000e+001 3.365000e+001
         vertex 5.427477e+001 1.900000e+001 2.562940e+001
         vertex 5.430325e+001 1.900000e+001 2.530381e+001
      endloop
   endfacet
   facet normal 0.000000e+000 -1.000000e+000 0.000000e+000
      outer loop
         vertex 5.528688e+001 1.900000e+001 3.365000e+001
         vertex 5.430325e+001 1.900000e+001 2.530381e+001
         vertex 5.528688e+001 1.900000e+001 1.650000e+000
      endloop
   endfacet
   facet normal 0.000000e+000 -1.000000e+000 0.000000e+000
      outer loop
         vertex 5.528688e+001 1.900000e+001 1.650000e+000
         vertex 5.430325e+001 1.900000e+001 2.530381e+001
         vertex 5.427477e+001 1.900000e+001 2.497822e+001
      endloop
   endfacet
   facet normal 0.000000e+000 -1.000000e+000 0.000000e+000
      outer loop
         vertex 5.528688e+001 1.900000e+001 1.650000e+000
         vertex 5.427477e+001 1.900000e+001 2.497822e+001
         vertex 5.419017e+001 1.900000e+001 2.466253e+001
      endloop
   endfacet
   facet normal 0.000000e+000 -1.000000e+000 0.000000e+000
      outer loop
         vertex 5.178697e+001 1.900000e+001 2.706574e+001
         vertex 5.210266e+001 1.900000e+001 2.715033e+001
         vertex 5.528688e+001 1.900000e+001 3.365000e+001
      endloop
   endfacet
   facet normal 0.000000e+000 -1.000000e+000 0.000000e+000
      outer loop
         vertex 5.528688e+001 1.900000e+001 3.365000e+001
         vertex 5.210266e+001 1.900000e+001 2.715033e+001
         vertex 5.242825e+001 1.900000e+001 2.717881e+001
      endloop
   endfacet
   facet normal 0.000000e+000 -1.000000e+000 0.000000e+000
      outer loop
         vertex 5.528688e+001 1.900000e+001 3.365000e+001
         vertex 5.242825e+001 1.900000e+001 2.717881e+001
         vertex 5.275385e+001 1.900000e+001 2.715033e+001
      endloop
   endfacet
   facet normal 0.000000e+000 -1.000000e+000 0.000000e+000
      outer loop
         vertex 5.066633e+001 1.900000e+001 2.466253e+001
         vertex 5.058174e+001 1.900000e+001 2.497822e+001
         vertex 5.030325e+001 1.900000e+001 2.530381e+001
      endloop
   endfacet
   facet normal 0.000000e+000 -1.000000e+000 0.000000e+000
      outer loop
         vertex 5.030325e+001 1.900000e+001 2.530381e+001
         vertex 5.058174e+001 1.900000e+001 2.497822e+001
         vertex 5.055325e+001 1.900000e+001 2.530381e+001
      endloop
   endfacet
   facet normal 0.000000e+000 -1.000000e+000 0.000000e+000
      outer loop
         vertex 5.030325e+001 1.900000e+001 2.530381e+001
         vertex 5.055325e+001 1.900000e+001 2.530381e+001
         vertex 5.027477e+001 1.900000e+001 2.562940e+001
      endloop
   endfacet
   facet normal 0.000000e+000 -1.000000e+000 0.000000e+000
      outer loop
         vertex 5.027477e+001 1.900000e+001 2.562940e+001
         vertex 5.055325e+001 1.900000e+001 2.530381e+001
         vertex 5.058174e+001 1.900000e+001 2.562940e+001
      endloop
   endfacet
   facet normal 0.000000e+000 -1.000000e+000 0.000000e+000
      outer loop
         vertex 5.027477e+001 1.900000e+001 2.562940e+001
         vertex 5.058174e+001 1.900000e+001 2.562940e+001
         vertex 5.019018e+001 1.900000e+001 2.594510e+001
      endloop
   endfacet
   facet normal 0.000000e+000 -1.000000e+000 0.000000e+000
      outer loop
         vertex 5.019018e+001 1.900000e+001 2.594510e+001
         vertex 5.058174e+001 1.900000e+001 2.562940e+001
         vertex 5.066633e+001 1.900000e+001 2.594510e+001
      endloop
   endfacet
   facet normal 0.000000e+000 -1.000000e+000 0.000000e+000
      outer loop
         vertex 5.019018e+001 1.900000e+001 2.594510e+001
         vertex 5.066633e+001 1.900000e+001 2.594510e+001
         vertex 5.005205e+001 1.900000e+001 2.624131e+001
      endloop
   endfacet
   facet normal 0.000000e+000 -1.000000e+000 0.000000e+000
      outer loop
         vertex 5.005205e+001 1.900000e+001 2.624131e+001
         vertex 5.066633e+001 1.900000e+001 2.594510e+001
         vertex 4.986459e+001 1.900000e+001 2.650904e+001
      endloop
   endfacet
   facet normal 0.000000e+000 -1.000000e+000 0.000000e+000
      outer loop
         vertex 5.080445e+001 1.900000e+001 2.624131e+001
         vertex 5.099192e+001 1.900000e+001 2.650904e+001
         vertex 4.986459e+001 1.900000e+001 2.650904e+001
      endloop
   endfacet
   facet normal 0.000000e+000 -1.000000e+000 0.000000e+000
      outer loop
         vertex 4.986459e+001 1.900000e+001 2.650904e+001
         vertex 5.099192e+001 1.900000e+001 2.650904e+001
         vertex 5.122303e+001 1.900000e+001 2.674015e+001
      endloop
   endfacet
   facet normal 0.000000e+000 -1.000000e+000 0.000000e+000
      outer loop
         vertex 4.986459e+001 1.900000e+001 2.650904e+001
         vertex 5.122303e+001 1.900000e+001 2.674015e+001
         vertex 5.528688e+001 1.900000e+001 3.365000e+001
      endloop
   endfacet
   facet normal 0.000000e+000 -1.000000e+000 0.000000e+000
      outer loop
         vertex 5.528688e+001 1.900000e+001 3.365000e+001
         vertex 5.122303e+001 1.900000e+001 2.674015e+001
         vertex 5.149075e+001 1.900000e+001 2.692761e+001
      endloop
   endfacet
   facet normal 0.000000e+000 -1.000000e+000 0.000000e+000
      outer loop
         vertex 5.528688e+001 1.900000e+001 3.365000e+001
         vertex 5.149075e+001 1.900000e+001 2.692761e+001
         vertex 5.178697e+001 1.900000e+001 2.706574e+001
      endloop
   endfacet
   facet normal 0.000000e+000 1.000000e+000 0.000000e+000
      outer loop
         vertex 2.138942e+001 2.100000e+001 2.566046e+000
         vertex 2.333554e+001 2.100000e+001 3.259850e+000
         vertex 3.958689e+001 2.100000e+001 1.650000e+000
      endloop
   endfacet
   facet normal 0.000000e+000 1.000000e+000 0.000000e+000
      outer loop
         vertex 4.605205e+001 2.100000e+001 2.624131e+001
         vertex 4.586459e+001 2.100000e+001 2.650904e+001
         vertex 4.680445e+001 2.100000e+001 2.624131e+001
      endloop
   endfacet
   facet normal 0.000000e+000 1.000000e+000 0.000000e+000
      outer loop
         vertex 4.963348e+001 2.100000e+001 2.674015e+001
         vertex 4.936575e+001 2.100000e+001 2.692761e+001
         vertex 5.178697e+001 2.100000e+001 2.706574e+001
      endloop
   endfacet
   facet normal 0.000000e+000 1.000000e+000 0.000000e+000
      outer loop
         vertex 2.966826e+001 2.100000e+001 2.588063e+001
         vertex 2.836525e+001 2.100000e+001 2.748404e+001
         vertex 4.255325e+001 2.100000e+001 2.530381e+001
      endloop
   endfacet
   facet normal 0.000000e+000 1.000000e+000 0.000000e+000
      outer loop
         vertex 4.778696e+001 2.100000e+001 2.706574e+001
         vertex 4.749075e+001 2.100000e+001 2.692761e+001
         vertex 4.536575e+001 2.100000e+001 2.692761e+001
      endloop
   endfacet
   facet normal 0.000000e+000 1.000000e+000 0.000000e+000
      outer loop
         vertex 4.536575e+001 2.100000e+001 2.692761e+001
         vertex 4.749075e+001 2.100000e+001 2.692761e+001
         vertex 4.722302e+001 2.100000e+001 2.674015e+001
      endloop
   endfacet
   facet normal 0.000000e+000 1.000000e+000 0.000000e+000
      outer loop
         vertex 4.410266e+001 2.100000e+001 2.715033e+001
         vertex 4.378696e+001 2.100000e+001 2.706574e+001
         vertex 1.728689e+001 2.100000e+001 3.430000e+001
      endloop
   endfacet
   facet normal 0.000000e+000 1.000000e+000 0.000000e+000
      outer loop
         vertex 1.728689e+001 2.100000e+001 3.430000e+001
         vertex 4.378696e+001 2.100000e+001 2.706574e+001
         vertex 4.349075e+001 2.100000e+001 2.692761e+001
      endloop
   endfacet
   facet normal 0.000000e+000 1.000000e+000 0.000000e+000
      outer loop
         vertex 1.728689e+001 2.100000e+001 3.430000e+001
         vertex 4.349075e+001 2.100000e+001 2.692761e+001
         vertex 4.322302e+001 2.100000e+001 2.674015e+001
      endloop
   endfacet
   facet normal 0.000000e+000 1.000000e+000 0.000000e+000
      outer loop
         vertex 4.586459e+001 2.100000e+001 2.650904e+001
         vertex 4.563348e+001 2.100000e+001 2.674015e+001
         vertex 4.680445e+001 2.100000e+001 2.624131e+001
      endloop
   endfacet
   facet normal 0.000000e+000 1.000000e+000 0.000000e+000
      outer loop
         vertex 4.680445e+001 2.100000e+001 2.624131e+001
         vertex 4.563348e+001 2.100000e+001 2.674015e+001
         vertex 4.536575e+001 2.100000e+001 2.692761e+001
      endloop
   endfacet
   facet normal 0.000000e+000 1.000000e+000 0.000000e+000
      outer loop
         vertex 4.680445e+001 2.100000e+001 2.624131e+001
         vertex 4.536575e+001 2.100000e+001 2.692761e+001
         vertex 4.699192e+001 2.100000e+001 2.650904e+001
      endloop
   endfacet
   facet normal 0.000000e+000 1.000000e+000 0.000000e+000
      outer loop
         vertex 4.699192e+001 2.100000e+001 2.650904e+001
         vertex 4.536575e+001 2.100000e+001 2.692761e+001
         vertex 4.722302e+001 2.100000e+001 2.674015e+001
      endloop
   endfacet
   facet normal 0.000000e+000 1.000000e+000 0.000000e+000
      outer loop
         vertex 5.066633e+001 2.100000e+001 2.594510e+001
         vertex 5.058174e+001 2.100000e+001 2.562940e+001
         vertex 5.027477e+001 2.100000e+001 2.562940e+001
      endloop
   endfacet
   facet normal 0.000000e+000 1.000000e+000 0.000000e+000
      outer loop
         vertex 4.410266e+001 2.100000e+001 2.715033e+001
         vertex 1.728689e+001 2.100000e+001 3.430000e+001
         vertex 4.442825e+001 2.100000e+001 2.717881e+001
      endloop
   endfacet
   facet normal 0.000000e+000 1.000000e+000 0.000000e+000
      outer loop
         vertex 4.442825e+001 2.100000e+001 2.717881e+001
         vertex 1.728689e+001 2.100000e+001 3.430000e+001
         vertex 6.628688e+001 2.100000e+001 3.430000e+001
      endloop
   endfacet
   facet normal 0.000000e+000 1.000000e+000 0.000000e+000
      outer loop
         vertex 4.442825e+001 2.100000e+001 2.717881e+001
         vertex 6.628688e+001 2.100000e+001 3.430000e+001
         vertex 4.475384e+001 2.100000e+001 2.715033e+001
      endloop
   endfacet
   facet normal 0.000000e+000 1.000000e+000 0.000000e+000
      outer loop
         vertex 4.322302e+001 2.100000e+001 2.674015e+001
         vertex 4.299192e+001 2.100000e+001 2.650904e+001
         vertex 1.728689e+001 2.100000e+001 3.430000e+001
      endloop
   endfacet
   facet normal 0.000000e+000 1.000000e+000 0.000000e+000
      outer loop
         vertex 1.728689e+001 2.100000e+001 3.430000e+001
         vertex 4.299192e+001 2.100000e+001 2.650904e+001
         vertex 4.280445e+001 2.100000e+001 2.624131e+001
      endloop
   endfacet
   facet normal 0.000000e+000 1.000000e+000 0.000000e+000
      outer loop
         vertex 1.728689e+001 2.100000e+001 3.430000e+001
         vertex 4.280445e+001 2.100000e+001 2.624131e+001
         vertex 4.266633e+001 2.100000e+001 2.594510e+001
      endloop
   endfacet
   facet normal 0.000000e+000 1.000000e+000 0.000000e+000
      outer loop
         vertex 4.299192e+001 2.100000e+001 2.409859e+001
         vertex 3.240162e+001 2.100000e+001 1.611695e+001
         vertex 4.280445e+001 2.100000e+001 2.436631e+001
      endloop
   endfacet
   facet normal 0.000000e+000 1.000000e+000 0.000000e+000
      outer loop
         vertex 4.280445e+001 2.100000e+001 2.436631e+001
         vertex 3.240162e+001 2.100000e+001 1.611695e+001
         vertex 3.240162e+001 2.100000e+001 1.818305e+001
      endloop
   endfacet
   facet normal 0.000000e+000 1.000000e+000 0.000000e+000
      outer loop
         vertex 4.280445e+001 2.100000e+001 2.436631e+001
         vertex 3.240162e+001 2.100000e+001 1.818305e+001
         vertex 4.266633e+001 2.100000e+001 2.466253e+001
      endloop
   endfacet
   facet normal 0.000000e+000 1.000000e+000 0.000000e+000
      outer loop
         vertex 4.266633e+001 2.100000e+001 2.466253e+001
         vertex 3.240162e+001 2.100000e+001 1.818305e+001
         vertex 3.212051e+001 2.100000e+001 2.022993e+001
      endloop
   endfacet
   facet normal 0.000000e+000 1.000000e+000 0.000000e+000
      outer loop
         vertex 4.266633e+001 2.100000e+001 2.466253e+001
         vertex 3.212051e+001 2.100000e+001 2.022993e+001
         vertex 4.258174e+001 2.100000e+001 2.497822e+001
      endloop
   endfacet
   facet normal 0.000000e+000 1.000000e+000 0.000000e+000
      outer loop
         vertex 4.258174e+001 2.100000e+001 2.497822e+001
         vertex 3.212051e+001 2.100000e+001 2.022993e+001
         vertex 3.156352e+001 2.100000e+001 2.221954e+001
      endloop
   endfacet
   facet normal 0.000000e+000 1.000000e+000 0.000000e+000
      outer loop
         vertex 4.258174e+001 2.100000e+001 2.497822e+001
         vertex 3.156352e+001 2.100000e+001 2.221954e+001
         vertex 4.255325e+001 2.100000e+001 2.530381e+001
      endloop
   endfacet
   facet normal 0.000000e+000 1.000000e+000 0.000000e+000
      outer loop
         vertex 4.255325e+001 2.100000e+001 2.530381e+001
         vertex 3.156352e+001 2.100000e+001 2.221954e+001
         vertex 3.074101e+001 2.100000e+001 2.411485e+001
      endloop
   endfacet
   facet normal 0.000000e+000 1.000000e+000 0.000000e+000
      outer loop
         vertex 4.255325e+001 2.100000e+001 2.530381e+001
         vertex 3.074101e+001 2.100000e+001 2.411485e+001
         vertex 2.966826e+001 2.100000e+001 2.588063e+001
      endloop
   endfacet
   facet normal 0.000000e+000 1.000000e+000 0.000000e+000
      outer loop
         vertex 4.146211e+000 2.100000e+001 6.129785e+000
         vertex 5.649678e+000 2.100000e+001 7.239455e+000
         vertex 5.618979e+000 2.100000e+001 4.580894e+000
      endloop
   endfacet
   facet normal 0.000000e+000 1.000000e+000 0.000000e+000
      outer loop
         vertex 5.618979e+000 2.100000e+001 4.580894e+000
         vertex 5.649678e+000 2.100000e+001 7.239455e+000
         vertex 6.234471e+000 2.100000e+001 6.788212e+000
      endloop
   endfacet
   facet normal 0.000000e+000 1.000000e+000 0.000000e+000
      outer loop
         vertex 5.618979e+000 2.100000e+001 4.580894e+000
         vertex 6.234471e+000 2.100000e+001 6.788212e+000
         vertex 7.272963e+000 2.100000e+001 3.227219e+000
      endloop
   endfacet
   facet normal 0.000000e+000 1.000000e+000 0.000000e+000
      outer loop
         vertex 7.272963e+000 2.100000e+001 3.227219e+000
         vertex 6.234471e+000 2.100000e+001 6.788212e+000
         vertex 7.747062e+000 2.100000e+001 5.380792e+000
      endloop
   endfacet
   facet normal 0.000000e+000 1.000000e+000 0.000000e+000
      outer loop
         vertex 7.272963e+000 2.100000e+001 3.227219e+000
         vertex 7.747062e+000 2.100000e+001 5.380792e+000
         vertex 9.082478e+000 2.100000e+001 2.089782e+000
      endloop
   endfacet
   facet normal 0.000000e+000 1.000000e+000 0.000000e+000
      outer loop
         vertex 9.082478e+000 2.100000e+001 2.089782e+000
         vertex 7.747062e+000 2.100000e+001 5.380792e+000
         vertex 9.437077e+000 2.100000e+001 4.192261e+000
      endloop
   endfacet
   facet normal 0.000000e+000 1.000000e+000 0.000000e+000
      outer loop
         vertex 9.082478e+000 2.100000e+001 2.089782e+000
         vertex 9.437077e+000 2.100000e+001 4.192261e+000
         vertex 1.101942e+001 2.100000e+001 1.186250e+000
      endloop
   endfacet
   facet normal 0.000000e+000 1.000000e+000 0.000000e+000
      outer loop
         vertex 1.101942e+001 2.100000e+001 1.186250e+000
         vertex 9.437077e+000 2.100000e+001 4.192261e+000
         vertex 1.127309e+001 2.100000e+001 3.244724e+000
      endloop
   endfacet
   facet normal 0.000000e+000 1.000000e+000 0.000000e+000
      outer loop
         vertex 1.101942e+001 2.100000e+001 1.186250e+000
         vertex 1.127309e+001 2.100000e+001 3.244724e+000
         vertex 1.305370e+001 2.100000e+001 5.306565e-001
      endloop
   endfacet
   facet normal 0.000000e+000 1.000000e+000 0.000000e+000
      outer loop
         vertex 1.305370e+001 2.100000e+001 5.306565e-001
         vertex 1.127309e+001 2.100000e+001 3.244724e+000
         vertex 1.322094e+001 2.100000e+001 2.555802e+000
      endloop
   endfacet
   facet normal 0.000000e+000 1.000000e+000 0.000000e+000
      outer loop
         vertex 1.305370e+001 2.100000e+001 5.306565e-001
         vertex 1.322094e+001 2.100000e+001 2.555802e+000
         vertex 1.515373e+001 2.100000e+001 1.331810e-001
      endloop
   endfacet
   facet normal 0.000000e+000 1.000000e+000 0.000000e+000
      outer loop
         vertex 1.515373e+001 2.100000e+001 1.331810e-001
         vertex 1.322094e+001 2.100000e+001 2.555802e+000
         vertex 1.524442e+001 2.100000e+001 2.138311e+000
      endloop
   endfacet
   facet normal 0.000000e+000 1.000000e+000 0.000000e+000
      outer loop
         vertex 1.515373e+001 2.100000e+001 1.331810e-001
         vertex 1.524442e+001 2.100000e+001 2.138311e+000
         vertex 1.728689e+001 2.100000e+001 0.000000e+000
      endloop
   endfacet
   facet normal 0.000000e+000 1.000000e+000 0.000000e+000
      outer loop
         vertex 1.728689e+001 2.100000e+001 0.000000e+000
         vertex 1.524442e+001 2.100000e+001 2.138311e+000
         vertex 1.730588e+001 2.100000e+001 2.000013e+000
      endloop
   endfacet
   facet normal 0.000000e+000 1.000000e+000 0.000000e+000
      outer loop
         vertex 1.728689e+001 2.100000e+001 0.000000e+000
         vertex 1.730588e+001 2.100000e+001 2.000013e+000
         vertex 1.936699e+001 2.100000e+001 2.143481e+000
      endloop
   endfacet
   facet normal 0.000000e+000 1.000000e+000 0.000000e+000
      outer loop
         vertex 5.136430e-002 2.100000e+001 6.376152e+000
         vertex 1.163781e-001 2.100000e+001 6.527978e+000
         vertex 1.794510e+000 2.100000e+001 5.452530e+000
      endloop
   endfacet
   facet normal 0.000000e+000 1.000000e+000 0.000000e+000
      outer loop
         vertex 1.794510e+000 2.100000e+001 5.452530e+000
         vertex 1.163781e-001 2.100000e+001 6.527978e+000
         vertex 2.054907e-001 2.100000e+001 6.667032e+000
      endloop
   endfacet
   facet normal 0.000000e+000 1.000000e+000 0.000000e+000
      outer loop
         vertex 1.794510e+000 2.100000e+001 5.452530e+000
         vertex 2.054907e-001 2.100000e+001 6.667032e+000
         vertex 2.052758e+000 2.100000e+001 5.719964e+000
      endloop
   endfacet
   facet normal 0.000000e+000 1.000000e+000 0.000000e+000
      outer loop
         vertex 2.052758e+000 2.100000e+001 5.719964e+000
         vertex 2.054907e-001 2.100000e+001 6.667032e+000
         vertex 7.716790e-001 2.100000e+001 7.141409e+000
      endloop
   endfacet
   facet normal 0.000000e+000 1.000000e+000 0.000000e+000
      outer loop
         vertex 2.052758e+000 2.100000e+001 5.719964e+000
         vertex 7.716790e-001 2.100000e+001 7.141409e+000
         vertex 2.353437e+000 2.100000e+001 5.938602e+000
      endloop
   endfacet
   facet normal 0.000000e+000 1.000000e+000 0.000000e+000
      outer loop
         vertex 2.353437e+000 2.100000e+001 5.938602e+000
         vertex 7.716790e-001 2.100000e+001 7.141409e+000
         vertex 1.409713e+000 2.100000e+001 7.513591e+000
      endloop
   endfacet
   facet normal 0.000000e+000 1.000000e+000 0.000000e+000
      outer loop
         vertex 2.353437e+000 2.100000e+001 5.938602e+000
         vertex 1.409713e+000 2.100000e+001 7.513591e+000
         vertex 2.687454e+000 2.100000e+001 6.101832e+000
      endloop
   endfacet
   facet normal 0.000000e+000 1.000000e+000 0.000000e+000
      outer loop
         vertex 2.687454e+000 2.100000e+001 6.101832e+000
         vertex 1.409713e+000 2.100000e+001 7.513591e+000
         vertex 2.101339e+000 2.100000e+001 7.772932e+000
      endloop
   endfacet
   facet normal 0.000000e+000 1.000000e+000 0.000000e+000
      outer loop
         vertex 2.687454e+000 2.100000e+001 6.101832e+000
         vertex 2.101339e+000 2.100000e+001 7.772932e+000
         vertex 3.044702e+000 2.100000e+001 6.204714e+000
      endloop
   endfacet
   facet normal 0.000000e+000 1.000000e+000 0.000000e+000
      outer loop
         vertex 3.044702e+000 2.100000e+001 6.204714e+000
         vertex 2.101339e+000 2.100000e+001 7.772932e+000
         vertex 2.826776e+000 2.100000e+001 7.912012e+000
      endloop
   endfacet
   facet normal 0.000000e+000 1.000000e+000 0.000000e+000
      outer loop
         vertex 3.044702e+000 2.100000e+001 6.204714e+000
         vertex 2.826776e+000 2.100000e+001 7.912012e+000
         vertex 3.414374e+000 2.100000e+001 6.244136e+000
      endloop
   endfacet
   facet normal 0.000000e+000 1.000000e+000 0.000000e+000
      outer loop
         vertex 3.414374e+000 2.100000e+001 6.244136e+000
         vertex 2.826776e+000 2.100000e+001 7.912012e+000
         vertex 3.565278e+000 2.100000e+001 7.926856e+000
      endloop
   endfacet
   facet normal 0.000000e+000 1.000000e+000 0.000000e+000
      outer loop
         vertex 3.414374e+000 2.100000e+001 6.244136e+000
         vertex 3.565278e+000 2.100000e+001 7.926856e+000
         vertex 3.785282e+000 2.100000e+001 6.218905e+000
      endloop
   endfacet
   facet normal 0.000000e+000 1.000000e+000 0.000000e+000
      outer loop
         vertex 3.785282e+000 2.100000e+001 6.218905e+000
         vertex 3.565278e+000 2.100000e+001 7.926856e+000
         vertex 4.295718e+000 2.100000e+001 7.817038e+000
      endloop
   endfacet
   facet normal 0.000000e+000 1.000000e+000 0.000000e+000
      outer loop
         vertex 3.785282e+000 2.100000e+001 6.218905e+000
         vertex 4.295718e+000 2.100000e+001 7.817038e+000
         vertex 4.146211e+000 2.100000e+001 6.129785e+000
      endloop
   endfacet
   facet normal 0.000000e+000 1.000000e+000 0.000000e+000
      outer loop
         vertex 4.146211e+000 2.100000e+001 6.129785e+000
         vertex 4.295718e+000 2.100000e+001 7.817038e+000
         vertex 4.997209e+000 2.100000e+001 7.585699e+000
      endloop
   endfacet
   facet normal 0.000000e+000 1.000000e+000 0.000000e+000
      outer loop
         vertex 4.146211e+000 2.100000e+001 6.129785e+000
         vertex 4.997209e+000 2.100000e+001 7.585699e+000
         vertex 5.649678e+000 2.100000e+001 7.239455e+000
      endloop
   endfacet
   facet normal 0.000000e+000 1.000000e+000 0.000000e+000
      outer loop
         vertex 5.405205e+001 2.100000e+001 2.436631e+001
         vertex 5.419017e+001 2.100000e+001 2.466253e+001
         vertex 6.628688e+001 2.100000e+001 3.430000e+001
      endloop
   endfacet
   facet normal 0.000000e+000 1.000000e+000 0.000000e+000
      outer loop
         vertex 6.628688e+001 2.100000e+001 3.430000e+001
         vertex 5.419017e+001 2.100000e+001 2.466253e+001
         vertex 5.427477e+001 2.100000e+001 2.497822e+001
      endloop
   endfacet
   facet normal 0.000000e+000 1.000000e+000 0.000000e+000
      outer loop
         vertex 6.628688e+001 2.100000e+001 3.430000e+001
         vertex 5.427477e+001 2.100000e+001 2.497822e+001
         vertex 5.430325e+001 2.100000e+001 2.530381e+001
      endloop
   endfacet
   facet normal 0.000000e+000 1.000000e+000 0.000000e+000
      outer loop
         vertex 5.430325e+001 2.100000e+001 2.530381e+001
         vertex 5.427477e+001 2.100000e+001 2.562940e+001
         vertex 6.628688e+001 2.100000e+001 3.430000e+001
      endloop
   endfacet
   facet normal 0.000000e+000 1.000000e+000 0.000000e+000
      outer loop
         vertex 6.628688e+001 2.100000e+001 3.430000e+001
         vertex 5.427477e+001 2.100000e+001 2.562940e+001
         vertex 5.419017e+001 2.100000e+001 2.594510e+001
      endloop
   endfacet
   facet normal 0.000000e+000 1.000000e+000 0.000000e+000
      outer loop
         vertex 6.628688e+001 2.100000e+001 3.430000e+001
         vertex 5.419017e+001 2.100000e+001 2.594510e+001
         vertex 5.405205e+001 2.100000e+001 2.624131e+001
      endloop
   endfacet
   facet normal 0.000000e+000 1.000000e+000 0.000000e+000
      outer loop
         vertex 2.333554e+001 2.100000e+001 3.259850e+000
         vertex 2.516917e+001 2.100000e+001 4.211988e+000
         vertex 3.958689e+001 2.100000e+001 1.650000e+000
      endloop
   endfacet
   facet normal 0.000000e+000 1.000000e+000 0.000000e+000
      outer loop
         vertex 3.958689e+001 2.100000e+001 1.650000e+000
         vertex 2.516917e+001 2.100000e+001 4.211988e+000
         vertex 2.685620e+001 2.100000e+001 5.404755e+000
      endloop
   endfacet
   facet normal 0.000000e+000 1.000000e+000 0.000000e+000
      outer loop
         vertex 3.958689e+001 2.100000e+001 1.650000e+000
         vertex 2.685620e+001 2.100000e+001 5.404755e+000
         vertex 2.836525e+001 2.100000e+001 6.815962e+000
      endloop
   endfacet
   facet normal 0.000000e+000 1.000000e+000 0.000000e+000
      outer loop
         vertex 2.836525e+001 2.100000e+001 6.815962e+000
         vertex 2.966826e+001 2.100000e+001 8.419369e+000
         vertex 3.958689e+001 2.100000e+001 1.650000e+000
      endloop
   endfacet
   facet normal 0.000000e+000 1.000000e+000 0.000000e+000
      outer loop
         vertex 3.958689e+001 2.100000e+001 1.650000e+000
         vertex 2.966826e+001 2.100000e+001 8.419369e+000
         vertex 3.074101e+001 2.100000e+001 1.018515e+001
      endloop
   endfacet
   facet normal 0.000000e+000 1.000000e+000 0.000000e+000
      outer loop
         vertex 3.958689e+001 2.100000e+001 1.650000e+000
         vertex 3.074101e+001 2.100000e+001 1.018515e+001
         vertex 3.958689e+001 2.100000e+001 1.140000e+001
      endloop
   endfacet
   facet normal 0.000000e+000 1.000000e+000 0.000000e+000
      outer loop
         vertex 3.958689e+001 2.100000e+001 1.140000e+001
         vertex 3.074101e+001 2.100000e+001 1.018515e+001
         vertex 3.156352e+001 2.100000e+001 1.208047e+001
      endloop
   endfacet
   facet normal 0.000000e+000 1.000000e+000 0.000000e+000
      outer loop
         vertex 3.958689e+001 2.100000e+001 1.140000e+001
         vertex 3.156352e+001 2.100000e+001 1.208047e+001
         vertex 3.212051e+001 2.100000e+001 1.407007e+001
      endloop
   endfacet
   facet normal 0.000000e+000 1.000000e+000 0.000000e+000
      outer loop
         vertex 2.162904e-001 2.100000e+001 5.438654e+000
         vertex 1.794510e+000 2.100000e+001 5.452530e+000
         vertex 1.683727e+000 2.100000e+001 5.330040e+000
      endloop
   endfacet
   facet normal 0.000000e+000 1.000000e+000 0.000000e+000
      outer loop
         vertex 1.936699e+001 2.100000e+001 2.143481e+000
         vertex 2.138942e+001 2.100000e+001 2.566046e+000
         vertex 1.728689e+001 2.100000e+001 0.000000e+000
      endloop
   endfacet
   facet normal 0.000000e+000 1.000000e+000 0.000000e+000
      outer loop
         vertex 1.728689e+001 2.100000e+001 0.000000e+000
         vertex 2.138942e+001 2.100000e+001 2.566046e+000
         vertex 3.958689e+001 2.100000e+001 1.650000e+000
      endloop
   endfacet
   facet normal 0.000000e+000 1.000000e+000 0.000000e+000
      outer loop
         vertex 1.728689e+001 2.100000e+001 0.000000e+000
         vertex 3.958689e+001 2.100000e+001 1.650000e+000
         vertex 6.628688e+001 2.100000e+001 0.000000e+000
      endloop
   endfacet
   facet normal 0.000000e+000 1.000000e+000 0.000000e+000
      outer loop
         vertex 6.628688e+001 2.100000e+001 0.000000e+000
         vertex 3.958689e+001 2.100000e+001 1.650000e+000
         vertex 5.398689e+001 2.100000e+001 1.650000e+000
      endloop
   endfacet
   facet normal 0.000000e+000 1.000000e+000 0.000000e+000
      outer loop
         vertex 6.628688e+001 2.100000e+001 0.000000e+000
         vertex 5.398689e+001 2.100000e+001 1.650000e+000
         vertex 6.628688e+001 2.100000e+001 3.430000e+001
      endloop
   endfacet
   facet normal 0.000000e+000 1.000000e+000 0.000000e+000
      outer loop
         vertex 6.628688e+001 2.100000e+001 3.430000e+001
         vertex 5.398689e+001 2.100000e+001 1.650000e+000
         vertex 5.398689e+001 2.100000e+001 1.140000e+001
      endloop
   endfacet
   facet normal 0.000000e+000 1.000000e+000 0.000000e+000
      outer loop
         vertex 6.628688e+001 2.100000e+001 3.430000e+001
         vertex 5.398689e+001 2.100000e+001 1.140000e+001
         vertex 5.405205e+001 2.100000e+001 2.436631e+001
      endloop
   endfacet
   facet normal 0.000000e+000 1.000000e+000 0.000000e+000
      outer loop
         vertex 5.405205e+001 2.100000e+001 2.624131e+001
         vertex 5.386458e+001 2.100000e+001 2.650904e+001
         vertex 6.628688e+001 2.100000e+001 3.430000e+001
      endloop
   endfacet
   facet normal 0.000000e+000 1.000000e+000 0.000000e+000
      outer loop
         vertex 6.628688e+001 2.100000e+001 3.430000e+001
         vertex 5.386458e+001 2.100000e+001 2.650904e+001
         vertex 5.363348e+001 2.100000e+001 2.674015e+001
      endloop
   endfacet
   facet normal 0.000000e+000 1.000000e+000 0.000000e+000
      outer loop
         vertex 6.628688e+001 2.100000e+001 3.430000e+001
         vertex 5.363348e+001 2.100000e+001 2.674015e+001
         vertex 5.336575e+001 2.100000e+001 2.692761e+001
      endloop
   endfacet
   facet normal 0.000000e+000 1.000000e+000 0.000000e+000
      outer loop
         vertex 4.963348e+001 2.100000e+001 2.674015e+001
         vertex 5.178697e+001 2.100000e+001 2.706574e+001
         vertex 4.986459e+001 2.100000e+001 2.650904e+001
      endloop
   endfacet
   facet normal 0.000000e+000 1.000000e+000 0.000000e+000
      outer loop
         vertex 4.986459e+001 2.100000e+001 2.650904e+001
         vertex 5.178697e+001 2.100000e+001 2.706574e+001
         vertex 5.149075e+001 2.100000e+001 2.692761e+001
      endloop
   endfacet
   facet normal 0.000000e+000 1.000000e+000 0.000000e+000
      outer loop
         vertex 4.986459e+001 2.100000e+001 2.650904e+001
         vertex 5.149075e+001 2.100000e+001 2.692761e+001
         vertex 5.122303e+001 2.100000e+001 2.674015e+001
      endloop
   endfacet
   facet normal 0.000000e+000 1.000000e+000 0.000000e+000
      outer loop
         vertex 1.683727e+000 2.100000e+001 5.330040e+000
         vertex 1.554288e+000 2.100000e+001 5.227456e+000
         vertex 2.162904e-001 2.100000e+001 5.438654e+000
      endloop
   endfacet
   facet normal 0.000000e+000 1.000000e+000 0.000000e+000
      outer loop
         vertex 2.162904e-001 2.100000e+001 5.438654e+000
         vertex 1.554288e+000 2.100000e+001 5.227456e+000
         vertex 1.409732e+000 2.100000e+001 5.147574e+000
      endloop
   endfacet
   facet normal 0.000000e+000 1.000000e+000 0.000000e+000
      outer loop
         vertex 2.162904e-001 2.100000e+001 5.438654e+000
         vertex 1.409732e+000 2.100000e+001 5.147574e+000
         vertex 1.254000e+000 2.100000e+001 5.092576e+000
      endloop
   endfacet
   facet normal 0.000000e+000 1.000000e+000 0.000000e+000
      outer loop
         vertex 1.254000e+000 2.100000e+001 5.092576e+000
         vertex 1.091339e+000 2.100000e+001 5.063961e+000
         vertex 2.162904e-001 2.100000e+001 5.438654e+000
      endloop
   endfacet
   facet normal 0.000000e+000 1.000000e+000 0.000000e+000
      outer loop
         vertex 2.162904e-001 2.100000e+001 5.438654e+000
         vertex 1.091339e+000 2.100000e+001 5.063961e+000
         vertex 9.261854e-001 2.100000e+001 5.062510e+000
      endloop
   endfacet
   facet normal 0.000000e+000 1.000000e+000 0.000000e+000
      outer loop
         vertex 2.162904e-001 2.100000e+001 5.438654e+000
         vertex 9.261854e-001 2.100000e+001 5.062510e+000
         vertex 7.630475e-001 2.100000e+001 5.088260e+000
      endloop
   endfacet
   facet normal 0.000000e+000 1.000000e+000 0.000000e+000
      outer loop
         vertex 7.630475e-001 2.100000e+001 5.088260e+000
         vertex 6.063730e-001 2.100000e+001 5.140512e+000
         vertex 2.162904e-001 2.100000e+001 5.438654e+000
      endloop
   endfacet
   facet normal 0.000000e+000 1.000000e+000 0.000000e+000
      outer loop
         vertex 2.162904e-001 2.100000e+001 5.438654e+000
         vertex 6.063730e-001 2.100000e+001 5.140512e+000
         vertex 4.604347e-001 2.100000e+001 5.217838e+000
      endloop
   endfacet
   facet normal 0.000000e+000 1.000000e+000 0.000000e+000
      outer loop
         vertex 2.162904e-001 2.100000e+001 5.438654e+000
         vertex 4.604347e-001 2.100000e+001 5.217838e+000
         vertex 3.292151e-001 2.100000e+001 5.318130e+000
      endloop
   endfacet
   facet normal 0.000000e+000 1.000000e+000 0.000000e+000
      outer loop
         vertex 2.162904e-001 2.100000e+001 5.438654e+000
         vertex 1.247451e-001 2.100000e+001 5.576120e+000
         vertex 1.794510e+000 2.100000e+001 5.452530e+000
      endloop
   endfacet
   facet normal 0.000000e+000 1.000000e+000 0.000000e+000
      outer loop
         vertex 1.794510e+000 2.100000e+001 5.452530e+000
         vertex 1.247451e-001 2.100000e+001 5.576120e+000
         vertex 5.707517e-002 2.100000e+001 5.726778e+000
      endloop
   endfacet
   facet normal 0.000000e+000 1.000000e+000 0.000000e+000
      outer loop
         vertex 1.794510e+000 2.100000e+001 5.452530e+000
         vertex 5.707517e-002 2.100000e+001 5.726778e+000
         vertex 1.512468e-002 2.100000e+001 5.886520e+000
      endloop
   endfacet
   facet normal 0.000000e+000 1.000000e+000 0.000000e+000
      outer loop
         vertex 4.563348e+001 2.100000e+001 2.386748e+001
         vertex 4.586459e+001 2.100000e+001 2.409859e+001
         vertex 4.680445e+001 2.100000e+001 2.436631e+001
      endloop
   endfacet
   facet normal 0.000000e+000 1.000000e+000 0.000000e+000
      outer loop
         vertex 4.680445e+001 2.100000e+001 2.436631e+001
         vertex 4.586459e+001 2.100000e+001 2.409859e+001
         vertex 4.605205e+001 2.100000e+001 2.436631e+001
      endloop
   endfacet
   facet normal 0.000000e+000 1.000000e+000 0.000000e+000
      outer loop
         vertex 4.680445e+001 2.100000e+001 2.436631e+001
         vertex 4.605205e+001 2.100000e+001 2.436631e+001
         vertex 4.619018e+001 2.100000e+001 2.466253e+001
      endloop
   endfacet
   facet normal 0.000000e+000 1.000000e+000 0.000000e+000
      outer loop
         vertex 1.512468e-002 2.100000e+001 5.886520e+000
         vertex 4.097819e-005 2.100000e+001 6.050989e+000
         vertex 1.794510e+000 2.100000e+001 5.452530e+000
      endloop
   endfacet
   facet normal 0.000000e+000 1.000000e+000 0.000000e+000
      outer loop
         vertex 1.794510e+000 2.100000e+001 5.452530e+000
         vertex 4.097819e-005 2.100000e+001 6.050989e+000
         vertex 1.223013e-002 2.100000e+001 6.215697e+000
      endloop
   endfacet
   facet normal 0.000000e+000 1.000000e+000 0.000000e+000
      outer loop
         vertex 1.794510e+000 2.100000e+001 5.452530e+000
         vertex 1.223013e-002 2.100000e+001 6.215697e+000
         vertex 5.136430e-002 2.100000e+001 6.376152e+000
      endloop
   endfacet
   facet normal 0.000000e+000 1.000000e+000 0.000000e+000
      outer loop
         vertex 5.336575e+001 2.100000e+001 2.692761e+001
         vertex 5.306954e+001 2.100000e+001 2.706574e+001
         vertex 6.628688e+001 2.100000e+001 3.430000e+001
      endloop
   endfacet
   facet normal 0.000000e+000 1.000000e+000 0.000000e+000
      outer loop
         vertex 6.628688e+001 2.100000e+001 3.430000e+001
         vertex 5.306954e+001 2.100000e+001 2.706574e+001
         vertex 5.275385e+001 2.100000e+001 2.715033e+001
      endloop
   endfacet
   facet normal 0.000000e+000 1.000000e+000 0.000000e+000
      outer loop
         vertex 6.628688e+001 2.100000e+001 3.430000e+001
         vertex 5.275385e+001 2.100000e+001 2.715033e+001
         vertex 5.242825e+001 2.100000e+001 2.717881e+001
      endloop
   endfacet
   facet normal 0.000000e+000 1.000000e+000 0.000000e+000
      outer loop
         vertex 6.628688e+001 2.100000e+001 3.430000e+001
         vertex 4.875384e+001 2.100000e+001 2.715033e+001
         vertex 4.842825e+001 2.100000e+001 2.717881e+001
      endloop
   endfacet
   facet normal 0.000000e+000 1.000000e+000 0.000000e+000
      outer loop
         vertex 1.121126e-001 2.100000e+001 2.778016e+001
         vertex 4.571304e-002 2.100000e+001 2.794133e+001
         vertex 1.794510e+000 2.100000e+001 2.884747e+001
      endloop
   endfacet
   facet normal 0.000000e+000 1.000000e+000 0.000000e+000
      outer loop
         vertex 1.794510e+000 2.100000e+001 2.884747e+001
         vertex 4.571304e-002 2.100000e+001 2.794133e+001
         vertex 8.311123e-003 2.100000e+001 2.811158e+001
      endloop
   endfacet
   facet normal 0.000000e+000 1.000000e+000 0.000000e+000
      outer loop
         vertex 1.794510e+000 2.100000e+001 2.884747e+001
         vertex 8.311123e-003 2.100000e+001 2.811158e+001
         vertex 1.039356e-003 2.100000e+001 2.828574e+001
      endloop
   endfacet
   facet normal 0.000000e+000 1.000000e+000 0.000000e+000
      outer loop
         vertex 1.039356e-003 2.100000e+001 2.828574e+001
         vertex 2.411753e-002 2.100000e+001 2.845852e+001
         vertex 1.794510e+000 2.100000e+001 2.884747e+001
      endloop
   endfacet
   facet normal 0.000000e+000 1.000000e+000 0.000000e+000
      outer loop
         vertex 1.794510e+000 2.100000e+001 2.884747e+001
         vertex 2.411753e-002 2.100000e+001 2.845852e+001
         vertex 7.685274e-002 2.100000e+001 2.862466e+001
      endloop
   endfacet
   facet normal 0.000000e+000 1.000000e+000 0.000000e+000
      outer loop
         vertex 1.794510e+000 2.100000e+001 2.884747e+001
         vertex 7.685274e-002 2.100000e+001 2.862466e+001
         vertex 1.676992e+000 2.100000e+001 2.897621e+001
      endloop
   endfacet
   facet normal 0.000000e+000 1.000000e+000 0.000000e+000
      outer loop
         vertex 7.011108e-001 2.100000e+001 2.919451e+001
         vertex 8.713603e-001 2.100000e+001 2.923191e+001
         vertex 1.045521e+000 2.100000e+001 2.923919e+001
      endloop
   endfacet
   facet normal 0.000000e+000 1.000000e+000 0.000000e+000
      outer loop
         vertex 5.618979e+000 2.100000e+001 2.971911e+001
         vertex 5.649678e+000 2.100000e+001 2.706055e+001
         vertex 4.146211e+000 2.100000e+001 2.817022e+001
      endloop
   endfacet
   facet normal 0.000000e+000 1.000000e+000 0.000000e+000
      outer loop
         vertex 4.146211e+000 2.100000e+001 2.817022e+001
         vertex 5.649678e+000 2.100000e+001 2.706055e+001
         vertex 4.997209e+000 2.100000e+001 2.671430e+001
      endloop
   endfacet
   facet normal 0.000000e+000 1.000000e+000 0.000000e+000
      outer loop
         vertex 4.146211e+000 2.100000e+001 2.817022e+001
         vertex 4.997209e+000 2.100000e+001 2.671430e+001
         vertex 3.785282e+000 2.100000e+001 2.808110e+001
      endloop
   endfacet
   facet normal 0.000000e+000 1.000000e+000 0.000000e+000
      outer loop
         vertex 3.785282e+000 2.100000e+001 2.808110e+001
         vertex 4.997209e+000 2.100000e+001 2.671430e+001
         vertex 4.295718e+000 2.100000e+001 2.648296e+001
      endloop
   endfacet
   facet normal 0.000000e+000 1.000000e+000 0.000000e+000
      outer loop
         vertex 3.785282e+000 2.100000e+001 2.808110e+001
         vertex 4.295718e+000 2.100000e+001 2.648296e+001
         vertex 3.414374e+000 2.100000e+001 2.805587e+001
      endloop
   endfacet
   facet normal 0.000000e+000 1.000000e+000 0.000000e+000
      outer loop
         vertex 3.414374e+000 2.100000e+001 2.805587e+001
         vertex 4.295718e+000 2.100000e+001 2.648296e+001
         vertex 3.565278e+000 2.100000e+001 2.637315e+001
      endloop
   endfacet
   facet normal 0.000000e+000 1.000000e+000 0.000000e+000
      outer loop
         vertex 3.414374e+000 2.100000e+001 2.805587e+001
         vertex 3.565278e+000 2.100000e+001 2.637315e+001
         vertex 3.044702e+000 2.100000e+001 2.809529e+001
      endloop
   endfacet
   facet normal 0.000000e+000 1.000000e+000 0.000000e+000
      outer loop
         vertex 3.044702e+000 2.100000e+001 2.809529e+001
         vertex 3.565278e+000 2.100000e+001 2.637315e+001
         vertex 2.826776e+000 2.100000e+001 2.638799e+001
      endloop
   endfacet
   facet normal 0.000000e+000 1.000000e+000 0.000000e+000
      outer loop
         vertex 3.044702e+000 2.100000e+001 2.809529e+001
         vertex 2.826776e+000 2.100000e+001 2.638799e+001
         vertex 2.687454e+000 2.100000e+001 2.819817e+001
      endloop
   endfacet
   facet normal 0.000000e+000 1.000000e+000 0.000000e+000
      outer loop
         vertex 2.687454e+000 2.100000e+001 2.819817e+001
         vertex 2.826776e+000 2.100000e+001 2.638799e+001
         vertex 2.101339e+000 2.100000e+001 2.652707e+001
      endloop
   endfacet
   facet normal 0.000000e+000 1.000000e+000 0.000000e+000
      outer loop
         vertex 2.687454e+000 2.100000e+001 2.819817e+001
         vertex 2.101339e+000 2.100000e+001 2.652707e+001
         vertex 2.353437e+000 2.100000e+001 2.836140e+001
      endloop
   endfacet
   facet normal 0.000000e+000 1.000000e+000 0.000000e+000
      outer loop
         vertex 2.353437e+000 2.100000e+001 2.836140e+001
         vertex 2.101339e+000 2.100000e+001 2.652707e+001
         vertex 1.409713e+000 2.100000e+001 2.678641e+001
      endloop
   endfacet
   facet normal 0.000000e+000 1.000000e+000 0.000000e+000
      outer loop
         vertex 2.353437e+000 2.100000e+001 2.836140e+001
         vertex 1.409713e+000 2.100000e+001 2.678641e+001
         vertex 2.052758e+000 2.100000e+001 2.858004e+001
      endloop
   endfacet
   facet normal 0.000000e+000 1.000000e+000 0.000000e+000
      outer loop
         vertex 2.052758e+000 2.100000e+001 2.858004e+001
         vertex 1.409713e+000 2.100000e+001 2.678641e+001
         vertex 7.716790e-001 2.100000e+001 2.715859e+001
      endloop
   endfacet
   facet normal 0.000000e+000 1.000000e+000 0.000000e+000
      outer loop
         vertex 2.052758e+000 2.100000e+001 2.858004e+001
         vertex 7.716790e-001 2.100000e+001 2.715859e+001
         vertex 1.794510e+000 2.100000e+001 2.884747e+001
      endloop
   endfacet
   facet normal 0.000000e+000 1.000000e+000 0.000000e+000
      outer loop
         vertex 1.794510e+000 2.100000e+001 2.884747e+001
         vertex 7.716790e-001 2.100000e+001 2.715859e+001
         vertex 2.054907e-001 2.100000e+001 2.763297e+001
      endloop
   endfacet
   facet normal 0.000000e+000 1.000000e+000 0.000000e+000
      outer loop
         vertex 1.794510e+000 2.100000e+001 2.884747e+001
         vertex 2.054907e-001 2.100000e+001 2.763297e+001
         vertex 1.121126e-001 2.100000e+001 2.778016e+001
      endloop
   endfacet
   facet normal 0.000000e+000 1.000000e+000 0.000000e+000
      outer loop
         vertex 4.605205e+001 2.100000e+001 2.624131e+001
         vertex 4.680445e+001 2.100000e+001 2.624131e+001
         vertex 4.619018e+001 2.100000e+001 2.594510e+001
      endloop
   endfacet
   facet normal 0.000000e+000 1.000000e+000 0.000000e+000
      outer loop
         vertex 4.619018e+001 2.100000e+001 2.594510e+001
         vertex 4.680445e+001 2.100000e+001 2.624131e+001
         vertex 4.666633e+001 2.100000e+001 2.594510e+001
      endloop
   endfacet
   facet normal 0.000000e+000 1.000000e+000 0.000000e+000
      outer loop
         vertex 4.619018e+001 2.100000e+001 2.594510e+001
         vertex 4.666633e+001 2.100000e+001 2.594510e+001
         vertex 4.627477e+001 2.100000e+001 2.562940e+001
      endloop
   endfacet
   facet normal 0.000000e+000 1.000000e+000 0.000000e+000
      outer loop
         vertex 4.627477e+001 2.100000e+001 2.562940e+001
         vertex 4.666633e+001 2.100000e+001 2.594510e+001
         vertex 4.658174e+001 2.100000e+001 2.562940e+001
      endloop
   endfacet
   facet normal 0.000000e+000 1.000000e+000 0.000000e+000
      outer loop
         vertex 4.627477e+001 2.100000e+001 2.562940e+001
         vertex 4.658174e+001 2.100000e+001 2.562940e+001
         vertex 4.630325e+001 2.100000e+001 2.530381e+001
      endloop
   endfacet
   facet normal 0.000000e+000 1.000000e+000 0.000000e+000
      outer loop
         vertex 4.630325e+001 2.100000e+001 2.530381e+001
         vertex 4.658174e+001 2.100000e+001 2.562940e+001
         vertex 4.655325e+001 2.100000e+001 2.530381e+001
      endloop
   endfacet
   facet normal 0.000000e+000 1.000000e+000 0.000000e+000
      outer loop
         vertex 4.630325e+001 2.100000e+001 2.530381e+001
         vertex 4.655325e+001 2.100000e+001 2.530381e+001
         vertex 4.627477e+001 2.100000e+001 2.497822e+001
      endloop
   endfacet
   facet normal 0.000000e+000 1.000000e+000 0.000000e+000
      outer loop
         vertex 4.627477e+001 2.100000e+001 2.497822e+001
         vertex 4.655325e+001 2.100000e+001 2.530381e+001
         vertex 4.658174e+001 2.100000e+001 2.497822e+001
      endloop
   endfacet
   facet normal 0.000000e+000 1.000000e+000 0.000000e+000
      outer loop
         vertex 4.627477e+001 2.100000e+001 2.497822e+001
         vertex 4.658174e+001 2.100000e+001 2.497822e+001
         vertex 4.619018e+001 2.100000e+001 2.466253e+001
      endloop
   endfacet
   facet normal 0.000000e+000 1.000000e+000 0.000000e+000
      outer loop
         vertex 4.619018e+001 2.100000e+001 2.466253e+001
         vertex 4.658174e+001 2.100000e+001 2.497822e+001
         vertex 4.666633e+001 2.100000e+001 2.466253e+001
      endloop
   endfacet
   facet normal 0.000000e+000 1.000000e+000 0.000000e+000
      outer loop
         vertex 4.619018e+001 2.100000e+001 2.466253e+001
         vertex 4.666633e+001 2.100000e+001 2.466253e+001
         vertex 4.680445e+001 2.100000e+001 2.436631e+001
      endloop
   endfacet
   facet normal 0.000000e+000 1.000000e+000 0.000000e+000
      outer loop
         vertex 4.563348e+001 2.100000e+001 2.386748e+001
         vertex 4.680445e+001 2.100000e+001 2.436631e+001
         vertex 4.536575e+001 2.100000e+001 2.368002e+001
      endloop
   endfacet
   facet normal 0.000000e+000 1.000000e+000 0.000000e+000
      outer loop
         vertex 4.536575e+001 2.100000e+001 2.368002e+001
         vertex 4.680445e+001 2.100000e+001 2.436631e+001
         vertex 4.699192e+001 2.100000e+001 2.409859e+001
      endloop
   endfacet
   facet normal 0.000000e+000 1.000000e+000 0.000000e+000
      outer loop
         vertex 4.536575e+001 2.100000e+001 2.368002e+001
         vertex 4.699192e+001 2.100000e+001 2.409859e+001
         vertex 4.506954e+001 2.100000e+001 2.354189e+001
      endloop
   endfacet
   facet normal 0.000000e+000 1.000000e+000 0.000000e+000
      outer loop
         vertex 4.506954e+001 2.100000e+001 2.354189e+001
         vertex 4.699192e+001 2.100000e+001 2.409859e+001
         vertex 4.722302e+001 2.100000e+001 2.386748e+001
      endloop
   endfacet
   facet normal 0.000000e+000 1.000000e+000 0.000000e+000
      outer loop
         vertex 4.506954e+001 2.100000e+001 2.354189e+001
         vertex 4.722302e+001 2.100000e+001 2.386748e+001
         vertex 4.749075e+001 2.100000e+001 2.368002e+001
      endloop
   endfacet
   facet normal 0.000000e+000 1.000000e+000 0.000000e+000
      outer loop
         vertex 5.336575e+001 2.100000e+001 2.368002e+001
         vertex 5.363348e+001 2.100000e+001 2.386748e+001
         vertex 5.398689e+001 2.100000e+001 1.140000e+001
      endloop
   endfacet
   facet normal 0.000000e+000 1.000000e+000 0.000000e+000
      outer loop
         vertex 5.398689e+001 2.100000e+001 1.140000e+001
         vertex 5.363348e+001 2.100000e+001 2.386748e+001
         vertex 5.386458e+001 2.100000e+001 2.409859e+001
      endloop
   endfacet
   facet normal 0.000000e+000 1.000000e+000 0.000000e+000
      outer loop
         vertex 5.398689e+001 2.100000e+001 1.140000e+001
         vertex 5.386458e+001 2.100000e+001 2.409859e+001
         vertex 5.405205e+001 2.100000e+001 2.436631e+001
      endloop
   endfacet
   facet normal 0.000000e+000 1.000000e+000 0.000000e+000
      outer loop
         vertex 5.027477e+001 2.100000e+001 2.562940e+001
         vertex 5.058174e+001 2.100000e+001 2.562940e+001
         vertex 5.030325e+001 2.100000e+001 2.530381e+001
      endloop
   endfacet
   facet normal 0.000000e+000 1.000000e+000 0.000000e+000
      outer loop
         vertex 5.030325e+001 2.100000e+001 2.530381e+001
         vertex 5.058174e+001 2.100000e+001 2.562940e+001
         vertex 5.055325e+001 2.100000e+001 2.530381e+001
      endloop
   endfacet
   facet normal 0.000000e+000 1.000000e+000 0.000000e+000
      outer loop
         vertex 5.030325e+001 2.100000e+001 2.530381e+001
         vertex 5.055325e+001 2.100000e+001 2.530381e+001
         vertex 5.027477e+001 2.100000e+001 2.497822e+001
      endloop
   endfacet
   facet normal 0.000000e+000 1.000000e+000 0.000000e+000
      outer loop
         vertex 5.027477e+001 2.100000e+001 2.497822e+001
         vertex 5.055325e+001 2.100000e+001 2.530381e+001
         vertex 5.058174e+001 2.100000e+001 2.497822e+001
      endloop
   endfacet
   facet normal 0.000000e+000 1.000000e+000 0.000000e+000
      outer loop
         vertex 5.027477e+001 2.100000e+001 2.497822e+001
         vertex 5.058174e+001 2.100000e+001 2.497822e+001
         vertex 5.019018e+001 2.100000e+001 2.466253e+001
      endloop
   endfacet
   facet normal 0.000000e+000 1.000000e+000 0.000000e+000
      outer loop
         vertex 5.019018e+001 2.100000e+001 2.466253e+001
         vertex 5.058174e+001 2.100000e+001 2.497822e+001
         vertex 5.066633e+001 2.100000e+001 2.466253e+001
      endloop
   endfacet
   facet normal 0.000000e+000 1.000000e+000 0.000000e+000
      outer loop
         vertex 5.019018e+001 2.100000e+001 2.466253e+001
         vertex 5.066633e+001 2.100000e+001 2.466253e+001
         vertex 5.005205e+001 2.100000e+001 2.436631e+001
      endloop
   endfacet
   facet normal 0.000000e+000 1.000000e+000 0.000000e+000
      outer loop
         vertex 5.005205e+001 2.100000e+001 2.436631e+001
         vertex 5.066633e+001 2.100000e+001 2.466253e+001
         vertex 5.080445e+001 2.100000e+001 2.436631e+001
      endloop
   endfacet
   facet normal 0.000000e+000 1.000000e+000 0.000000e+000
      outer loop
         vertex 5.005205e+001 2.100000e+001 2.436631e+001
         vertex 5.080445e+001 2.100000e+001 2.436631e+001
         vertex 5.099192e+001 2.100000e+001 2.409859e+001
      endloop
   endfacet
   facet normal 0.000000e+000 1.000000e+000 0.000000e+000
      outer loop
         vertex 4.875384e+001 2.100000e+001 2.715033e+001
         vertex 6.628688e+001 2.100000e+001 3.430000e+001
         vertex 4.906954e+001 2.100000e+001 2.706574e+001
      endloop
   endfacet
   facet normal 0.000000e+000 1.000000e+000 0.000000e+000
      outer loop
         vertex 4.906954e+001 2.100000e+001 2.706574e+001
         vertex 6.628688e+001 2.100000e+001 3.430000e+001
         vertex 5.242825e+001 2.100000e+001 2.717881e+001
      endloop
   endfacet
   facet normal 0.000000e+000 1.000000e+000 0.000000e+000
      outer loop
         vertex 4.906954e+001 2.100000e+001 2.706574e+001
         vertex 5.242825e+001 2.100000e+001 2.717881e+001
         vertex 4.936575e+001 2.100000e+001 2.692761e+001
      endloop
   endfacet
   facet normal 0.000000e+000 1.000000e+000 0.000000e+000
      outer loop
         vertex 4.936575e+001 2.100000e+001 2.692761e+001
         vertex 5.242825e+001 2.100000e+001 2.717881e+001
         vertex 5.210266e+001 2.100000e+001 2.715033e+001
      endloop
   endfacet
   facet normal 0.000000e+000 1.000000e+000 0.000000e+000
      outer loop
         vertex 4.936575e+001 2.100000e+001 2.692761e+001
         vertex 5.210266e+001 2.100000e+001 2.715033e+001
         vertex 5.178697e+001 2.100000e+001 2.706574e+001
      endloop
   endfacet
   facet normal 0.000000e+000 1.000000e+000 0.000000e+000
      outer loop
         vertex 4.475384e+001 2.100000e+001 2.715033e+001
         vertex 6.628688e+001 2.100000e+001 3.430000e+001
         vertex 4.506954e+001 2.100000e+001 2.706574e+001
      endloop
   endfacet
   facet normal 0.000000e+000 1.000000e+000 0.000000e+000
      outer loop
         vertex 4.506954e+001 2.100000e+001 2.706574e+001
         vertex 6.628688e+001 2.100000e+001 3.430000e+001
         vertex 4.842825e+001 2.100000e+001 2.717881e+001
      endloop
   endfacet
   facet normal 0.000000e+000 1.000000e+000 0.000000e+000
      outer loop
         vertex 4.506954e+001 2.100000e+001 2.706574e+001
         vertex 4.842825e+001 2.100000e+001 2.717881e+001
         vertex 4.536575e+001 2.100000e+001 2.692761e+001
      endloop
   endfacet
   facet normal 0.000000e+000 1.000000e+000 0.000000e+000
      outer loop
         vertex 4.536575e+001 2.100000e+001 2.692761e+001
         vertex 4.842825e+001 2.100000e+001 2.717881e+001
         vertex 4.810266e+001 2.100000e+001 2.715033e+001
      endloop
   endfacet
   facet normal 0.000000e+000 1.000000e+000 0.000000e+000
      outer loop
         vertex 4.536575e+001 2.100000e+001 2.692761e+001
         vertex 4.810266e+001 2.100000e+001 2.715033e+001
         vertex 4.778696e+001 2.100000e+001 2.706574e+001
      endloop
   endfacet
   facet normal 0.000000e+000 1.000000e+000 0.000000e+000
      outer loop
         vertex 5.027477e+001 2.100000e+001 2.562940e+001
         vertex 5.019018e+001 2.100000e+001 2.594510e+001
         vertex 5.066633e+001 2.100000e+001 2.594510e+001
      endloop
   endfacet
   facet normal 0.000000e+000 1.000000e+000 0.000000e+000
      outer loop
         vertex 5.066633e+001 2.100000e+001 2.594510e+001
         vertex 5.019018e+001 2.100000e+001 2.594510e+001
         vertex 5.005205e+001 2.100000e+001 2.624131e+001
      endloop
   endfacet
   facet normal 0.000000e+000 1.000000e+000 0.000000e+000
      outer loop
         vertex 5.066633e+001 2.100000e+001 2.594510e+001
         vertex 5.005205e+001 2.100000e+001 2.624131e+001
         vertex 5.080445e+001 2.100000e+001 2.624131e+001
      endloop
   endfacet
   facet normal 0.000000e+000 1.000000e+000 0.000000e+000
      outer loop
         vertex 5.080445e+001 2.100000e+001 2.624131e+001
         vertex 5.005205e+001 2.100000e+001 2.624131e+001
         vertex 4.986459e+001 2.100000e+001 2.650904e+001
      endloop
   endfacet
   facet normal 0.000000e+000 1.000000e+000 0.000000e+000
      outer loop
         vertex 5.080445e+001 2.100000e+001 2.624131e+001
         vertex 4.986459e+001 2.100000e+001 2.650904e+001
         vertex 5.099192e+001 2.100000e+001 2.650904e+001
      endloop
   endfacet
   facet normal 0.000000e+000 1.000000e+000 0.000000e+000
      outer loop
         vertex 5.099192e+001 2.100000e+001 2.650904e+001
         vertex 4.986459e+001 2.100000e+001 2.650904e+001
         vertex 5.122303e+001 2.100000e+001 2.674015e+001
      endloop
   endfacet
   facet normal 0.000000e+000 1.000000e+000 0.000000e+000
      outer loop
         vertex 1.218297e+000 2.100000e+001 2.921610e+001
         vertex 1.384441e+000 2.100000e+001 2.916337e+001
         vertex 2.640113e-001 2.100000e+001 2.891721e+001
      endloop
   endfacet
   facet normal 0.000000e+000 1.000000e+000 0.000000e+000
      outer loop
         vertex 2.685620e+001 2.100000e+001 2.889525e+001
         vertex 4.266633e+001 2.100000e+001 2.594510e+001
         vertex 2.836525e+001 2.100000e+001 2.748404e+001
      endloop
   endfacet
   facet normal 0.000000e+000 1.000000e+000 0.000000e+000
      outer loop
         vertex 2.836525e+001 2.100000e+001 2.748404e+001
         vertex 4.266633e+001 2.100000e+001 2.594510e+001
         vertex 4.258174e+001 2.100000e+001 2.562940e+001
      endloop
   endfacet
   facet normal 0.000000e+000 1.000000e+000 0.000000e+000
      outer loop
         vertex 2.836525e+001 2.100000e+001 2.748404e+001
         vertex 4.258174e+001 2.100000e+001 2.562940e+001
         vertex 4.255325e+001 2.100000e+001 2.530381e+001
      endloop
   endfacet
   facet normal 0.000000e+000 1.000000e+000 0.000000e+000
      outer loop
         vertex 2.138942e+001 2.100000e+001 3.173396e+001
         vertex 1.728689e+001 2.100000e+001 3.430000e+001
         vertex 2.333554e+001 2.100000e+001 3.104015e+001
      endloop
   endfacet
   facet normal 0.000000e+000 1.000000e+000 0.000000e+000
      outer loop
         vertex 2.333554e+001 2.100000e+001 3.104015e+001
         vertex 1.728689e+001 2.100000e+001 3.430000e+001
         vertex 4.266633e+001 2.100000e+001 2.594510e+001
      endloop
   endfacet
   facet normal 0.000000e+000 1.000000e+000 0.000000e+000
      outer loop
         vertex 2.333554e+001 2.100000e+001 3.104015e+001
         vertex 4.266633e+001 2.100000e+001 2.594510e+001
         vertex 2.516917e+001 2.100000e+001 3.008801e+001
      endloop
   endfacet
   facet normal 0.000000e+000 1.000000e+000 0.000000e+000
      outer loop
         vertex 2.516917e+001 2.100000e+001 3.008801e+001
         vertex 4.266633e+001 2.100000e+001 2.594510e+001
         vertex 2.685620e+001 2.100000e+001 2.889525e+001
      endloop
   endfacet
   facet normal 0.000000e+000 1.000000e+000 0.000000e+000
      outer loop
         vertex 3.212051e+001 2.100000e+001 1.407007e+001
         vertex 3.240162e+001 2.100000e+001 1.611695e+001
         vertex 3.958689e+001 2.100000e+001 1.140000e+001
      endloop
   endfacet
   facet normal 0.000000e+000 1.000000e+000 0.000000e+000
      outer loop
         vertex 3.958689e+001 2.100000e+001 1.140000e+001
         vertex 3.240162e+001 2.100000e+001 1.611695e+001
         vertex 4.299192e+001 2.100000e+001 2.409859e+001
      endloop
   endfacet
   facet normal 0.000000e+000 1.000000e+000 0.000000e+000
      outer loop
         vertex 3.958689e+001 2.100000e+001 1.140000e+001
         vertex 4.299192e+001 2.100000e+001 2.409859e+001
         vertex 5.398689e+001 2.100000e+001 1.140000e+001
      endloop
   endfacet
   facet normal 0.000000e+000 1.000000e+000 0.000000e+000
      outer loop
         vertex 5.398689e+001 2.100000e+001 1.140000e+001
         vertex 4.299192e+001 2.100000e+001 2.409859e+001
         vertex 4.322302e+001 2.100000e+001 2.386748e+001
      endloop
   endfacet
   facet normal 0.000000e+000 1.000000e+000 0.000000e+000
      outer loop
         vertex 5.398689e+001 2.100000e+001 1.140000e+001
         vertex 4.322302e+001 2.100000e+001 2.386748e+001
         vertex 4.349075e+001 2.100000e+001 2.368002e+001
      endloop
   endfacet
   facet normal 0.000000e+000 1.000000e+000 0.000000e+000
      outer loop
         vertex 7.011108e-001 2.100000e+001 2.919451e+001
         vertex 1.045521e+000 2.100000e+001 2.923919e+001
         vertex 5.399399e-001 2.100000e+001 2.912811e+001
      endloop
   endfacet
   facet normal 0.000000e+000 1.000000e+000 0.000000e+000
      outer loop
         vertex 7.685274e-002 2.100000e+001 2.862466e+001
         vertex 1.576319e-001 2.100000e+001 2.877912e+001
         vertex 1.676992e+000 2.100000e+001 2.897621e+001
      endloop
   endfacet
   facet normal 0.000000e+000 1.000000e+000 0.000000e+000
      outer loop
         vertex 1.676992e+000 2.100000e+001 2.897621e+001
         vertex 1.576319e-001 2.100000e+001 2.877912e+001
         vertex 2.640113e-001 2.100000e+001 2.891721e+001
      endloop
   endfacet
   facet normal 0.000000e+000 1.000000e+000 0.000000e+000
      outer loop
         vertex 1.676992e+000 2.100000e+001 2.897621e+001
         vertex 2.640113e-001 2.100000e+001 2.891721e+001
         vertex 1.538906e+000 2.100000e+001 2.908259e+001
      endloop
   endfacet
   facet normal 0.000000e+000 1.000000e+000 0.000000e+000
      outer loop
         vertex 1.538906e+000 2.100000e+001 2.908259e+001
         vertex 2.640113e-001 2.100000e+001 2.891721e+001
         vertex 1.384441e+000 2.100000e+001 2.916337e+001
      endloop
   endfacet
   facet normal 0.000000e+000 1.000000e+000 0.000000e+000
      outer loop
         vertex 2.138942e+001 2.100000e+001 3.173396e+001
         vertex 1.936699e+001 2.100000e+001 3.215652e+001
         vertex 1.728689e+001 2.100000e+001 3.430000e+001
      endloop
   endfacet
   facet normal 0.000000e+000 1.000000e+000 0.000000e+000
      outer loop
         vertex 1.728689e+001 2.100000e+001 3.430000e+001
         vertex 1.936699e+001 2.100000e+001 3.215652e+001
         vertex 1.730588e+001 2.100000e+001 3.229999e+001
      endloop
   endfacet
   facet normal 0.000000e+000 1.000000e+000 0.000000e+000
      outer loop
         vertex 1.728689e+001 2.100000e+001 3.430000e+001
         vertex 1.730588e+001 2.100000e+001 3.229999e+001
         vertex 1.515373e+001 2.100000e+001 3.416682e+001
      endloop
   endfacet
   facet normal 0.000000e+000 1.000000e+000 0.000000e+000
      outer loop
         vertex 1.515373e+001 2.100000e+001 3.416682e+001
         vertex 1.730588e+001 2.100000e+001 3.229999e+001
         vertex 1.524442e+001 2.100000e+001 3.216169e+001
      endloop
   endfacet
   facet normal 0.000000e+000 1.000000e+000 0.000000e+000
      outer loop
         vertex 1.515373e+001 2.100000e+001 3.416682e+001
         vertex 1.524442e+001 2.100000e+001 3.216169e+001
         vertex 1.305370e+001 2.100000e+001 3.376935e+001
      endloop
   endfacet
   facet normal 0.000000e+000 1.000000e+000 0.000000e+000
      outer loop
         vertex 1.305370e+001 2.100000e+001 3.376935e+001
         vertex 1.524442e+001 2.100000e+001 3.216169e+001
         vertex 1.322094e+001 2.100000e+001 3.174420e+001
      endloop
   endfacet
   facet normal 0.000000e+000 1.000000e+000 0.000000e+000
      outer loop
         vertex 1.305370e+001 2.100000e+001 3.376935e+001
         vertex 1.322094e+001 2.100000e+001 3.174420e+001
         vertex 1.101942e+001 2.100000e+001 3.311375e+001
      endloop
   endfacet
   facet normal 0.000000e+000 1.000000e+000 0.000000e+000
      outer loop
         vertex 1.101942e+001 2.100000e+001 3.311375e+001
         vertex 1.322094e+001 2.100000e+001 3.174420e+001
         vertex 1.127309e+001 2.100000e+001 3.105528e+001
      endloop
   endfacet
   facet normal 0.000000e+000 1.000000e+000 0.000000e+000
      outer loop
         vertex 1.101942e+001 2.100000e+001 3.311375e+001
         vertex 1.127309e+001 2.100000e+001 3.105528e+001
         vertex 9.082478e+000 2.100000e+001 3.221022e+001
      endloop
   endfacet
   facet normal 0.000000e+000 1.000000e+000 0.000000e+000
      outer loop
         vertex 9.082478e+000 2.100000e+001 3.221022e+001
         vertex 1.127309e+001 2.100000e+001 3.105528e+001
         vertex 9.437077e+000 2.100000e+001 3.010774e+001
      endloop
   endfacet
   facet normal 0.000000e+000 1.000000e+000 0.000000e+000
      outer loop
         vertex 9.082478e+000 2.100000e+001 3.221022e+001
         vertex 9.437077e+000 2.100000e+001 3.010774e+001
         vertex 7.272963e+000 2.100000e+001 3.107278e+001
      endloop
   endfacet
   facet normal 0.000000e+000 1.000000e+000 0.000000e+000
      outer loop
         vertex 7.272963e+000 2.100000e+001 3.107278e+001
         vertex 9.437077e+000 2.100000e+001 3.010774e+001
         vertex 7.747062e+000 2.100000e+001 2.891921e+001
      endloop
   endfacet
   facet normal 0.000000e+000 1.000000e+000 0.000000e+000
      outer loop
         vertex 7.272963e+000 2.100000e+001 3.107278e+001
         vertex 7.747062e+000 2.100000e+001 2.891921e+001
         vertex 5.618979e+000 2.100000e+001 2.971911e+001
      endloop
   endfacet
   facet normal 0.000000e+000 1.000000e+000 0.000000e+000
      outer loop
         vertex 5.618979e+000 2.100000e+001 2.971911e+001
         vertex 7.747062e+000 2.100000e+001 2.891921e+001
         vertex 6.234471e+000 2.100000e+001 2.751179e+001
      endloop
   endfacet
   facet normal 0.000000e+000 1.000000e+000 0.000000e+000
      outer loop
         vertex 5.618979e+000 2.100000e+001 2.971911e+001
         vertex 6.234471e+000 2.100000e+001 2.751179e+001
         vertex 5.649678e+000 2.100000e+001 2.706055e+001
      endloop
   endfacet
   facet normal 0.000000e+000 1.000000e+000 0.000000e+000
      outer loop
         vertex 4.810266e+001 2.100000e+001 2.345730e+001
         vertex 4.842825e+001 2.100000e+001 2.342881e+001
         vertex 5.398689e+001 2.100000e+001 1.140000e+001
      endloop
   endfacet
   facet normal 0.000000e+000 1.000000e+000 0.000000e+000
      outer loop
         vertex 5.398689e+001 2.100000e+001 1.140000e+001
         vertex 4.842825e+001 2.100000e+001 2.342881e+001
         vertex 4.875384e+001 2.100000e+001 2.345730e+001
      endloop
   endfacet
   facet normal 0.000000e+000 1.000000e+000 0.000000e+000
      outer loop
         vertex 5.398689e+001 2.100000e+001 1.140000e+001
         vertex 4.875384e+001 2.100000e+001 2.345730e+001
         vertex 4.906954e+001 2.100000e+001 2.354189e+001
      endloop
   endfacet
   facet normal 0.000000e+000 1.000000e+000 0.000000e+000
      outer loop
         vertex 5.242825e+001 2.100000e+001 2.342881e+001
         vertex 5.275385e+001 2.100000e+001 2.345730e+001
         vertex 5.398689e+001 2.100000e+001 1.140000e+001
      endloop
   endfacet
   facet normal 0.000000e+000 1.000000e+000 0.000000e+000
      outer loop
         vertex 5.398689e+001 2.100000e+001 1.140000e+001
         vertex 5.275385e+001 2.100000e+001 2.345730e+001
         vertex 5.306954e+001 2.100000e+001 2.354189e+001
      endloop
   endfacet
   facet normal 0.000000e+000 1.000000e+000 0.000000e+000
      outer loop
         vertex 5.398689e+001 2.100000e+001 1.140000e+001
         vertex 5.306954e+001 2.100000e+001 2.354189e+001
         vertex 5.336575e+001 2.100000e+001 2.368002e+001
      endloop
   endfacet
   facet normal 0.000000e+000 1.000000e+000 0.000000e+000
      outer loop
         vertex 1.218297e+000 2.100000e+001 2.921610e+001
         vertex 2.640113e-001 2.100000e+001 2.891721e+001
         vertex 1.045521e+000 2.100000e+001 2.923919e+001
      endloop
   endfacet
   facet normal 0.000000e+000 1.000000e+000 0.000000e+000
      outer loop
         vertex 1.045521e+000 2.100000e+001 2.923919e+001
         vertex 2.640113e-001 2.100000e+001 2.891721e+001
         vertex 3.927499e-001 2.100000e+001 2.903473e+001
      endloop
   endfacet
   facet normal 0.000000e+000 1.000000e+000 0.000000e+000
      outer loop
         vertex 1.045521e+000 2.100000e+001 2.923919e+001
         vertex 3.927499e-001 2.100000e+001 2.903473e+001
         vertex 5.399399e-001 2.100000e+001 2.912811e+001
      endloop
   endfacet
   facet normal 0.000000e+000 1.000000e+000 0.000000e+000
      outer loop
         vertex 4.906954e+001 2.100000e+001 2.354189e+001
         vertex 4.936575e+001 2.100000e+001 2.368002e+001
         vertex 5.398689e+001 2.100000e+001 1.140000e+001
      endloop
   endfacet
   facet normal 0.000000e+000 1.000000e+000 0.000000e+000
      outer loop
         vertex 5.398689e+001 2.100000e+001 1.140000e+001
         vertex 4.936575e+001 2.100000e+001 2.368002e+001
         vertex 4.963348e+001 2.100000e+001 2.386748e+001
      endloop
   endfacet
   facet normal 0.000000e+000 1.000000e+000 0.000000e+000
      outer loop
         vertex 5.398689e+001 2.100000e+001 1.140000e+001
         vertex 4.963348e+001 2.100000e+001 2.386748e+001
         vertex 4.986459e+001 2.100000e+001 2.409859e+001
      endloop
   endfacet
   facet normal 0.000000e+000 1.000000e+000 0.000000e+000
      outer loop
         vertex 4.349075e+001 2.100000e+001 2.368002e+001
         vertex 4.378696e+001 2.100000e+001 2.354189e+001
         vertex 5.398689e+001 2.100000e+001 1.140000e+001
      endloop
   endfacet
   facet normal 0.000000e+000 1.000000e+000 0.000000e+000
      outer loop
         vertex 5.398689e+001 2.100000e+001 1.140000e+001
         vertex 4.378696e+001 2.100000e+001 2.354189e+001
         vertex 4.410266e+001 2.100000e+001 2.345730e+001
      endloop
   endfacet
   facet normal 0.000000e+000 1.000000e+000 0.000000e+000
      outer loop
         vertex 5.398689e+001 2.100000e+001 1.140000e+001
         vertex 4.410266e+001 2.100000e+001 2.345730e+001
         vertex 4.442825e+001 2.100000e+001 2.342881e+001
      endloop
   endfacet
   facet normal 0.000000e+000 1.000000e+000 0.000000e+000
      outer loop
         vertex 5.099192e+001 2.100000e+001 2.409859e+001
         vertex 5.122303e+001 2.100000e+001 2.386748e+001
         vertex 5.005205e+001 2.100000e+001 2.436631e+001
      endloop
   endfacet
   facet normal 0.000000e+000 1.000000e+000 0.000000e+000
      outer loop
         vertex 5.005205e+001 2.100000e+001 2.436631e+001
         vertex 5.122303e+001 2.100000e+001 2.386748e+001
         vertex 5.149075e+001 2.100000e+001 2.368002e+001
      endloop
   endfacet
   facet normal 0.000000e+000 1.000000e+000 0.000000e+000
      outer loop
         vertex 5.005205e+001 2.100000e+001 2.436631e+001
         vertex 5.149075e+001 2.100000e+001 2.368002e+001
         vertex 4.986459e+001 2.100000e+001 2.409859e+001
      endloop
   endfacet
   facet normal 0.000000e+000 1.000000e+000 0.000000e+000
      outer loop
         vertex 4.986459e+001 2.100000e+001 2.409859e+001
         vertex 5.149075e+001 2.100000e+001 2.368002e+001
         vertex 5.178697e+001 2.100000e+001 2.354189e+001
      endloop
   endfacet
   facet normal 0.000000e+000 1.000000e+000 0.000000e+000
      outer loop
         vertex 4.986459e+001 2.100000e+001 2.409859e+001
         vertex 5.178697e+001 2.100000e+001 2.354189e+001
         vertex 5.398689e+001 2.100000e+001 1.140000e+001
      endloop
   endfacet
   facet normal 0.000000e+000 1.000000e+000 0.000000e+000
      outer loop
         vertex 5.398689e+001 2.100000e+001 1.140000e+001
         vertex 5.178697e+001 2.100000e+001 2.354189e+001
         vertex 5.210266e+001 2.100000e+001 2.345730e+001
      endloop
   endfacet
   facet normal 0.000000e+000 1.000000e+000 0.000000e+000
      outer loop
         vertex 5.398689e+001 2.100000e+001 1.140000e+001
         vertex 5.210266e+001 2.100000e+001 2.345730e+001
         vertex 5.242825e+001 2.100000e+001 2.342881e+001
      endloop
   endfacet
   facet normal 0.000000e+000 1.000000e+000 0.000000e+000
      outer loop
         vertex 4.810266e+001 2.100000e+001 2.345730e+001
         vertex 5.398689e+001 2.100000e+001 1.140000e+001
         vertex 4.778696e+001 2.100000e+001 2.354189e+001
      endloop
   endfacet
   facet normal 0.000000e+000 1.000000e+000 0.000000e+000
      outer loop
         vertex 4.778696e+001 2.100000e+001 2.354189e+001
         vertex 5.398689e+001 2.100000e+001 1.140000e+001
         vertex 4.442825e+001 2.100000e+001 2.342881e+001
      endloop
   endfacet
   facet normal 0.000000e+000 1.000000e+000 0.000000e+000
      outer loop
         vertex 4.778696e+001 2.100000e+001 2.354189e+001
         vertex 4.442825e+001 2.100000e+001 2.342881e+001
         vertex 4.749075e+001 2.100000e+001 2.368002e+001
      endloop
   endfacet
   facet normal 0.000000e+000 1.000000e+000 0.000000e+000
      outer loop
         vertex 4.749075e+001 2.100000e+001 2.368002e+001
         vertex 4.442825e+001 2.100000e+001 2.342881e+001
         vertex 4.475384e+001 2.100000e+001 2.345730e+001
      endloop
   endfacet
   facet normal 0.000000e+000 1.000000e+000 0.000000e+000
      outer loop
         vertex 4.749075e+001 2.100000e+001 2.368002e+001
         vertex 4.475384e+001 2.100000e+001 2.345730e+001
         vertex 4.506954e+001 2.100000e+001 2.354189e+001
      endloop
   endfacet
   facet normal -7.388711e-001 0.000000e+000 6.738468e-001
      outer loop
         vertex 4.146211e+000 2.100000e+001 2.817022e+001
         vertex 4.146211e+000 0.000000e+000 2.817022e+001
         vertex 5.618979e+000 0.000000e+000 2.971911e+001
      endloop
   endfacet
   facet normal -7.101963e-001 0.000000e+000 7.040037e-001
      outer loop
         vertex 4.146211e+000 2.100000e+001 2.817022e+001
         vertex 5.618979e+000 0.000000e+000 2.971911e+001
         vertex 5.618979e+000 2.100000e+001 2.971911e+001
      endloop
   endfacet
   facet normal -6.493185e-001 0.000000e+000 7.605166e-001
      outer loop
         vertex 5.618979e+000 2.100000e+001 2.971911e+001
         vertex 5.618979e+000 0.000000e+000 2.971911e+001
         vertex 7.272963e+000 0.000000e+000 3.107278e+001
      endloop
   endfacet
   facet normal -6.171154e-001 0.000000e+000 7.868726e-001
      outer loop
         vertex 5.618979e+000 2.100000e+001 2.971911e+001
         vertex 7.272963e+000 0.000000e+000 3.107278e+001
         vertex 7.272963e+000 2.100000e+001 3.107278e+001
      endloop
   endfacet
   facet normal -5.496812e-001 0.000000e+000 8.353745e-001
      outer loop
         vertex 7.272963e+000 2.100000e+001 3.107278e+001
         vertex 7.272963e+000 0.000000e+000 3.107278e+001
         vertex 9.082478e+000 0.000000e+000 3.221022e+001
      endloop
   endfacet
   facet normal -5.144500e-001 0.000000e+000 8.575203e-001
      outer loop
         vertex 7.272963e+000 2.100000e+001 3.107278e+001
         vertex 9.082478e+000 0.000000e+000 3.221022e+001
         vertex 9.082478e+000 2.100000e+001 3.221022e+001
      endloop
   endfacet
   facet normal -4.415067e-001 0.000000e+000 8.972580e-001
      outer loop
         vertex 9.082478e+000 2.100000e+001 3.221022e+001
         vertex 9.082478e+000 0.000000e+000 3.221022e+001
         vertex 1.101942e+001 0.000000e+000 3.311375e+001
      endloop
   endfacet
   facet normal -4.037945e-001 0.000000e+000 9.148498e-001
      outer loop
         vertex 9.082478e+000 2.100000e+001 3.221022e+001
         vertex 1.101942e+001 0.000000e+000 3.311375e+001
         vertex 1.101942e+001 2.100000e+001 3.311375e+001
      endloop
   endfacet
   facet normal -3.264750e-001 0.000000e+000 9.452059e-001
      outer loop
         vertex 1.101942e+001 2.100000e+001 3.311375e+001
         vertex 1.101942e+001 0.000000e+000 3.311375e+001
         vertex 1.305370e+001 0.000000e+000 3.376935e+001
      endloop
   endfacet
   facet normal -2.868676e-001 0.000000e+000 9.579703e-001
      outer loop
         vertex 1.101942e+001 2.100000e+001 3.311375e+001
         vertex 1.305370e+001 0.000000e+000 3.376935e+001
         vertex 1.305370e+001 2.100000e+001 3.376935e+001
      endloop
   endfacet
   facet normal -2.063726e-001 0.000000e+000 9.784735e-001
      outer loop
         vertex 1.305370e+001 2.100000e+001 3.376935e+001
         vertex 1.305370e+001 0.000000e+000 3.376935e+001
         vertex 1.515373e+001 0.000000e+000 3.416682e+001
      endloop
   endfacet
   facet normal -1.654851e-001 0.000000e+000 9.862123e-001
      outer loop
         vertex 1.305370e+001 2.100000e+001 3.376935e+001
         vertex 1.515373e+001 0.000000e+000 3.416682e+001
         vertex 1.515373e+001 2.100000e+001 3.416682e+001
      endloop
   endfacet
   facet normal -8.306510e-002 0.000000e+000 9.965441e-001
      outer loop
         vertex 1.515373e+001 2.100000e+001 3.416682e+001
         vertex 1.515373e+001 0.000000e+000 3.416682e+001
         vertex 1.728689e+001 0.000000e+000 3.430000e+001
      endloop
   endfacet
   facet normal -4.153255e-002 0.000000e+000 9.991372e-001
      outer loop
         vertex 1.515373e+001 2.100000e+001 3.416682e+001
         vertex 1.728689e+001 0.000000e+000 3.430000e+001
         vertex 1.728689e+001 2.100000e+001 3.430000e+001
      endloop
   endfacet
   facet normal -8.673617e-017 0.000000e+000 1.000000e+000
      outer loop
         vertex 4.378688e+001 1.650000e+001 3.430000e+001
         vertex 1.728689e+001 2.100000e+001 3.430000e+001
         vertex 4.378688e+001 1.210000e+001 3.430000e+001
      endloop
   endfacet
   facet normal -8.673617e-017 0.000000e+000 1.000000e+000
      outer loop
         vertex 4.378688e+001 1.210000e+001 3.430000e+001
         vertex 1.728689e+001 2.100000e+001 3.430000e+001
         vertex 1.728689e+001 0.000000e+000 3.430000e+001
      endloop
   endfacet
   facet normal -8.673617e-017 0.000000e+000 1.000000e+000
      outer loop
         vertex 4.378688e+001 1.210000e+001 3.430000e+001
         vertex 1.728689e+001 0.000000e+000 3.430000e+001
         vertex 5.178688e+001 1.210000e+001 3.430000e+001
      endloop
   endfacet
   facet normal -8.673617e-017 0.000000e+000 1.000000e+000
      outer loop
         vertex 5.178688e+001 1.210000e+001 3.430000e+001
         vertex 1.728689e+001 0.000000e+000 3.430000e+001
         vertex 6.628688e+001 0.000000e+000 3.430000e+001
      endloop
   endfacet
   facet normal -8.673617e-017 0.000000e+000 1.000000e+000
      outer loop
         vertex 5.178688e+001 1.210000e+001 3.430000e+001
         vertex 6.628688e+001 0.000000e+000 3.430000e+001
         vertex 5.178688e+001 1.650000e+001 3.430000e+001
      endloop
   endfacet
   facet normal -8.673617e-017 0.000000e+000 1.000000e+000
      outer loop
         vertex 5.178688e+001 1.650000e+001 3.430000e+001
         vertex 6.628688e+001 0.000000e+000 3.430000e+001
         vertex 6.628688e+001 2.100000e+001 3.430000e+001
      endloop
   endfacet
   facet normal -8.673617e-017 0.000000e+000 1.000000e+000
      outer loop
         vertex 5.178688e+001 1.650000e+001 3.430000e+001
         vertex 6.628688e+001 2.100000e+001 3.430000e+001
         vertex 4.378688e+001 1.650000e+001 3.430000e+001
      endloop
   endfacet
   facet normal -8.673617e-017 0.000000e+000 1.000000e+000
      outer loop
         vertex 4.378688e+001 1.650000e+001 3.430000e+001
         vertex 6.628688e+001 2.100000e+001 3.430000e+001
         vertex 1.728689e+001 2.100000e+001 3.430000e+001
      endloop
   endfacet
   facet normal 8.673617e-017 0.000000e+000 -1.000000e+000
      outer loop
         vertex 6.628688e+001 0.000000e+000 0.000000e+000
         vertex 1.728689e+001 0.000000e+000 0.000000e+000
         vertex 6.628688e+001 2.100000e+001 0.000000e+000
      endloop
   endfacet
   facet normal 8.673617e-017 0.000000e+000 -1.000000e+000
      outer loop
         vertex 6.628688e+001 2.100000e+001 0.000000e+000
         vertex 1.728689e+001 0.000000e+000 0.000000e+000
         vertex 1.728689e+001 2.100000e+001 0.000000e+000
      endloop
   endfacet
   facet normal 1.000000e+000 0.000000e+000 0.000000e+000
      outer loop
         vertex 3.828688e+001 1.900000e+001 1.650000e+000
         vertex 3.828688e+001 1.900000e+001 3.365000e+001
         vertex 3.828688e+001 8.526117e+000 1.465000e+001
      endloop
   endfacet
   facet normal 1.000000e+000 0.000000e+000 0.000000e+000
      outer loop
         vertex 3.828688e+001 8.526117e+000 1.465000e+001
         vertex 3.828688e+001 1.900000e+001 3.365000e+001
         vertex 3.828688e+001 8.167896e+000 1.544225e+001
      endloop
   endfacet
   facet normal 1.000000e+000 0.000000e+000 0.000000e+000
      outer loop
         vertex 3.828688e+001 0.000000e+000 3.365000e+001
         vertex 3.828688e+001 0.000000e+000 1.965000e+001
         vertex 3.828688e+001 1.900000e+001 3.365000e+001
      endloop
   endfacet
   facet normal 1.000000e+000 0.000000e+000 0.000000e+000
      outer loop
         vertex 3.828688e+001 1.900000e+001 3.365000e+001
         vertex 3.828688e+001 0.000000e+000 1.965000e+001
         vertex 3.828688e+001 8.526117e+000 1.965000e+001
      endloop
   endfacet
   facet normal 1.000000e+000 0.000000e+000 0.000000e+000
      outer loop
         vertex 3.828688e+001 1.900000e+001 3.365000e+001
         vertex 3.828688e+001 8.526117e+000 1.965000e+001
         vertex 3.828688e+001 8.167896e+000 1.544225e+001
      endloop
   endfacet
   facet normal 1.000000e+000 0.000000e+000 0.000000e+000
      outer loop
         vertex 3.828688e+001 1.100000e+001 1.650000e+000
         vertex 3.828688e+001 1.900000e+001 1.650000e+000
         vertex 3.828688e+001 1.100000e+001 1.140000e+001
      endloop
   endfacet
   facet normal 1.000000e+000 0.000000e+000 0.000000e+000
      outer loop
         vertex 3.828688e+001 1.100000e+001 1.140000e+001
         vertex 3.828688e+001 1.900000e+001 1.650000e+000
         vertex 3.828688e+001 8.526117e+000 1.465000e+001
      endloop
   endfacet
   facet normal 1.000000e+000 0.000000e+000 0.000000e+000
      outer loop
         vertex 3.828688e+001 1.100000e+001 1.140000e+001
         vertex 3.828688e+001 8.526117e+000 1.465000e+001
         vertex 3.828688e+001 7.000000e+000 1.140000e+001
      endloop
   endfacet
   facet normal 1.000000e+000 0.000000e+000 0.000000e+000
      outer loop
         vertex 3.828688e+001 7.000000e+000 1.140000e+001
         vertex 3.828688e+001 8.526117e+000 1.465000e+001
         vertex 3.828688e+001 0.000000e+000 1.465000e+001
      endloop
   endfacet
   facet normal 1.000000e+000 0.000000e+000 0.000000e+000
      outer loop
         vertex 3.828688e+001 7.000000e+000 1.140000e+001
         vertex 3.828688e+001 0.000000e+000 1.465000e+001
         vertex 3.828688e+001 7.000000e+000 1.650000e+000
      endloop
   endfacet
   facet normal 1.000000e+000 0.000000e+000 0.000000e+000
      outer loop
         vertex 3.828688e+001 7.000000e+000 1.650000e+000
         vertex 3.828688e+001 0.000000e+000 1.465000e+001
         vertex 3.828688e+001 0.000000e+000 1.650000e+000
      endloop
   endfacet
   facet normal 1.000000e+000 0.000000e+000 0.000000e+000
      outer loop
         vertex 3.828688e+001 8.526117e+000 1.965000e+001
         vertex 3.828688e+001 8.167896e+000 1.885775e+001
         vertex 3.828688e+001 8.167896e+000 1.544225e+001
      endloop
   endfacet
   facet normal 1.000000e+000 0.000000e+000 0.000000e+000
      outer loop
         vertex 3.828688e+001 8.167896e+000 1.544225e+001
         vertex 3.828688e+001 8.167896e+000 1.885775e+001
         vertex 3.828688e+001 7.948755e+000 1.801634e+001
      endloop
   endfacet
   facet normal 1.000000e+000 0.000000e+000 0.000000e+000
      outer loop
         vertex 3.828688e+001 8.167896e+000 1.544225e+001
         vertex 3.828688e+001 7.948755e+000 1.801634e+001
         vertex 3.828688e+001 7.948755e+000 1.628366e+001
      endloop
   endfacet
   facet normal 1.000000e+000 0.000000e+000 0.000000e+000
      outer loop
         vertex 3.828688e+001 7.948755e+000 1.628366e+001
         vertex 3.828688e+001 7.948755e+000 1.801634e+001
         vertex 3.828688e+001 7.875000e+000 1.715000e+001
      endloop
   endfacet
   facet normal -1.000000e+000 0.000000e+000 1.779204e-016
      outer loop
         vertex 5.398689e+001 2.100000e+001 1.650000e+000
         vertex 5.398689e+001 1.900000e+001 1.650000e+000
         vertex 5.398689e+001 2.100000e+001 1.140000e+001
      endloop
   endfacet
   facet normal -1.000000e+000 0.000000e+000 1.779204e-016
      outer loop
         vertex 5.398689e+001 2.100000e+001 1.140000e+001
         vertex 5.398689e+001 1.900000e+001 1.650000e+000
         vertex 5.398689e+001 1.900000e+001 1.140000e+001
      endloop
   endfacet
   facet normal -6.023345e-017 0.000000e+000 -1.000000e+000
      outer loop
         vertex 5.398689e+001 2.100000e+001 1.140000e+001
         vertex 5.398689e+001 1.900000e+001 1.140000e+001
         vertex 3.958689e+001 2.100000e+001 1.140000e+001
      endloop
   endfacet
   facet normal -6.023345e-017 0.000000e+000 -1.000000e+000
      outer loop
         vertex 3.958689e+001 2.100000e+001 1.140000e+001
         vertex 5.398689e+001 1.900000e+001 1.140000e+001
         vertex 3.958689e+001 1.900000e+001 1.140000e+001
      endloop
   endfacet
   facet normal 1.000000e+000 0.000000e+000 -8.896018e-017
      outer loop
         vertex 3.958689e+001 2.100000e+001 1.650000e+000
         vertex 3.958689e+001 2.100000e+001 1.140000e+001
         vertex 3.958689e+001 1.900000e+001 1.650000e+000
      endloop
   endfacet
   facet normal 1.000000e+000 0.000000e+000 -8.896018e-017
      outer loop
         vertex 3.958689e+001 1.900000e+001 1.650000e+000
         vertex 3.958689e+001 2.100000e+001 1.140000e+001
         vertex 3.958689e+001 1.900000e+001 1.140000e+001
      endloop
   endfacet
   facet normal 1.000000e+000 0.000000e+000 0.000000e+000
      outer loop
         vertex 4.378688e+001 1.210000e+001 3.430000e+001
         vertex 4.378688e+001 1.210000e+001 3.365000e+001
         vertex 4.378688e+001 1.650000e+001 3.430000e+001
      endloop
   endfacet
   facet normal 1.000000e+000 0.000000e+000 0.000000e+000
      outer loop
         vertex 4.378688e+001 1.650000e+001 3.430000e+001
         vertex 4.378688e+001 1.210000e+001 3.365000e+001
         vertex 4.378688e+001 1.650000e+001 3.365000e+001
      endloop
   endfacet
   facet normal 0.000000e+000 -1.000000e+000 0.000000e+000
      outer loop
         vertex 4.378688e+001 1.650000e+001 3.430000e+001
         vertex 4.378688e+001 1.650000e+001 3.365000e+001
         vertex 5.178688e+001 1.650000e+001 3.430000e+001
      endloop
   endfacet
   facet normal 0.000000e+000 -1.000000e+000 0.000000e+000
      outer loop
         vertex 5.178688e+001 1.650000e+001 3.430000e+001
         vertex 4.378688e+001 1.650000e+001 3.365000e+001
         vertex 5.178688e+001 1.650000e+001 3.365000e+001
      endloop
   endfacet
   facet normal -1.000000e+000 0.000000e+000 0.000000e+000
      outer loop
         vertex 5.178688e+001 1.650000e+001 3.430000e+001
         vertex 5.178688e+001 1.650000e+001 3.365000e+001
         vertex 5.178688e+001 1.210000e+001 3.430000e+001
      endloop
   endfacet
   facet normal -1.000000e+000 0.000000e+000 0.000000e+000
      outer loop
         vertex 5.178688e+001 1.210000e+001 3.430000e+001
         vertex 5.178688e+001 1.650000e+001 3.365000e+001
         vertex 5.178688e+001 1.210000e+001 3.365000e+001
      endloop
   endfacet
   facet normal 0.000000e+000 1.000000e+000 0.000000e+000
      outer loop
         vertex 5.178688e+001 1.210000e+001 3.430000e+001
         vertex 5.178688e+001 1.210000e+001 3.365000e+001
         vertex 4.378688e+001 1.210000e+001 3.430000e+001
      endloop
   endfacet
   facet normal 0.000000e+000 1.000000e+000 0.000000e+000
      outer loop
         vertex 4.378688e+001 1.210000e+001 3.430000e+001
         vertex 5.178688e+001 1.210000e+001 3.365000e+001
         vertex 4.378688e+001 1.210000e+001 3.365000e+001
      endloop
   endfacet
   facet normal 5.807913e-002 0.000000e+000 -9.983119e-001
      outer loop
         vertex 4.410266e+001 1.900000e+001 2.715033e+001
         vertex 4.442825e+001 2.100000e+001 2.717881e+001
         vertex 4.442825e+001 1.900000e+001 2.717881e+001
      endloop
   endfacet
   facet normal -5.807913e-002 0.000000e+000 -9.983119e-001
      outer loop
         vertex 4.442825e+001 1.900000e+001 2.717881e+001
         vertex 4.442825e+001 2.100000e+001 2.717881e+001
         vertex 4.475384e+001 2.100000e+001 2.715033e+001
      endloop
   endfacet
   facet normal -1.161583e-001 0.000000e+000 -9.932307e-001
      outer loop
         vertex 4.442825e+001 1.900000e+001 2.717881e+001
         vertex 4.475384e+001 2.100000e+001 2.715033e+001
         vertex 4.475384e+001 1.900000e+001 2.715033e+001
      endloop
   endfacet
   facet normal -2.305519e-001 0.000000e+000 -9.730600e-001
      outer loop
         vertex 4.475384e+001 1.900000e+001 2.715033e+001
         vertex 4.475384e+001 2.100000e+001 2.715033e+001
         vertex 4.506954e+001 2.100000e+001 2.706574e+001
      endloop
   endfacet
   facet normal -2.868663e-001 0.000000e+000 -9.579706e-001
      outer loop
         vertex 4.475384e+001 1.900000e+001 2.715033e+001
         vertex 4.506954e+001 2.100000e+001 2.706574e+001
         vertex 4.506954e+001 1.900000e+001 2.706574e+001
      endloop
   endfacet
   facet normal -3.960194e-001 0.000000e+000 -9.182422e-001
      outer loop
         vertex 4.506954e+001 1.900000e+001 2.706574e+001
         vertex 4.506954e+001 2.100000e+001 2.706574e+001
         vertex 4.536575e+001 2.100000e+001 2.692761e+001
      endloop
   endfacet
   facet normal -4.488580e-001 0.000000e+000 -8.936031e-001
      outer loop
         vertex 4.506954e+001 1.900000e+001 2.706574e+001
         vertex 4.536575e+001 2.100000e+001 2.692761e+001
         vertex 4.536575e+001 1.900000e+001 2.692761e+001
      endloop
   endfacet
   facet normal -5.494540e-001 0.000000e+000 -8.355240e-001
      outer loop
         vertex 4.536575e+001 1.900000e+001 2.692761e+001
         vertex 4.536575e+001 2.100000e+001 2.692761e+001
         vertex 4.563348e+001 2.100000e+001 2.674015e+001
      endloop
   endfacet
   facet normal -5.972114e-001 0.000000e+000 -8.020838e-001
      outer loop
         vertex 4.536575e+001 1.900000e+001 2.692761e+001
         vertex 4.563348e+001 2.100000e+001 2.674015e+001
         vertex 4.563348e+001 1.900000e+001 2.674015e+001
      endloop
   endfacet
   facet normal -6.861938e-001 0.000000e+000 -7.274188e-001
      outer loop
         vertex 4.563348e+001 1.900000e+001 2.674015e+001
         vertex 4.563348e+001 2.100000e+001 2.674015e+001
         vertex 4.586459e+001 2.100000e+001 2.650904e+001
      endloop
   endfacet
   facet normal -7.274188e-001 0.000000e+000 -6.861938e-001
      outer loop
         vertex 4.563348e+001 1.900000e+001 2.674015e+001
         vertex 4.586459e+001 2.100000e+001 2.650904e+001
         vertex 4.586459e+001 1.900000e+001 2.650904e+001
      endloop
   endfacet
   facet normal -8.020838e-001 0.000000e+000 -5.972114e-001
      outer loop
         vertex 4.586459e+001 1.900000e+001 2.650904e+001
         vertex 4.586459e+001 2.100000e+001 2.650904e+001
         vertex 4.605205e+001 2.100000e+001 2.624131e+001
      endloop
   endfacet
   facet normal -8.355240e-001 0.000000e+000 -5.494540e-001
      outer loop
         vertex 4.586459e+001 1.900000e+001 2.650904e+001
         vertex 4.605205e+001 2.100000e+001 2.624131e+001
         vertex 4.605205e+001 1.900000e+001 2.624131e+001
      endloop
   endfacet
   facet normal -8.936031e-001 0.000000e+000 -4.488580e-001
      outer loop
         vertex 4.605205e+001 1.900000e+001 2.624131e+001
         vertex 4.605205e+001 2.100000e+001 2.624131e+001
         vertex 4.619018e+001 2.100000e+001 2.594510e+001
      endloop
   endfacet
   facet normal -9.182422e-001 0.000000e+000 -3.960194e-001
      outer loop
         vertex 4.605205e+001 1.900000e+001 2.624131e+001
         vertex 4.619018e+001 2.100000e+001 2.594510e+001
         vertex 4.619018e+001 1.900000e+001 2.594510e+001
      endloop
   endfacet
   facet normal -9.579706e-001 0.000000e+000 -2.868663e-001
      outer loop
         vertex 4.619018e+001 1.900000e+001 2.594510e+001
         vertex 4.619018e+001 2.100000e+001 2.594510e+001
         vertex 4.627477e+001 2.100000e+001 2.562940e+001
      endloop
   endfacet
   facet normal -9.730600e-001 0.000000e+000 -2.305519e-001
      outer loop
         vertex 4.619018e+001 1.900000e+001 2.594510e+001
         vertex 4.627477e+001 2.100000e+001 2.562940e+001
         vertex 4.627477e+001 1.900000e+001 2.562940e+001
      endloop
   endfacet
   facet normal -9.932307e-001 0.000000e+000 -1.161583e-001
      outer loop
         vertex 4.627477e+001 1.900000e+001 2.562940e+001
         vertex 4.627477e+001 2.100000e+001 2.562940e+001
         vertex 4.630325e+001 2.100000e+001 2.530381e+001
      endloop
   endfacet
   facet normal -9.983119e-001 0.000000e+000 -5.807913e-002
      outer loop
         vertex 4.627477e+001 1.900000e+001 2.562940e+001
         vertex 4.630325e+001 2.100000e+001 2.530381e+001
         vertex 4.630325e+001 1.900000e+001 2.530381e+001
      endloop
   endfacet
   facet normal -9.983119e-001 0.000000e+000 5.807913e-002
      outer loop
         vertex 4.630325e+001 1.900000e+001 2.530381e+001
         vertex 4.630325e+001 2.100000e+001 2.530381e+001
         vertex 4.627477e+001 2.100000e+001 2.497822e+001
      endloop
   endfacet
   facet normal -9.932307e-001 0.000000e+000 1.161583e-001
      outer loop
         vertex 4.630325e+001 1.900000e+001 2.530381e+001
         vertex 4.627477e+001 2.100000e+001 2.497822e+001
         vertex 4.627477e+001 1.900000e+001 2.497822e+001
      endloop
   endfacet
   facet normal -9.730600e-001 0.000000e+000 2.305519e-001
      outer loop
         vertex 4.627477e+001 1.900000e+001 2.497822e+001
         vertex 4.627477e+001 2.100000e+001 2.497822e+001
         vertex 4.619018e+001 2.100000e+001 2.466253e+001
      endloop
   endfacet
   facet normal -9.579706e-001 0.000000e+000 2.868663e-001
      outer loop
         vertex 4.627477e+001 1.900000e+001 2.497822e+001
         vertex 4.619018e+001 2.100000e+001 2.466253e+001
         vertex 4.619018e+001 1.900000e+001 2.466253e+001
      endloop
   endfacet
   facet normal -9.182422e-001 0.000000e+000 3.960194e-001
      outer loop
         vertex 4.619018e+001 1.900000e+001 2.466253e+001
         vertex 4.619018e+001 2.100000e+001 2.466253e+001
         vertex 4.605205e+001 2.100000e+001 2.436631e+001
      endloop
   endfacet
   facet normal -8.936031e-001 0.000000e+000 4.488580e-001
      outer loop
         vertex 4.619018e+001 1.900000e+001 2.466253e+001
         vertex 4.605205e+001 2.100000e+001 2.436631e+001
         vertex 4.605205e+001 1.900000e+001 2.436631e+001
      endloop
   endfacet
   facet normal -8.355240e-001 0.000000e+000 5.494540e-001
      outer loop
         vertex 4.605205e+001 1.900000e+001 2.436631e+001
         vertex 4.605205e+001 2.100000e+001 2.436631e+001
         vertex 4.586459e+001 2.100000e+001 2.409859e+001
      endloop
   endfacet
   facet normal -8.020838e-001 0.000000e+000 5.972114e-001
      outer loop
         vertex 4.605205e+001 1.900000e+001 2.436631e+001
         vertex 4.586459e+001 2.100000e+001 2.409859e+001
         vertex 4.586459e+001 1.900000e+001 2.409859e+001
      endloop
   endfacet
   facet normal -7.274188e-001 0.000000e+000 6.861938e-001
      outer loop
         vertex 4.586459e+001 1.900000e+001 2.409859e+001
         vertex 4.586459e+001 2.100000e+001 2.409859e+001
         vertex 4.563348e+001 2.100000e+001 2.386748e+001
      endloop
   endfacet
   facet normal -6.861938e-001 0.000000e+000 7.274188e-001
      outer loop
         vertex 4.586459e+001 1.900000e+001 2.409859e+001
         vertex 4.563348e+001 2.100000e+001 2.386748e+001
         vertex 4.563348e+001 1.900000e+001 2.386748e+001
      endloop
   endfacet
   facet normal -5.972114e-001 0.000000e+000 8.020838e-001
      outer loop
         vertex 4.563348e+001 1.900000e+001 2.386748e+001
         vertex 4.563348e+001 2.100000e+001 2.386748e+001
         vertex 4.536575e+001 2.100000e+001 2.368002e+001
      endloop
   endfacet
   facet normal -5.494540e-001 0.000000e+000 8.355240e-001
      outer loop
         vertex 4.563348e+001 1.900000e+001 2.386748e+001
         vertex 4.536575e+001 2.100000e+001 2.368002e+001
         vertex 4.536575e+001 1.900000e+001 2.368002e+001
      endloop
   endfacet
   facet normal -4.488580e-001 0.000000e+000 8.936031e-001
      outer loop
         vertex 4.536575e+001 1.900000e+001 2.368002e+001
         vertex 4.536575e+001 2.100000e+001 2.368002e+001
         vertex 4.506954e+001 2.100000e+001 2.354189e+001
      endloop
   endfacet
   facet normal -3.960194e-001 0.000000e+000 9.182422e-001
      outer loop
         vertex 4.536575e+001 1.900000e+001 2.368002e+001
         vertex 4.506954e+001 2.100000e+001 2.354189e+001
         vertex 4.506954e+001 1.900000e+001 2.354189e+001
      endloop
   endfacet
   facet normal -2.868663e-001 0.000000e+000 9.579706e-001
      outer loop
         vertex 4.506954e+001 1.900000e+001 2.354189e+001
         vertex 4.506954e+001 2.100000e+001 2.354189e+001
         vertex 4.475384e+001 2.100000e+001 2.345730e+001
      endloop
   endfacet
   facet normal -2.305519e-001 0.000000e+000 9.730600e-001
      outer loop
         vertex 4.506954e+001 1.900000e+001 2.354189e+001
         vertex 4.475384e+001 2.100000e+001 2.345730e+001
         vertex 4.475384e+001 1.900000e+001 2.345730e+001
      endloop
   endfacet
   facet normal -1.161583e-001 0.000000e+000 9.932307e-001
      outer loop
         vertex 4.475384e+001 1.900000e+001 2.345730e+001
         vertex 4.475384e+001 2.100000e+001 2.345730e+001
         vertex 4.442825e+001 2.100000e+001 2.342881e+001
      endloop
   endfacet
   facet normal -5.807913e-002 0.000000e+000 9.983119e-001
      outer loop
         vertex 4.475384e+001 1.900000e+001 2.345730e+001
         vertex 4.442825e+001 2.100000e+001 2.342881e+001
         vertex 4.442825e+001 1.900000e+001 2.342881e+001
      endloop
   endfacet
   facet normal 5.807913e-002 0.000000e+000 9.983119e-001
      outer loop
         vertex 4.442825e+001 1.900000e+001 2.342881e+001
         vertex 4.442825e+001 2.100000e+001 2.342881e+001
         vertex 4.410266e+001 2.100000e+001 2.345730e+001
      endloop
   endfacet
   facet normal 1.161583e-001 0.000000e+000 9.932307e-001
      outer loop
         vertex 4.442825e+001 1.900000e+001 2.342881e+001
         vertex 4.410266e+001 2.100000e+001 2.345730e+001
         vertex 4.410266e+001 1.900000e+001 2.345730e+001
      endloop
   endfacet
   facet normal 2.305519e-001 0.000000e+000 9.730600e-001
      outer loop
         vertex 4.410266e+001 1.900000e+001 2.345730e+001
         vertex 4.410266e+001 2.100000e+001 2.345730e+001
         vertex 4.378696e+001 2.100000e+001 2.354189e+001
      endloop
   endfacet
   facet normal 2.868663e-001 0.000000e+000 9.579706e-001
      outer loop
         vertex 4.410266e+001 1.900000e+001 2.345730e+001
         vertex 4.378696e+001 2.100000e+001 2.354189e+001
         vertex 4.378696e+001 1.900000e+001 2.354189e+001
      endloop
   endfacet
   facet normal 3.960194e-001 0.000000e+000 9.182422e-001
      outer loop
         vertex 4.378696e+001 1.900000e+001 2.354189e+001
         vertex 4.378696e+001 2.100000e+001 2.354189e+001
         vertex 4.349075e+001 2.100000e+001 2.368002e+001
      endloop
   endfacet
   facet normal 4.488580e-001 0.000000e+000 8.936031e-001
      outer loop
         vertex 4.378696e+001 1.900000e+001 2.354189e+001
         vertex 4.349075e+001 2.100000e+001 2.368002e+001
         vertex 4.349075e+001 1.900000e+001 2.368002e+001
      endloop
   endfacet
   facet normal 5.494540e-001 0.000000e+000 8.355240e-001
      outer loop
         vertex 4.349075e+001 1.900000e+001 2.368002e+001
         vertex 4.349075e+001 2.100000e+001 2.368002e+001
         vertex 4.322302e+001 2.100000e+001 2.386748e+001
      endloop
   endfacet
   facet normal 5.972114e-001 0.000000e+000 8.020838e-001
      outer loop
         vertex 4.349075e+001 1.900000e+001 2.368002e+001
         vertex 4.322302e+001 2.100000e+001 2.386748e+001
         vertex 4.322302e+001 1.900000e+001 2.386748e+001
      endloop
   endfacet
   facet normal 6.861938e-001 0.000000e+000 7.274188e-001
      outer loop
         vertex 4.322302e+001 1.900000e+001 2.386748e+001
         vertex 4.322302e+001 2.100000e+001 2.386748e+001
         vertex 4.299192e+001 2.100000e+001 2.409859e+001
      endloop
   endfacet
   facet normal 7.274188e-001 0.000000e+000 6.861938e-001
      outer loop
         vertex 4.322302e+001 1.900000e+001 2.386748e+001
         vertex 4.299192e+001 2.100000e+001 2.409859e+001
         vertex 4.299192e+001 1.900000e+001 2.409859e+001
      endloop
   endfacet
   facet normal 8.020838e-001 0.000000e+000 5.972114e-001
      outer loop
         vertex 4.299192e+001 1.900000e+001 2.409859e+001
         vertex 4.299192e+001 2.100000e+001 2.409859e+001
         vertex 4.280445e+001 2.100000e+001 2.436631e+001
      endloop
   endfacet
   facet normal 8.355240e-001 0.000000e+000 5.494540e-001
      outer loop
         vertex 4.299192e+001 1.900000e+001 2.409859e+001
         vertex 4.280445e+001 2.100000e+001 2.436631e+001
         vertex 4.280445e+001 1.900000e+001 2.436631e+001
      endloop
   endfacet
   facet normal 8.936031e-001 0.000000e+000 4.488580e-001
      outer loop
         vertex 4.280445e+001 1.900000e+001 2.436631e+001
         vertex 4.280445e+001 2.100000e+001 2.436631e+001
         vertex 4.266633e+001 2.100000e+001 2.466253e+001
      endloop
   endfacet
   facet normal 9.182422e-001 0.000000e+000 3.960194e-001
      outer loop
         vertex 4.280445e+001 1.900000e+001 2.436631e+001
         vertex 4.266633e+001 2.100000e+001 2.466253e+001
         vertex 4.266633e+001 1.900000e+001 2.466253e+001
      endloop
   endfacet
   facet normal 9.579706e-001 0.000000e+000 2.868663e-001
      outer loop
         vertex 4.266633e+001 1.900000e+001 2.466253e+001
         vertex 4.266633e+001 2.100000e+001 2.466253e+001
         vertex 4.258174e+001 2.100000e+001 2.497822e+001
      endloop
   endfacet
   facet normal 9.730600e-001 0.000000e+000 2.305519e-001
      outer loop
         vertex 4.266633e+001 1.900000e+001 2.466253e+001
         vertex 4.258174e+001 2.100000e+001 2.497822e+001
         vertex 4.258174e+001 1.900000e+001 2.497822e+001
      endloop
   endfacet
   facet normal 9.932307e-001 0.000000e+000 1.161583e-001
      outer loop
         vertex 4.258174e+001 1.900000e+001 2.497822e+001
         vertex 4.258174e+001 2.100000e+001 2.497822e+001
         vertex 4.255325e+001 2.100000e+001 2.530381e+001
      endloop
   endfacet
   facet normal 9.983119e-001 0.000000e+000 5.807913e-002
      outer loop
         vertex 4.258174e+001 1.900000e+001 2.497822e+001
         vertex 4.255325e+001 2.100000e+001 2.530381e+001
         vertex 4.255325e+001 1.900000e+001 2.530381e+001
      endloop
   endfacet
   facet normal 9.983119e-001 0.000000e+000 -5.807913e-002
      outer loop
         vertex 4.255325e+001 1.900000e+001 2.530381e+001
         vertex 4.255325e+001 2.100000e+001 2.530381e+001
         vertex 4.258174e+001 2.100000e+001 2.562940e+001
      endloop
   endfacet
   facet normal 9.932307e-001 0.000000e+000 -1.161583e-001
      outer loop
         vertex 4.255325e+001 1.900000e+001 2.530381e+001
         vertex 4.258174e+001 2.100000e+001 2.562940e+001
         vertex 4.258174e+001 1.900000e+001 2.562940e+001
      endloop
   endfacet
   facet normal 9.730600e-001 0.000000e+000 -2.305519e-001
      outer loop
         vertex 4.258174e+001 1.900000e+001 2.562940e+001
         vertex 4.258174e+001 2.100000e+001 2.562940e+001
         vertex 4.266633e+001 2.100000e+001 2.594510e+001
      endloop
   endfacet
   facet normal 9.579706e-001 0.000000e+000 -2.868663e-001
      outer loop
         vertex 4.258174e+001 1.900000e+001 2.562940e+001
         vertex 4.266633e+001 2.100000e+001 2.594510e+001
         vertex 4.266633e+001 1.900000e+001 2.594510e+001
      endloop
   endfacet
   facet normal 9.182422e-001 0.000000e+000 -3.960194e-001
      outer loop
         vertex 4.266633e+001 1.900000e+001 2.594510e+001
         vertex 4.266633e+001 2.100000e+001 2.594510e+001
         vertex 4.280445e+001 2.100000e+001 2.624131e+001
      endloop
   endfacet
   facet normal 8.936031e-001 0.000000e+000 -4.488580e-001
      outer loop
         vertex 4.266633e+001 1.900000e+001 2.594510e+001
         vertex 4.280445e+001 2.100000e+001 2.624131e+001
         vertex 4.280445e+001 1.900000e+001 2.624131e+001
      endloop
   endfacet
   facet normal 8.355240e-001 0.000000e+000 -5.494540e-001
      outer loop
         vertex 4.280445e+001 1.900000e+001 2.624131e+001
         vertex 4.280445e+001 2.100000e+001 2.624131e+001
         vertex 4.299192e+001 2.100000e+001 2.650904e+001
      endloop
   endfacet
   facet normal 8.020838e-001 0.000000e+000 -5.972114e-001
      outer loop
         vertex 4.280445e+001 1.900000e+001 2.624131e+001
         vertex 4.299192e+001 2.100000e+001 2.650904e+001
         vertex 4.299192e+001 1.900000e+001 2.650904e+001
      endloop
   endfacet
   facet normal 7.274188e-001 0.000000e+000 -6.861938e-001
      outer loop
         vertex 4.299192e+001 1.900000e+001 2.650904e+001
         vertex 4.299192e+001 2.100000e+001 2.650904e+001
         vertex 4.322302e+001 2.100000e+001 2.674015e+001
      endloop
   endfacet
   facet normal 6.861938e-001 0.000000e+000 -7.274188e-001
      outer loop
         vertex 4.299192e+001 1.900000e+001 2.650904e+001
         vertex 4.322302e+001 2.100000e+001 2.674015e+001
         vertex 4.322302e+001 1.900000e+001 2.674015e+001
      endloop
   endfacet
   facet normal 5.972114e-001 0.000000e+000 -8.020838e-001
      outer loop
         vertex 4.322302e+001 1.900000e+001 2.674015e+001
         vertex 4.322302e+001 2.100000e+001 2.674015e+001
         vertex 4.349075e+001 2.100000e+001 2.692761e+001
      endloop
   endfacet
   facet normal 5.494540e-001 0.000000e+000 -8.355240e-001
      outer loop
         vertex 4.322302e+001 1.900000e+001 2.674015e+001
         vertex 4.349075e+001 2.100000e+001 2.692761e+001
         vertex 4.349075e+001 1.900000e+001 2.692761e+001
      endloop
   endfacet
   facet normal 4.488580e-001 0.000000e+000 -8.936031e-001
      outer loop
         vertex 4.349075e+001 1.900000e+001 2.692761e+001
         vertex 4.349075e+001 2.100000e+001 2.692761e+001
         vertex 4.378696e+001 2.100000e+001 2.706574e+001
      endloop
   endfacet
   facet normal 3.960194e-001 0.000000e+000 -9.182422e-001
      outer loop
         vertex 4.349075e+001 1.900000e+001 2.692761e+001
         vertex 4.378696e+001 2.100000e+001 2.706574e+001
         vertex 4.378696e+001 1.900000e+001 2.706574e+001
      endloop
   endfacet
   facet normal 2.868663e-001 0.000000e+000 -9.579706e-001
      outer loop
         vertex 4.378696e+001 1.900000e+001 2.706574e+001
         vertex 4.378696e+001 2.100000e+001 2.706574e+001
         vertex 4.410266e+001 2.100000e+001 2.715033e+001
      endloop
   endfacet
   facet normal 2.305519e-001 0.000000e+000 -9.730600e-001
      outer loop
         vertex 4.378696e+001 1.900000e+001 2.706574e+001
         vertex 4.410266e+001 2.100000e+001 2.715033e+001
         vertex 4.410266e+001 1.900000e+001 2.715033e+001
      endloop
   endfacet
   facet normal 1.161583e-001 0.000000e+000 -9.932307e-001
      outer loop
         vertex 4.410266e+001 1.900000e+001 2.715033e+001
         vertex 4.410266e+001 2.100000e+001 2.715033e+001
         vertex 4.442825e+001 2.100000e+001 2.717881e+001
      endloop
   endfacet
   facet normal 5.807913e-002 0.000000e+000 -9.983119e-001
      outer loop
         vertex 4.810266e+001 1.900000e+001 2.715033e+001
         vertex 4.842825e+001 2.100000e+001 2.717881e+001
         vertex 4.842825e+001 1.900000e+001 2.717881e+001
      endloop
   endfacet
   facet normal -5.807913e-002 0.000000e+000 -9.983119e-001
      outer loop
         vertex 4.842825e+001 1.900000e+001 2.717881e+001
         vertex 4.842825e+001 2.100000e+001 2.717881e+001
         vertex 4.875384e+001 2.100000e+001 2.715033e+001
      endloop
   endfacet
   facet normal -1.161583e-001 0.000000e+000 -9.932307e-001
      outer loop
         vertex 4.842825e+001 1.900000e+001 2.717881e+001
         vertex 4.875384e+001 2.100000e+001 2.715033e+001
         vertex 4.875384e+001 1.900000e+001 2.715033e+001
      endloop
   endfacet
   facet normal -2.305519e-001 0.000000e+000 -9.730600e-001
      outer loop
         vertex 4.875384e+001 1.900000e+001 2.715033e+001
         vertex 4.875384e+001 2.100000e+001 2.715033e+001
         vertex 4.906954e+001 2.100000e+001 2.706574e+001
      endloop
   endfacet
   facet normal -2.868663e-001 0.000000e+000 -9.579706e-001
      outer loop
         vertex 4.875384e+001 1.900000e+001 2.715033e+001
         vertex 4.906954e+001 2.100000e+001 2.706574e+001
         vertex 4.906954e+001 1.900000e+001 2.706574e+001
      endloop
   endfacet
   facet normal -3.960194e-001 0.000000e+000 -9.182422e-001
      outer loop
         vertex 4.906954e+001 1.900000e+001 2.706574e+001
         vertex 4.906954e+001 2.100000e+001 2.706574e+001
         vertex 4.936575e+001 2.100000e+001 2.692761e+001
      endloop
   endfacet
   facet normal -4.488580e-001 0.000000e+000 -8.936031e-001
      outer loop
         vertex 4.906954e+001 1.900000e+001 2.706574e+001
         vertex 4.936575e+001 2.100000e+001 2.692761e+001
         vertex 4.936575e+001 1.900000e+001 2.692761e+001
      endloop
   endfacet
   facet normal -5.494540e-001 0.000000e+000 -8.355240e-001
      outer loop
         vertex 4.936575e+001 1.900000e+001 2.692761e+001
         vertex 4.936575e+001 2.100000e+001 2.692761e+001
         vertex 4.963348e+001 2.100000e+001 2.674015e+001
      endloop
   endfacet
   facet normal -5.972114e-001 0.000000e+000 -8.020838e-001
      outer loop
         vertex 4.936575e+001 1.900000e+001 2.692761e+001
         vertex 4.963348e+001 2.100000e+001 2.674015e+001
         vertex 4.963348e+001 1.900000e+001 2.674015e+001
      endloop
   endfacet
   facet normal -6.861938e-001 0.000000e+000 -7.274188e-001
      outer loop
         vertex 4.963348e+001 1.900000e+001 2.674015e+001
         vertex 4.963348e+001 2.100000e+001 2.674015e+001
         vertex 4.986459e+001 2.100000e+001 2.650904e+001
      endloop
   endfacet
   facet normal -7.274188e-001 0.000000e+000 -6.861938e-001
      outer loop
         vertex 4.963348e+001 1.900000e+001 2.674015e+001
         vertex 4.986459e+001 2.100000e+001 2.650904e+001
         vertex 4.986459e+001 1.900000e+001 2.650904e+001
      endloop
   endfacet
   facet normal -8.020838e-001 0.000000e+000 -5.972114e-001
      outer loop
         vertex 4.986459e+001 1.900000e+001 2.650904e+001
         vertex 4.986459e+001 2.100000e+001 2.650904e+001
         vertex 5.005205e+001 2.100000e+001 2.624131e+001
      endloop
   endfacet
   facet normal -8.355240e-001 0.000000e+000 -5.494540e-001
      outer loop
         vertex 4.986459e+001 1.900000e+001 2.650904e+001
         vertex 5.005205e+001 2.100000e+001 2.624131e+001
         vertex 5.005205e+001 1.900000e+001 2.624131e+001
      endloop
   endfacet
   facet normal -8.936031e-001 0.000000e+000 -4.488580e-001
      outer loop
         vertex 5.005205e+001 1.900000e+001 2.624131e+001
         vertex 5.005205e+001 2.100000e+001 2.624131e+001
         vertex 5.019018e+001 2.100000e+001 2.594510e+001
      endloop
   endfacet
   facet normal -9.182422e-001 0.000000e+000 -3.960194e-001
      outer loop
         vertex 5.005205e+001 1.900000e+001 2.624131e+001
         vertex 5.019018e+001 2.100000e+001 2.594510e+001
         vertex 5.019018e+001 1.900000e+001 2.594510e+001
      endloop
   endfacet
   facet normal -9.579706e-001 0.000000e+000 -2.868663e-001
      outer loop
         vertex 5.019018e+001 1.900000e+001 2.594510e+001
         vertex 5.019018e+001 2.100000e+001 2.594510e+001
         vertex 5.027477e+001 2.100000e+001 2.562940e+001
      endloop
   endfacet
   facet normal -9.730600e-001 0.000000e+000 -2.305519e-001
      outer loop
         vertex 5.019018e+001 1.900000e+001 2.594510e+001
         vertex 5.027477e+001 2.100000e+001 2.562940e+001
         vertex 5.027477e+001 1.900000e+001 2.562940e+001
      endloop
   endfacet
   facet normal -9.932307e-001 0.000000e+000 -1.161583e-001
      outer loop
         vertex 5.027477e+001 1.900000e+001 2.562940e+001
         vertex 5.027477e+001 2.100000e+001 2.562940e+001
         vertex 5.030325e+001 2.100000e+001 2.530381e+001
      endloop
   endfacet
   facet normal -9.983119e-001 0.000000e+000 -5.807913e-002
      outer loop
         vertex 5.027477e+001 1.900000e+001 2.562940e+001
         vertex 5.030325e+001 2.100000e+001 2.530381e+001
         vertex 5.030325e+001 1.900000e+001 2.530381e+001
      endloop
   endfacet
   facet normal -9.983119e-001 0.000000e+000 5.807913e-002
      outer loop
         vertex 5.030325e+001 1.900000e+001 2.530381e+001
         vertex 5.030325e+001 2.100000e+001 2.530381e+001
         vertex 5.027477e+001 2.100000e+001 2.497822e+001
      endloop
   endfacet
   facet normal -9.932307e-001 0.000000e+000 1.161583e-001
      outer loop
         vertex 5.030325e+001 1.900000e+001 2.530381e+001
         vertex 5.027477e+001 2.100000e+001 2.497822e+001
         vertex 5.027477e+001 1.900000e+001 2.497822e+001
      endloop
   endfacet
   facet normal -9.730600e-001 0.000000e+000 2.305519e-001
      outer loop
         vertex 5.027477e+001 1.900000e+001 2.497822e+001
         vertex 5.027477e+001 2.100000e+001 2.497822e+001
         vertex 5.019018e+001 2.100000e+001 2.466253e+001
      endloop
   endfacet
   facet normal -9.579706e-001 0.000000e+000 2.868663e-001
      outer loop
         vertex 5.027477e+001 1.900000e+001 2.497822e+001
         vertex 5.019018e+001 2.100000e+001 2.466253e+001
         vertex 5.019018e+001 1.900000e+001 2.466253e+001
      endloop
   endfacet
   facet normal -9.182422e-001 0.000000e+000 3.960194e-001
      outer loop
         vertex 5.019018e+001 1.900000e+001 2.466253e+001
         vertex 5.019018e+001 2.100000e+001 2.466253e+001
         vertex 5.005205e+001 2.100000e+001 2.436631e+001
      endloop
   endfacet
   facet normal -8.936031e-001 0.000000e+000 4.488580e-001
      outer loop
         vertex 5.019018e+001 1.900000e+001 2.466253e+001
         vertex 5.005205e+001 2.100000e+001 2.436631e+001
         vertex 5.005205e+001 1.900000e+001 2.436631e+001
      endloop
   endfacet
   facet normal -8.355240e-001 0.000000e+000 5.494540e-001
      outer loop
         vertex 5.005205e+001 1.900000e+001 2.436631e+001
         vertex 5.005205e+001 2.100000e+001 2.436631e+001
         vertex 4.986459e+001 2.100000e+001 2.409859e+001
      endloop
   endfacet
   facet normal -8.020838e-001 0.000000e+000 5.972114e-001
      outer loop
         vertex 5.005205e+001 1.900000e+001 2.436631e+001
         vertex 4.986459e+001 2.100000e+001 2.409859e+001
         vertex 4.986459e+001 1.900000e+001 2.409859e+001
      endloop
   endfacet
   facet normal -7.274188e-001 0.000000e+000 6.861938e-001
      outer loop
         vertex 4.986459e+001 1.900000e+001 2.409859e+001
         vertex 4.986459e+001 2.100000e+001 2.409859e+001
         vertex 4.963348e+001 2.100000e+001 2.386748e+001
      endloop
   endfacet
   facet normal -6.861938e-001 0.000000e+000 7.274188e-001
      outer loop
         vertex 4.986459e+001 1.900000e+001 2.409859e+001
         vertex 4.963348e+001 2.100000e+001 2.386748e+001
         vertex 4.963348e+001 1.900000e+001 2.386748e+001
      endloop
   endfacet
   facet normal -5.972114e-001 0.000000e+000 8.020838e-001
      outer loop
         vertex 4.963348e+001 1.900000e+001 2.386748e+001
         vertex 4.963348e+001 2.100000e+001 2.386748e+001
         vertex 4.936575e+001 2.100000e+001 2.368002e+001
      endloop
   endfacet
   facet normal -5.494540e-001 0.000000e+000 8.355240e-001
      outer loop
         vertex 4.963348e+001 1.900000e+001 2.386748e+001
         vertex 4.936575e+001 2.100000e+001 2.368002e+001
         vertex 4.936575e+001 1.900000e+001 2.368002e+001
      endloop
   endfacet
   facet normal -4.488580e-001 0.000000e+000 8.936031e-001
      outer loop
         vertex 4.936575e+001 1.900000e+001 2.368002e+001
         vertex 4.936575e+001 2.100000e+001 2.368002e+001
         vertex 4.906954e+001 2.100000e+001 2.354189e+001
      endloop
   endfacet
   facet normal -3.960194e-001 0.000000e+000 9.182422e-001
      outer loop
         vertex 4.936575e+001 1.900000e+001 2.368002e+001
         vertex 4.906954e+001 2.100000e+001 2.354189e+001
         vertex 4.906954e+001 1.900000e+001 2.354189e+001
      endloop
   endfacet
   facet normal -2.868663e-001 0.000000e+000 9.579706e-001
      outer loop
         vertex 4.906954e+001 1.900000e+001 2.354189e+001
         vertex 4.906954e+001 2.100000e+001 2.354189e+001
         vertex 4.875384e+001 2.100000e+001 2.345730e+001
      endloop
   endfacet
   facet normal -2.305519e-001 0.000000e+000 9.730600e-001
      outer loop
         vertex 4.906954e+001 1.900000e+001 2.354189e+001
         vertex 4.875384e+001 2.100000e+001 2.345730e+001
         vertex 4.875384e+001 1.900000e+001 2.345730e+001
      endloop
   endfacet
   facet normal -1.161583e-001 0.000000e+000 9.932307e-001
      outer loop
         vertex 4.875384e+001 1.900000e+001 2.345730e+001
         vertex 4.875384e+001 2.100000e+001 2.345730e+001
         vertex 4.842825e+001 2.100000e+001 2.342881e+001
      endloop
   endfacet
   facet normal -5.807913e-002 0.000000e+000 9.983119e-001
      outer loop
         vertex 4.875384e+001 1.900000e+001 2.345730e+001
         vertex 4.842825e+001 2.100000e+001 2.342881e+001
         vertex 4.842825e+001 1.900000e+001 2.342881e+001
      endloop
   endfacet
   facet normal 5.807913e-002 0.000000e+000 9.983119e-001
      outer loop
         vertex 4.842825e+001 1.900000e+001 2.342881e+001
         vertex 4.842825e+001 2.100000e+001 2.342881e+001
         vertex 4.810266e+001 2.100000e+001 2.345730e+001
      endloop
   endfacet
   facet normal 1.161583e-001 0.000000e+000 9.932307e-001
      outer loop
         vertex 4.842825e+001 1.900000e+001 2.342881e+001
         vertex 4.810266e+001 2.100000e+001 2.345730e+001
         vertex 4.810266e+001 1.900000e+001 2.345730e+001
      endloop
   endfacet
   facet normal 2.305519e-001 0.000000e+000 9.730600e-001
      outer loop
         vertex 4.810266e+001 1.900000e+001 2.345730e+001
         vertex 4.810266e+001 2.100000e+001 2.345730e+001
         vertex 4.778696e+001 2.100000e+001 2.354189e+001
      endloop
   endfacet
   facet normal 2.868663e-001 0.000000e+000 9.579706e-001
      outer loop
         vertex 4.810266e+001 1.900000e+001 2.345730e+001
         vertex 4.778696e+001 2.100000e+001 2.354189e+001
         vertex 4.778696e+001 1.900000e+001 2.354189e+001
      endloop
   endfacet
   facet normal 3.960194e-001 0.000000e+000 9.182422e-001
      outer loop
         vertex 4.778696e+001 1.900000e+001 2.354189e+001
         vertex 4.778696e+001 2.100000e+001 2.354189e+001
         vertex 4.749075e+001 2.100000e+001 2.368002e+001
      endloop
   endfacet
   facet normal 4.488580e-001 0.000000e+000 8.936031e-001
      outer loop
         vertex 4.778696e+001 1.900000e+001 2.354189e+001
         vertex 4.749075e+001 2.100000e+001 2.368002e+001
         vertex 4.749075e+001 1.900000e+001 2.368002e+001
      endloop
   endfacet
   facet normal 5.494540e-001 0.000000e+000 8.355240e-001
      outer loop
         vertex 4.749075e+001 1.900000e+001 2.368002e+001
         vertex 4.749075e+001 2.100000e+001 2.368002e+001
         vertex 4.722302e+001 2.100000e+001 2.386748e+001
      endloop
   endfacet
   facet normal 5.972114e-001 0.000000e+000 8.020838e-001
      outer loop
         vertex 4.749075e+001 1.900000e+001 2.368002e+001
         vertex 4.722302e+001 2.100000e+001 2.386748e+001
         vertex 4.722302e+001 1.900000e+001 2.386748e+001
      endloop
   endfacet
   facet normal 6.861938e-001 0.000000e+000 7.274188e-001
      outer loop
         vertex 4.722302e+001 1.900000e+001 2.386748e+001
         vertex 4.722302e+001 2.100000e+001 2.386748e+001
         vertex 4.699192e+001 2.100000e+001 2.409859e+001
      endloop
   endfacet
   facet normal 7.274188e-001 0.000000e+000 6.861938e-001
      outer loop
         vertex 4.722302e+001 1.900000e+001 2.386748e+001
         vertex 4.699192e+001 2.100000e+001 2.409859e+001
         vertex 4.699192e+001 1.900000e+001 2.409859e+001
      endloop
   endfacet
   facet normal 8.020838e-001 0.000000e+000 5.972114e-001
      outer loop
         vertex 4.699192e+001 1.900000e+001 2.409859e+001
         vertex 4.699192e+001 2.100000e+001 2.409859e+001
         vertex 4.680445e+001 2.100000e+001 2.436631e+001
      endloop
   endfacet
   facet normal 8.355240e-001 0.000000e+000 5.494540e-001
      outer loop
         vertex 4.699192e+001 1.900000e+001 2.409859e+001
         vertex 4.680445e+001 2.100000e+001 2.436631e+001
         vertex 4.680445e+001 1.900000e+001 2.436631e+001
      endloop
   endfacet
   facet normal 8.936031e-001 0.000000e+000 4.488580e-001
      outer loop
         vertex 4.680445e+001 1.900000e+001 2.436631e+001
         vertex 4.680445e+001 2.100000e+001 2.436631e+001
         vertex 4.666633e+001 2.100000e+001 2.466253e+001
      endloop
   endfacet
   facet normal 9.182422e-001 0.000000e+000 3.960194e-001
      outer loop
         vertex 4.680445e+001 1.900000e+001 2.436631e+001
         vertex 4.666633e+001 2.100000e+001 2.466253e+001
         vertex 4.666633e+001 1.900000e+001 2.466253e+001
      endloop
   endfacet
   facet normal 9.579706e-001 0.000000e+000 2.868663e-001
      outer loop
         vertex 4.666633e+001 1.900000e+001 2.466253e+001
         vertex 4.666633e+001 2.100000e+001 2.466253e+001
         vertex 4.658174e+001 2.100000e+001 2.497822e+001
      endloop
   endfacet
   facet normal 9.730600e-001 0.000000e+000 2.305519e-001
      outer loop
         vertex 4.666633e+001 1.900000e+001 2.466253e+001
         vertex 4.658174e+001 2.100000e+001 2.497822e+001
         vertex 4.658174e+001 1.900000e+001 2.497822e+001
      endloop
   endfacet
   facet normal 9.932307e-001 0.000000e+000 1.161583e-001
      outer loop
         vertex 4.658174e+001 1.900000e+001 2.497822e+001
         vertex 4.658174e+001 2.100000e+001 2.497822e+001
         vertex 4.655325e+001 2.100000e+001 2.530381e+001
      endloop
   endfacet
   facet normal 9.983119e-001 0.000000e+000 5.807913e-002
      outer loop
         vertex 4.658174e+001 1.900000e+001 2.497822e+001
         vertex 4.655325e+001 2.100000e+001 2.530381e+001
         vertex 4.655325e+001 1.900000e+001 2.530381e+001
      endloop
   endfacet
   facet normal 9.983119e-001 0.000000e+000 -5.807913e-002
      outer loop
         vertex 4.655325e+001 1.900000e+001 2.530381e+001
         vertex 4.655325e+001 2.100000e+001 2.530381e+001
         vertex 4.658174e+001 2.100000e+001 2.562940e+001
      endloop
   endfacet
   facet normal 9.932307e-001 0.000000e+000 -1.161583e-001
      outer loop
         vertex 4.655325e+001 1.900000e+001 2.530381e+001
         vertex 4.658174e+001 2.100000e+001 2.562940e+001
         vertex 4.658174e+001 1.900000e+001 2.562940e+001
      endloop
   endfacet
   facet normal 9.730600e-001 0.000000e+000 -2.305519e-001
      outer loop
         vertex 4.658174e+001 1.900000e+001 2.562940e+001
         vertex 4.658174e+001 2.100000e+001 2.562940e+001
         vertex 4.666633e+001 2.100000e+001 2.594510e+001
      endloop
   endfacet
   facet normal 9.579706e-001 0.000000e+000 -2.868663e-001
      outer loop
         vertex 4.658174e+001 1.900000e+001 2.562940e+001
         vertex 4.666633e+001 2.100000e+001 2.594510e+001
         vertex 4.666633e+001 1.900000e+001 2.594510e+001
      endloop
   endfacet
   facet normal 9.182422e-001 0.000000e+000 -3.960194e-001
      outer loop
         vertex 4.666633e+001 1.900000e+001 2.594510e+001
         vertex 4.666633e+001 2.100000e+001 2.594510e+001
         vertex 4.680445e+001 2.100000e+001 2.624131e+001
      endloop
   endfacet
   facet normal 8.936031e-001 0.000000e+000 -4.488580e-001
      outer loop
         vertex 4.666633e+001 1.900000e+001 2.594510e+001
         vertex 4.680445e+001 2.100000e+001 2.624131e+001
         vertex 4.680445e+001 1.900000e+001 2.624131e+001
      endloop
   endfacet
   facet normal 8.355240e-001 0.000000e+000 -5.494540e-001
      outer loop
         vertex 4.680445e+001 1.900000e+001 2.624131e+001
         vertex 4.680445e+001 2.100000e+001 2.624131e+001
         vertex 4.699192e+001 2.100000e+001 2.650904e+001
      endloop
   endfacet
   facet normal 8.020838e-001 0.000000e+000 -5.972114e-001
      outer loop
         vertex 4.680445e+001 1.900000e+001 2.624131e+001
         vertex 4.699192e+001 2.100000e+001 2.650904e+001
         vertex 4.699192e+001 1.900000e+001 2.650904e+001
      endloop
   endfacet
   facet normal 7.274188e-001 0.000000e+000 -6.861938e-001
      outer loop
         vertex 4.699192e+001 1.900000e+001 2.650904e+001
         vertex 4.699192e+001 2.100000e+001 2.650904e+001
         vertex 4.722302e+001 2.100000e+001 2.674015e+001
      endloop
   endfacet
   facet normal 6.861938e-001 0.000000e+000 -7.274188e-001
      outer loop
         vertex 4.699192e+001 1.900000e+001 2.650904e+001
         vertex 4.722302e+001 2.100000e+001 2.674015e+001
         vertex 4.722302e+001 1.900000e+001 2.674015e+001
      endloop
   endfacet
   facet normal 5.972114e-001 0.000000e+000 -8.020838e-001
      outer loop
         vertex 4.722302e+001 1.900000e+001 2.674015e+001
         vertex 4.722302e+001 2.100000e+001 2.674015e+001
         vertex 4.749075e+001 2.100000e+001 2.692761e+001
      endloop
   endfacet
   facet normal 5.494540e-001 0.000000e+000 -8.355240e-001
      outer loop
         vertex 4.722302e+001 1.900000e+001 2.674015e+001
         vertex 4.749075e+001 2.100000e+001 2.692761e+001
         vertex 4.749075e+001 1.900000e+001 2.692761e+001
      endloop
   endfacet
   facet normal 4.488580e-001 0.000000e+000 -8.936031e-001
      outer loop
         vertex 4.749075e+001 1.900000e+001 2.692761e+001
         vertex 4.749075e+001 2.100000e+001 2.692761e+001
         vertex 4.778696e+001 2.100000e+001 2.706574e+001
      endloop
   endfacet
   facet normal 3.960194e-001 0.000000e+000 -9.182422e-001
      outer loop
         vertex 4.749075e+001 1.900000e+001 2.692761e+001
         vertex 4.778696e+001 2.100000e+001 2.706574e+001
         vertex 4.778696e+001 1.900000e+001 2.706574e+001
      endloop
   endfacet
   facet normal 2.868663e-001 0.000000e+000 -9.579706e-001
      outer loop
         vertex 4.778696e+001 1.900000e+001 2.706574e+001
         vertex 4.778696e+001 2.100000e+001 2.706574e+001
         vertex 4.810266e+001 2.100000e+001 2.715033e+001
      endloop
   endfacet
   facet normal 2.305519e-001 0.000000e+000 -9.730600e-001
      outer loop
         vertex 4.778696e+001 1.900000e+001 2.706574e+001
         vertex 4.810266e+001 2.100000e+001 2.715033e+001
         vertex 4.810266e+001 1.900000e+001 2.715033e+001
      endloop
   endfacet
   facet normal 1.161583e-001 0.000000e+000 -9.932307e-001
      outer loop
         vertex 4.810266e+001 1.900000e+001 2.715033e+001
         vertex 4.810266e+001 2.100000e+001 2.715033e+001
         vertex 4.842825e+001 2.100000e+001 2.717881e+001
      endloop
   endfacet
   facet normal 5.807913e-002 0.000000e+000 -9.983119e-001
      outer loop
         vertex 5.210266e+001 1.900000e+001 2.715033e+001
         vertex 5.242825e+001 2.100000e+001 2.717881e+001
         vertex 5.242825e+001 1.900000e+001 2.717881e+001
      endloop
   endfacet
   facet normal -5.807913e-002 0.000000e+000 -9.983119e-001
      outer loop
         vertex 5.242825e+001 1.900000e+001 2.717881e+001
         vertex 5.242825e+001 2.100000e+001 2.717881e+001
         vertex 5.275385e+001 2.100000e+001 2.715033e+001
      endloop
   endfacet
   facet normal -1.161583e-001 0.000000e+000 -9.932307e-001
      outer loop
         vertex 5.242825e+001 1.900000e+001 2.717881e+001
         vertex 5.275385e+001 2.100000e+001 2.715033e+001
         vertex 5.275385e+001 1.900000e+001 2.715033e+001
      endloop
   endfacet
   facet normal -2.305519e-001 0.000000e+000 -9.730600e-001
      outer loop
         vertex 5.275385e+001 1.900000e+001 2.715033e+001
         vertex 5.275385e+001 2.100000e+001 2.715033e+001
         vertex 5.306954e+001 2.100000e+001 2.706574e+001
      endloop
   endfacet
   facet normal -2.868663e-001 0.000000e+000 -9.579706e-001
      outer loop
         vertex 5.275385e+001 1.900000e+001 2.715033e+001
         vertex 5.306954e+001 2.100000e+001 2.706574e+001
         vertex 5.306954e+001 1.900000e+001 2.706574e+001
      endloop
   endfacet
   facet normal -3.960194e-001 0.000000e+000 -9.182422e-001
      outer loop
         vertex 5.306954e+001 1.900000e+001 2.706574e+001
         vertex 5.306954e+001 2.100000e+001 2.706574e+001
         vertex 5.336575e+001 2.100000e+001 2.692761e+001
      endloop
   endfacet
   facet normal -4.488580e-001 0.000000e+000 -8.936031e-001
      outer loop
         vertex 5.306954e+001 1.900000e+001 2.706574e+001
         vertex 5.336575e+001 2.100000e+001 2.692761e+001
         vertex 5.336575e+001 1.900000e+001 2.692761e+001
      endloop
   endfacet
   facet normal -5.494540e-001 0.000000e+000 -8.355240e-001
      outer loop
         vertex 5.336575e+001 1.900000e+001 2.692761e+001
         vertex 5.336575e+001 2.100000e+001 2.692761e+001
         vertex 5.363348e+001 2.100000e+001 2.674015e+001
      endloop
   endfacet
   facet normal -5.972114e-001 0.000000e+000 -8.020838e-001
      outer loop
         vertex 5.336575e+001 1.900000e+001 2.692761e+001
         vertex 5.363348e+001 2.100000e+001 2.674015e+001
         vertex 5.363348e+001 1.900000e+001 2.674015e+001
      endloop
   endfacet
   facet normal -6.861938e-001 0.000000e+000 -7.274188e-001
      outer loop
         vertex 5.363348e+001 1.900000e+001 2.674015e+001
         vertex 5.363348e+001 2.100000e+001 2.674015e+001
         vertex 5.386458e+001 2.100000e+001 2.650904e+001
      endloop
   endfacet
   facet normal -7.274188e-001 0.000000e+000 -6.861938e-001
      outer loop
         vertex 5.363348e+001 1.900000e+001 2.674015e+001
         vertex 5.386458e+001 2.100000e+001 2.650904e+001
         vertex 5.386458e+001 1.900000e+001 2.650904e+001
      endloop
   endfacet
   facet normal -8.020838e-001 0.000000e+000 -5.972114e-001
      outer loop
         vertex 5.386458e+001 1.900000e+001 2.650904e+001
         vertex 5.386458e+001 2.100000e+001 2.650904e+001
         vertex 5.405205e+001 2.100000e+001 2.624131e+001
      endloop
   endfacet
   facet normal -8.355240e-001 0.000000e+000 -5.494540e-001
      outer loop
         vertex 5.386458e+001 1.900000e+001 2.650904e+001
         vertex 5.405205e+001 2.100000e+001 2.624131e+001
         vertex 5.405205e+001 1.900000e+001 2.624131e+001
      endloop
   endfacet
   facet normal -8.936031e-001 0.000000e+000 -4.488580e-001
      outer loop
         vertex 5.405205e+001 1.900000e+001 2.624131e+001
         vertex 5.405205e+001 2.100000e+001 2.624131e+001
         vertex 5.419017e+001 2.100000e+001 2.594510e+001
      endloop
   endfacet
   facet normal -9.182422e-001 0.000000e+000 -3.960194e-001
      outer loop
         vertex 5.405205e+001 1.900000e+001 2.624131e+001
         vertex 5.419017e+001 2.100000e+001 2.594510e+001
         vertex 5.419017e+001 1.900000e+001 2.594510e+001
      endloop
   endfacet
   facet normal -9.579706e-001 0.000000e+000 -2.868663e-001
      outer loop
         vertex 5.419017e+001 1.900000e+001 2.594510e+001
         vertex 5.419017e+001 2.100000e+001 2.594510e+001
         vertex 5.427477e+001 2.100000e+001 2.562940e+001
      endloop
   endfacet
   facet normal -9.730600e-001 0.000000e+000 -2.305519e-001
      outer loop
         vertex 5.419017e+001 1.900000e+001 2.594510e+001
         vertex 5.427477e+001 2.100000e+001 2.562940e+001
         vertex 5.427477e+001 1.900000e+001 2.562940e+001
      endloop
   endfacet
   facet normal -9.932307e-001 0.000000e+000 -1.161583e-001
      outer loop
         vertex 5.427477e+001 1.900000e+001 2.562940e+001
         vertex 5.427477e+001 2.100000e+001 2.562940e+001
         vertex 5.430325e+001 2.100000e+001 2.530381e+001
      endloop
   endfacet
   facet normal -9.983119e-001 0.000000e+000 -5.807913e-002
      outer loop
         vertex 5.427477e+001 1.900000e+001 2.562940e+001
         vertex 5.430325e+001 2.100000e+001 2.530381e+001
         vertex 5.430325e+001 1.900000e+001 2.530381e+001
      endloop
   endfacet
   facet normal -9.983119e-001 0.000000e+000 5.807913e-002
      outer loop
         vertex 5.430325e+001 1.900000e+001 2.530381e+001
         vertex 5.430325e+001 2.100000e+001 2.530381e+001
         vertex 5.427477e+001 2.100000e+001 2.497822e+001
      endloop
   endfacet
   facet normal -9.932307e-001 0.000000e+000 1.161583e-001
      outer loop
         vertex 5.430325e+001 1.900000e+001 2.530381e+001
         vertex 5.427477e+001 2.100000e+001 2.497822e+001
         vertex 5.427477e+001 1.900000e+001 2.497822e+001
      endloop
   endfacet
   facet normal -9.730600e-001 0.000000e+000 2.305519e-001
      outer loop
         vertex 5.427477e+001 1.900000e+001 2.497822e+001
         vertex 5.427477e+001 2.100000e+001 2.497822e+001
         vertex 5.419017e+001 2.100000e+001 2.466253e+001
      endloop
   endfacet
   facet normal -9.579706e-001 0.000000e+000 2.868663e-001
      outer loop
         vertex 5.427477e+001 1.900000e+001 2.497822e+001
         vertex 5.419017e+001 2.100000e+001 2.466253e+001
         vertex 5.419017e+001 1.900000e+001 2.466253e+001
      endloop
   endfacet
   facet normal -9.182422e-001 0.000000e+000 3.960194e-001
      outer loop
         vertex 5.419017e+001 1.900000e+001 2.466253e+001
         vertex 5.419017e+001 2.100000e+001 2.466253e+001
         vertex 5.405205e+001 2.100000e+001 2.436631e+001
      endloop
   endfacet
   facet normal -8.936031e-001 0.000000e+000 4.488580e-001
      outer loop
         vertex 5.419017e+001 1.900000e+001 2.466253e+001
         vertex 5.405205e+001 2.100000e+001 2.436631e+001
         vertex 5.405205e+001 1.900000e+001 2.436631e+001
      endloop
   endfacet
   facet normal -8.355240e-001 0.000000e+000 5.494540e-001
      outer loop
         vertex 5.405205e+001 1.900000e+001 2.436631e+001
         vertex 5.405205e+001 2.100000e+001 2.436631e+001
         vertex 5.386458e+001 2.100000e+001 2.409859e+001
      endloop
   endfacet
   facet normal -8.020838e-001 0.000000e+000 5.972114e-001
      outer loop
         vertex 5.405205e+001 1.900000e+001 2.436631e+001
         vertex 5.386458e+001 2.100000e+001 2.409859e+001
         vertex 5.386458e+001 1.900000e+001 2.409859e+001
      endloop
   endfacet
   facet normal -7.274188e-001 0.000000e+000 6.861938e-001
      outer loop
         vertex 5.386458e+001 1.900000e+001 2.409859e+001
         vertex 5.386458e+001 2.100000e+001 2.409859e+001
         vertex 5.363348e+001 2.100000e+001 2.386748e+001
      endloop
   endfacet
   facet normal -6.861938e-001 0.000000e+000 7.274188e-001
      outer loop
         vertex 5.386458e+001 1.900000e+001 2.409859e+001
         vertex 5.363348e+001 2.100000e+001 2.386748e+001
         vertex 5.363348e+001 1.900000e+001 2.386748e+001
      endloop
   endfacet
   facet normal -5.972114e-001 0.000000e+000 8.020838e-001
      outer loop
         vertex 5.363348e+001 1.900000e+001 2.386748e+001
         vertex 5.363348e+001 2.100000e+001 2.386748e+001
         vertex 5.336575e+001 2.100000e+001 2.368002e+001
      endloop
   endfacet
   facet normal -5.494540e-001 0.000000e+000 8.355240e-001
      outer loop
         vertex 5.363348e+001 1.900000e+001 2.386748e+001
         vertex 5.336575e+001 2.100000e+001 2.368002e+001
         vertex 5.336575e+001 1.900000e+001 2.368002e+001
      endloop
   endfacet
   facet normal -4.488580e-001 0.000000e+000 8.936031e-001
      outer loop
         vertex 5.336575e+001 1.900000e+001 2.368002e+001
         vertex 5.336575e+001 2.100000e+001 2.368002e+001
         vertex 5.306954e+001 2.100000e+001 2.354189e+001
      endloop
   endfacet
   facet normal -3.960194e-001 0.000000e+000 9.182422e-001
      outer loop
         vertex 5.336575e+001 1.900000e+001 2.368002e+001
         vertex 5.306954e+001 2.100000e+001 2.354189e+001
         vertex 5.306954e+001 1.900000e+001 2.354189e+001
      endloop
   endfacet
   facet normal -2.868663e-001 0.000000e+000 9.579706e-001
      outer loop
         vertex 5.306954e+001 1.900000e+001 2.354189e+001
         vertex 5.306954e+001 2.100000e+001 2.354189e+001
         vertex 5.275385e+001 2.100000e+001 2.345730e+001
      endloop
   endfacet
   facet normal -2.305519e-001 0.000000e+000 9.730600e-001
      outer loop
         vertex 5.306954e+001 1.900000e+001 2.354189e+001
         vertex 5.275385e+001 2.100000e+001 2.345730e+001
         vertex 5.275385e+001 1.900000e+001 2.345730e+001
      endloop
   endfacet
   facet normal -1.161583e-001 0.000000e+000 9.932307e-001
      outer loop
         vertex 5.275385e+001 1.900000e+001 2.345730e+001
         vertex 5.275385e+001 2.100000e+001 2.345730e+001
         vertex 5.242825e+001 2.100000e+001 2.342881e+001
      endloop
   endfacet
   facet normal -5.807913e-002 0.000000e+000 9.983119e-001
      outer loop
         vertex 5.275385e+001 1.900000e+001 2.345730e+001
         vertex 5.242825e+001 2.100000e+001 2.342881e+001
         vertex 5.242825e+001 1.900000e+001 2.342881e+001
      endloop
   endfacet
   facet normal 5.807913e-002 0.000000e+000 9.983119e-001
      outer loop
         vertex 5.242825e+001 1.900000e+001 2.342881e+001
         vertex 5.242825e+001 2.100000e+001 2.342881e+001
         vertex 5.210266e+001 2.100000e+001 2.345730e+001
      endloop
   endfacet
   facet normal 1.161583e-001 0.000000e+000 9.932307e-001
      outer loop
         vertex 5.242825e+001 1.900000e+001 2.342881e+001
         vertex 5.210266e+001 2.100000e+001 2.345730e+001
         vertex 5.210266e+001 1.900000e+001 2.345730e+001
      endloop
   endfacet
   facet normal 2.305519e-001 0.000000e+000 9.730600e-001
      outer loop
         vertex 5.210266e+001 1.900000e+001 2.345730e+001
         vertex 5.210266e+001 2.100000e+001 2.345730e+001
         vertex 5.178697e+001 2.100000e+001 2.354189e+001
      endloop
   endfacet
   facet normal 2.868663e-001 0.000000e+000 9.579706e-001
      outer loop
         vertex 5.210266e+001 1.900000e+001 2.345730e+001
         vertex 5.178697e+001 2.100000e+001 2.354189e+001
         vertex 5.178697e+001 1.900000e+001 2.354189e+001
      endloop
   endfacet
   facet normal 3.960194e-001 0.000000e+000 9.182422e-001
      outer loop
         vertex 5.178697e+001 1.900000e+001 2.354189e+001
         vertex 5.178697e+001 2.100000e+001 2.354189e+001
         vertex 5.149075e+001 2.100000e+001 2.368002e+001
      endloop
   endfacet
   facet normal 4.488580e-001 0.000000e+000 8.936031e-001
      outer loop
         vertex 5.178697e+001 1.900000e+001 2.354189e+001
         vertex 5.149075e+001 2.100000e+001 2.368002e+001
         vertex 5.149075e+001 1.900000e+001 2.368002e+001
      endloop
   endfacet
   facet normal 5.494540e-001 0.000000e+000 8.355240e-001
      outer loop
         vertex 5.149075e+001 1.900000e+001 2.368002e+001
         vertex 5.149075e+001 2.100000e+001 2.368002e+001
         vertex 5.122303e+001 2.100000e+001 2.386748e+001
      endloop
   endfacet
   facet normal 5.972114e-001 0.000000e+000 8.020838e-001
      outer loop
         vertex 5.149075e+001 1.900000e+001 2.368002e+001
         vertex 5.122303e+001 2.100000e+001 2.386748e+001
         vertex 5.122303e+001 1.900000e+001 2.386748e+001
      endloop
   endfacet
   facet normal 6.861938e-001 0.000000e+000 7.274188e-001
      outer loop
         vertex 5.122303e+001 1.900000e+001 2.386748e+001
         vertex 5.122303e+001 2.100000e+001 2.386748e+001
         vertex 5.099192e+001 2.100000e+001 2.409859e+001
      endloop
   endfacet
   facet normal 7.274188e-001 0.000000e+000 6.861938e-001
      outer loop
         vertex 5.122303e+001 1.900000e+001 2.386748e+001
         vertex 5.099192e+001 2.100000e+001 2.409859e+001
         vertex 5.099192e+001 1.900000e+001 2.409859e+001
      endloop
   endfacet
   facet normal 8.020838e-001 0.000000e+000 5.972114e-001
      outer loop
         vertex 5.099192e+001 1.900000e+001 2.409859e+001
         vertex 5.099192e+001 2.100000e+001 2.409859e+001
         vertex 5.080445e+001 2.100000e+001 2.436631e+001
      endloop
   endfacet
   facet normal 8.355240e-001 0.000000e+000 5.494540e-001
      outer loop
         vertex 5.099192e+001 1.900000e+001 2.409859e+001
         vertex 5.080445e+001 2.100000e+001 2.436631e+001
         vertex 5.080445e+001 1.900000e+001 2.436631e+001
      endloop
   endfacet
   facet normal 8.936031e-001 0.000000e+000 4.488580e-001
      outer loop
         vertex 5.080445e+001 1.900000e+001 2.436631e+001
         vertex 5.080445e+001 2.100000e+001 2.436631e+001
         vertex 5.066633e+001 2.100000e+001 2.466253e+001
      endloop
   endfacet
   facet normal 9.182422e-001 0.000000e+000 3.960194e-001
      outer loop
         vertex 5.080445e+001 1.900000e+001 2.436631e+001
         vertex 5.066633e+001 2.100000e+001 2.466253e+001
         vertex 5.066633e+001 1.900000e+001 2.466253e+001
      endloop
   endfacet
   facet normal 9.579706e-001 0.000000e+000 2.868663e-001
      outer loop
         vertex 5.066633e+001 1.900000e+001 2.466253e+001
         vertex 5.066633e+001 2.100000e+001 2.466253e+001
         vertex 5.058174e+001 2.100000e+001 2.497822e+001
      endloop
   endfacet
   facet normal 9.730600e-001 0.000000e+000 2.305519e-001
      outer loop
         vertex 5.066633e+001 1.900000e+001 2.466253e+001
         vertex 5.058174e+001 2.100000e+001 2.497822e+001
         vertex 5.058174e+001 1.900000e+001 2.497822e+001
      endloop
   endfacet
   facet normal 9.932307e-001 0.000000e+000 1.161583e-001
      outer loop
         vertex 5.058174e+001 1.900000e+001 2.497822e+001
         vertex 5.058174e+001 2.100000e+001 2.497822e+001
         vertex 5.055325e+001 2.100000e+001 2.530381e+001
      endloop
   endfacet
   facet normal 9.983119e-001 0.000000e+000 5.807913e-002
      outer loop
         vertex 5.058174e+001 1.900000e+001 2.497822e+001
         vertex 5.055325e+001 2.100000e+001 2.530381e+001
         vertex 5.055325e+001 1.900000e+001 2.530381e+001
      endloop
   endfacet
   facet normal 9.983119e-001 0.000000e+000 -5.807913e-002
      outer loop
         vertex 5.055325e+001 1.900000e+001 2.530381e+001
         vertex 5.055325e+001 2.100000e+001 2.530381e+001
         vertex 5.058174e+001 2.100000e+001 2.562940e+001
      endloop
   endfacet
   facet normal 9.932307e-001 0.000000e+000 -1.161583e-001
      outer loop
         vertex 5.055325e+001 1.900000e+001 2.530381e+001
         vertex 5.058174e+001 2.100000e+001 2.562940e+001
         vertex 5.058174e+001 1.900000e+001 2.562940e+001
      endloop
   endfacet
   facet normal 9.730600e-001 0.000000e+000 -2.305519e-001
      outer loop
         vertex 5.058174e+001 1.900000e+001 2.562940e+001
         vertex 5.058174e+001 2.100000e+001 2.562940e+001
         vertex 5.066633e+001 2.100000e+001 2.594510e+001
      endloop
   endfacet
   facet normal 9.579706e-001 0.000000e+000 -2.868663e-001
      outer loop
         vertex 5.058174e+001 1.900000e+001 2.562940e+001
         vertex 5.066633e+001 2.100000e+001 2.594510e+001
         vertex 5.066633e+001 1.900000e+001 2.594510e+001
      endloop
   endfacet
   facet normal 9.182422e-001 0.000000e+000 -3.960194e-001
      outer loop
         vertex 5.066633e+001 1.900000e+001 2.594510e+001
         vertex 5.066633e+001 2.100000e+001 2.594510e+001
         vertex 5.080445e+001 2.100000e+001 2.624131e+001
      endloop
   endfacet
   facet normal 8.936031e-001 0.000000e+000 -4.488580e-001
      outer loop
         vertex 5.066633e+001 1.900000e+001 2.594510e+001
         vertex 5.080445e+001 2.100000e+001 2.624131e+001
         vertex 5.080445e+001 1.900000e+001 2.624131e+001
      endloop
   endfacet
   facet normal 8.355240e-001 0.000000e+000 -5.494540e-001
      outer loop
         vertex 5.080445e+001 1.900000e+001 2.624131e+001
         vertex 5.080445e+001 2.100000e+001 2.624131e+001
         vertex 5.099192e+001 2.100000e+001 2.650904e+001
      endloop
   endfacet
   facet normal 8.020838e-001 0.000000e+000 -5.972114e-001
      outer loop
         vertex 5.080445e+001 1.900000e+001 2.624131e+001
         vertex 5.099192e+001 2.100000e+001 2.650904e+001
         vertex 5.099192e+001 1.900000e+001 2.650904e+001
      endloop
   endfacet
   facet normal 7.274188e-001 0.000000e+000 -6.861938e-001
      outer loop
         vertex 5.099192e+001 1.900000e+001 2.650904e+001
         vertex 5.099192e+001 2.100000e+001 2.650904e+001
         vertex 5.122303e+001 2.100000e+001 2.674015e+001
      endloop
   endfacet
   facet normal 6.861938e-001 0.000000e+000 -7.274188e-001
      outer loop
         vertex 5.099192e+001 1.900000e+001 2.650904e+001
         vertex 5.122303e+001 2.100000e+001 2.674015e+001
         vertex 5.122303e+001 1.900000e+001 2.674015e+001
      endloop
   endfacet
   facet normal 5.972114e-001 0.000000e+000 -8.020838e-001
      outer loop
         vertex 5.122303e+001 1.900000e+001 2.674015e+001
         vertex 5.122303e+001 2.100000e+001 2.674015e+001
         vertex 5.149075e+001 2.100000e+001 2.692761e+001
      endloop
   endfacet
   facet normal 5.494540e-001 0.000000e+000 -8.355240e-001
      outer loop
         vertex 5.122303e+001 1.900000e+001 2.674015e+001
         vertex 5.149075e+001 2.100000e+001 2.692761e+001
         vertex 5.149075e+001 1.900000e+001 2.692761e+001
      endloop
   endfacet
   facet normal 4.488580e-001 0.000000e+000 -8.936031e-001
      outer loop
         vertex 5.149075e+001 1.900000e+001 2.692761e+001
         vertex 5.149075e+001 2.100000e+001 2.692761e+001
         vertex 5.178697e+001 2.100000e+001 2.706574e+001
      endloop
   endfacet
   facet normal 3.960194e-001 0.000000e+000 -9.182422e-001
      outer loop
         vertex 5.149075e+001 1.900000e+001 2.692761e+001
         vertex 5.178697e+001 2.100000e+001 2.706574e+001
         vertex 5.178697e+001 1.900000e+001 2.706574e+001
      endloop
   endfacet
   facet normal 2.868663e-001 0.000000e+000 -9.579706e-001
      outer loop
         vertex 5.178697e+001 1.900000e+001 2.706574e+001
         vertex 5.178697e+001 2.100000e+001 2.706574e+001
         vertex 5.210266e+001 2.100000e+001 2.715033e+001
      endloop
   endfacet
   facet normal 2.305519e-001 0.000000e+000 -9.730600e-001
      outer loop
         vertex 5.178697e+001 1.900000e+001 2.706574e+001
         vertex 5.210266e+001 2.100000e+001 2.715033e+001
         vertex 5.210266e+001 1.900000e+001 2.715033e+001
      endloop
   endfacet
   facet normal 1.161583e-001 0.000000e+000 -9.932307e-001
      outer loop
         vertex 5.210266e+001 1.900000e+001 2.715033e+001
         vertex 5.210266e+001 2.100000e+001 2.715033e+001
         vertex 5.242825e+001 2.100000e+001 2.717881e+001
      endloop
   endfacet
   facet normal 1.000000e+000 0.000000e+000 0.000000e+000
      outer loop
         vertex 6.628688e+001 0.000000e+000 0.000000e+000
         vertex 6.628688e+001 2.100000e+001 0.000000e+000
         vertex 6.628688e+001 0.000000e+000 3.430000e+001
      endloop
   endfacet
   facet normal 1.000000e+000 0.000000e+000 0.000000e+000
      outer loop
         vertex 6.628688e+001 0.000000e+000 3.430000e+001
         vertex 6.628688e+001 2.100000e+001 0.000000e+000
         vertex 6.628688e+001 2.100000e+001 3.430000e+001
      endloop
   endfacet
   facet normal -1.000000e+000 0.000000e+000 -1.084202e-016
      outer loop
         vertex 6.528689e+001 7.000000e+000 1.650000e+000
         vertex 6.528689e+001 0.000000e+000 1.650000e+000
         vertex 6.528689e+001 7.000000e+000 3.365000e+001
      endloop
   endfacet
   facet normal -1.000000e+000 0.000000e+000 -1.084202e-016
      outer loop
         vertex 6.528689e+001 7.000000e+000 3.365000e+001
         vertex 6.528689e+001 0.000000e+000 1.650000e+000
         vertex 6.528689e+001 0.000000e+000 3.365000e+001
      endloop
   endfacet
   facet normal -2.678594e-001 0.000000e+000 -9.634581e-001
      outer loop
         vertex 4.146211e+000 2.100000e+001 6.129785e+000
         vertex 4.146211e+000 0.000000e+000 6.129785e+000
         vertex 3.785282e+000 0.000000e+000 6.218905e+000
      endloop
   endfacet
   facet normal -2.113802e-001 0.000000e+000 -9.774039e-001
      outer loop
         vertex 4.146211e+000 2.100000e+001 6.129785e+000
         vertex 3.785282e+000 0.000000e+000 6.218905e+000
         vertex 3.785282e+000 2.100000e+001 6.218905e+000
      endloop
   endfacet
   facet normal -9.685951e-002 0.000000e+000 -9.952980e-001
      outer loop
         vertex 3.785282e+000 2.100000e+001 6.218905e+000
         vertex 3.785282e+000 0.000000e+000 6.218905e+000
         vertex 3.414374e+000 0.000000e+000 6.244136e+000
      endloop
   endfacet
   facet normal -3.881812e-002 0.000000e+000 -9.992462e-001
      outer loop
         vertex 3.785282e+000 2.100000e+001 6.218905e+000
         vertex 3.414374e+000 0.000000e+000 6.244136e+000
         vertex 3.414374e+000 2.100000e+001 6.244136e+000
      endloop
   endfacet
   facet normal 7.707079e-002 0.000000e+000 -9.970256e-001
      outer loop
         vertex 3.414374e+000 2.100000e+001 6.244136e+000
         vertex 3.414374e+000 0.000000e+000 6.244136e+000
         vertex 3.044702e+000 0.000000e+000 6.204714e+000
      endloop
   endfacet
   facet normal 1.349183e-001 0.000000e+000 -9.908567e-001
      outer loop
         vertex 3.414374e+000 2.100000e+001 6.244136e+000
         vertex 3.044702e+000 0.000000e+000 6.204714e+000
         vertex 3.044702e+000 2.100000e+001 6.204714e+000
      endloop
   endfacet
   facet normal 2.486694e-001 0.000000e+000 -9.685884e-001
      outer loop
         vertex 3.044702e+000 2.100000e+001 6.204714e+000
         vertex 3.044702e+000 0.000000e+000 6.204714e+000
         vertex 2.687454e+000 0.000000e+000 6.101832e+000
      endloop
   endfacet
   facet normal 3.045729e-001 0.000000e+000 -9.524890e-001
      outer loop
         vertex 3.044702e+000 2.100000e+001 6.204714e+000
         vertex 2.687454e+000 0.000000e+000 6.101832e+000
         vertex 2.687454e+000 2.100000e+001 6.101832e+000
      endloop
   endfacet
   facet normal 4.127445e-001 0.000000e+000 -9.108468e-001
      outer loop
         vertex 2.687454e+000 2.100000e+001 6.101832e+000
         vertex 2.687454e+000 0.000000e+000 6.101832e+000
         vertex 2.353437e+000 0.000000e+000 5.938602e+000
      endloop
   endfacet
   facet normal 4.650126e-001 0.000000e+000 -8.853040e-001
      outer loop
         vertex 2.687454e+000 2.100000e+001 6.101832e+000
         vertex 2.353437e+000 0.000000e+000 5.938602e+000
         vertex 2.353437e+000 2.100000e+001 5.938602e+000
      endloop
   endfacet
   facet normal 5.643321e-001 0.000000e+000 -8.255479e-001
      outer loop
         vertex 2.353437e+000 2.100000e+001 5.938602e+000
         vertex 2.353437e+000 0.000000e+000 5.938602e+000
         vertex 2.052758e+000 0.000000e+000 5.719964e+000
      endloop
   endfacet
   facet normal 6.113835e-001 0.000000e+000 -7.913345e-001
      outer loop
         vertex 2.353437e+000 2.100000e+001 5.938602e+000
         vertex 2.052758e+000 0.000000e+000 5.719964e+000
         vertex 2.052758e+000 2.100000e+001 5.719964e+000
      endloop
   endfacet
   facet normal 6.988460e-001 0.000000e+000 -7.152721e-001
      outer loop
         vertex 2.052758e+000 2.100000e+001 5.719964e+000
         vertex 2.052758e+000 0.000000e+000 5.719964e+000
         vertex 1.794510e+000 0.000000e+000 5.452530e+000
      endloop
   endfacet
   facet normal 7.392572e-001 0.000000e+000 -6.734232e-001
      outer loop
         vertex 2.052758e+000 2.100000e+001 5.719964e+000
         vertex 1.794510e+000 0.000000e+000 5.452530e+000
         vertex 1.794510e+000 2.100000e+001 5.452530e+000
      endloop
   endfacet
   facet normal 7.598880e-001 0.000000e+000 -6.500540e-001
      outer loop
         vertex 1.794510e+000 2.100000e+001 5.452530e+000
         vertex 1.794510e+000 0.000000e+000 5.452530e+000
         vertex 1.683727e+000 0.000000e+000 5.330040e+000
      endloop
   endfacet
   facet normal 7.228468e-001 0.000000e+000 -6.910083e-001
      outer loop
         vertex 1.794510e+000 2.100000e+001 5.452530e+000
         vertex 1.683727e+000 0.000000e+000 5.330040e+000
         vertex 1.683727e+000 2.100000e+001 5.330040e+000
      endloop
   endfacet
   facet normal 6.425287e-001 0.000000e+000 -7.662616e-001
      outer loop
         vertex 1.683727e+000 2.100000e+001 5.330040e+000
         vertex 1.683727e+000 0.000000e+000 5.330040e+000
         vertex 1.554288e+000 0.000000e+000 5.227456e+000
      endloop
   endfacet
   facet normal 5.992518e-001 0.000000e+000 -8.005605e-001
      outer loop
         vertex 1.683727e+000 2.100000e+001 5.330040e+000
         vertex 1.554288e+000 0.000000e+000 5.227456e+000
         vertex 1.554288e+000 2.100000e+001 5.227456e+000
      endloop
   endfacet
   facet normal 5.076429e-001 0.000000e+000 -8.615675e-001
      outer loop
         vertex 1.554288e+000 2.100000e+001 5.227456e+000
         vertex 1.554288e+000 0.000000e+000 5.227456e+000
         vertex 1.409732e+000 0.000000e+000 5.147574e+000
      endloop
   endfacet
   facet normal 4.593109e-001 0.000000e+000 -8.882755e-001
      outer loop
         vertex 1.554288e+000 2.100000e+001 5.227456e+000
         vertex 1.409732e+000 0.000000e+000 5.147574e+000
         vertex 1.409732e+000 2.100000e+001 5.147574e+000
      endloop
   endfacet
   facet normal 3.589101e-001 0.000000e+000 -9.333721e-001
      outer loop
         vertex 1.409732e+000 2.100000e+001 5.147574e+000
         vertex 1.409732e+000 0.000000e+000 5.147574e+000
         vertex 1.254000e+000 0.000000e+000 5.092576e+000
      endloop
   endfacet
   facet normal 3.068412e-001 0.000000e+000 -9.517607e-001
      outer loop
         vertex 1.409732e+000 2.100000e+001 5.147574e+000
         vertex 1.254000e+000 0.000000e+000 5.092576e+000
         vertex 1.254000e+000 2.100000e+001 5.092576e+000
      endloop
   endfacet
   facet normal 2.003870e-001 0.000000e+000 -9.797168e-001
      outer loop
         vertex 1.254000e+000 2.100000e+001 5.092576e+000
         vertex 1.254000e+000 0.000000e+000 5.092576e+000
         vertex 1.091339e+000 0.000000e+000 5.063961e+000
      endloop
   endfacet
   facet normal 1.460016e-001 0.000000e+000 -9.892843e-001
      outer loop
         vertex 1.254000e+000 2.100000e+001 5.092576e+000
         vertex 1.091339e+000 0.000000e+000 5.063961e+000
         vertex 1.091339e+000 2.100000e+001 5.063961e+000
      endloop
   endfacet
   facet normal 3.639785e-002 0.000000e+000 -9.993374e-001
      outer loop
         vertex 1.091339e+000 2.100000e+001 5.063961e+000
         vertex 1.091339e+000 0.000000e+000 5.063961e+000
         vertex 9.261854e-001 0.000000e+000 5.062510e+000
      endloop
   endfacet
   facet normal -1.882053e-002 0.000000e+000 -9.998229e-001
      outer loop
         vertex 1.091339e+000 2.100000e+001 5.063961e+000
         vertex 9.261854e-001 0.000000e+000 5.062510e+000
         vertex 9.261854e-001 2.100000e+001 5.062510e+000
      endloop
   endfacet
   facet normal -1.285841e-001 0.000000e+000 -9.916986e-001
      outer loop
         vertex 9.261854e-001 2.100000e+001 5.062510e+000
         vertex 9.261854e-001 0.000000e+000 5.062510e+000
         vertex 7.630475e-001 0.000000e+000 5.088260e+000
      endloop
   endfacet
   facet normal -1.831293e-001 0.000000e+000 -9.830889e-001
      outer loop
         vertex 9.261854e-001 2.100000e+001 5.062510e+000
         vertex 7.630475e-001 0.000000e+000 5.088260e+000
         vertex 7.630475e-001 2.100000e+001 5.088260e+000
      endloop
   endfacet
   facet normal -2.900586e-001 0.000000e+000 -9.570089e-001
      outer loop
         vertex 7.630475e-001 2.100000e+001 5.088260e+000
         vertex 7.630475e-001 0.000000e+000 5.088260e+000
         vertex 6.063730e-001 0.000000e+000 5.140512e+000
      endloop
   endfacet
   facet normal -3.424427e-001 0.000000e+000 -9.395387e-001
      outer loop
         vertex 7.630475e-001 2.100000e+001 5.088260e+000
         vertex 6.063730e-001 0.000000e+000 5.140512e+000
         vertex 6.063730e-001 2.100000e+001 5.140512e+000
      endloop
   endfacet
   facet normal -4.436211e-001 0.000000e+000 -8.962145e-001
      outer loop
         vertex 6.063730e-001 2.100000e+001 5.140512e+000
         vertex 6.063730e-001 0.000000e+000 5.140512e+000
         vertex 4.604347e-001 0.000000e+000 5.217838e+000
      endloop
   endfacet
   facet normal -4.924152e-001 0.000000e+000 -8.703604e-001
      outer loop
         vertex 6.063730e-001 2.100000e+001 5.140512e+000
         vertex 4.604347e-001 0.000000e+000 5.217838e+000
         vertex 4.604347e-001 2.100000e+001 5.217838e+000
      endloop
   endfacet
   facet normal -5.850827e-001 0.000000e+000 -8.109736e-001
      outer loop
         vertex 4.604347e-001 2.100000e+001 5.217838e+000
         vertex 4.604347e-001 0.000000e+000 5.217838e+000
         vertex 3.292151e-001 0.000000e+000 5.318130e+000
      endloop
   endfacet
   facet normal -6.289560e-001 0.000000e+000 -7.774409e-001
      outer loop
         vertex 4.604347e-001 2.100000e+001 5.217838e+000
         vertex 3.292151e-001 0.000000e+000 5.318130e+000
         vertex 3.292151e-001 2.100000e+001 5.318130e+000
      endloop
   endfacet
   facet normal -7.105848e-001 0.000000e+000 -7.036116e-001
      outer loop
         vertex 3.292151e-001 2.100000e+001 5.318130e+000
         vertex 3.292151e-001 0.000000e+000 5.318130e+000
         vertex 2.162904e-001 0.000000e+000 5.438654e+000
      endloop
   endfacet
   facet normal -7.483404e-001 0.000000e+000 -6.633149e-001
      outer loop
         vertex 3.292151e-001 2.100000e+001 5.318130e+000
         vertex 2.162904e-001 0.000000e+000 5.438654e+000
         vertex 2.162904e-001 2.100000e+001 5.438654e+000
      endloop
   endfacet
   facet normal -8.167040e-001 0.000000e+000 -5.770568e-001
      outer loop
         vertex 2.162904e-001 2.100000e+001 5.438654e+000
         vertex 2.162904e-001 0.000000e+000 5.438654e+000
         vertex 1.247451e-001 0.000000e+000 5.576120e+000
      endloop
   endfacet
   facet normal -8.473120e-001 0.000000e+000 -5.310954e-001
      outer loop
         vertex 2.162904e-001 2.100000e+001 5.438654e+000
         vertex 1.247451e-001 0.000000e+000 5.576120e+000
         vertex 1.247451e-001 2.100000e+001 5.576120e+000
      endloop
   endfacet
   facet normal -9.005457e-001 0.000000e+000 -4.347614e-001
      outer loop
         vertex 1.247451e-001 2.100000e+001 5.576120e+000
         vertex 1.247451e-001 0.000000e+000 5.576120e+000
         vertex 5.707517e-002 0.000000e+000 5.726778e+000
      endloop
   endfacet
   facet normal -9.231712e-001 0.000000e+000 -3.843890e-001
      outer loop
         vertex 1.247451e-001 2.100000e+001 5.576120e+000
         vertex 5.707517e-002 0.000000e+000 5.726778e+000
         vertex 5.707517e-002 2.100000e+001 5.726778e+000
      endloop
   endfacet
   facet normal -9.598228e-001 0.000000e+000 -2.806069e-001
      outer loop
         vertex 5.707517e-002 2.100000e+001 5.726778e+000
         vertex 5.707517e-002 0.000000e+000 5.726778e+000
         vertex 1.512468e-002 0.000000e+000 5.886520e+000
      endloop
   endfacet
   facet normal -9.738487e-001 0.000000e+000 -2.271974e-001
      outer loop
         vertex 5.707517e-002 2.100000e+001 5.726778e+000
         vertex 1.512468e-002 0.000000e+000 5.886520e+000
         vertex 1.512468e-002 2.100000e+001 5.886520e+000
      endloop
   endfacet
   facet normal -9.929184e-001 0.000000e+000 -1.187982e-001
      outer loop
         vertex 1.512468e-002 2.100000e+001 5.886520e+000
         vertex 1.512468e-002 0.000000e+000 5.886520e+000
         vertex 4.097819e-005 0.000000e+000 6.050989e+000
      endloop
   endfacet
   facet normal -9.979621e-001 0.000000e+000 -6.380847e-002
      outer loop
         vertex 1.512468e-002 2.100000e+001 5.886520e+000
         vertex 4.097819e-005 0.000000e+000 6.050989e+000
         vertex 4.097819e-005 2.100000e+001 6.050989e+000
      endloop
   endfacet
   facet normal -9.989299e-001 0.000000e+000 4.625109e-002
      outer loop
         vertex 4.097819e-005 2.100000e+001 6.050989e+000
         vertex 4.097819e-005 0.000000e+000 6.050989e+000
         vertex 1.223013e-002 0.000000e+000 6.215697e+000
      endloop
   endfacet
   facet normal -9.948538e-001 0.000000e+000 1.013210e-001
      outer loop
         vertex 4.097819e-005 2.100000e+001 6.050989e+000
         vertex 1.223013e-002 0.000000e+000 6.215697e+000
         vertex 1.223013e-002 2.100000e+001 6.215697e+000
      endloop
   endfacet
   facet normal -9.776931e-001 0.000000e+000 2.100387e-001
      outer loop
         vertex 1.223013e-002 2.100000e+001 6.215697e+000
         vertex 1.223013e-002 0.000000e+000 6.215697e+000
         vertex 5.136430e-002 0.000000e+000 6.376152e+000
      endloop
   endfacet
   facet normal -9.646084e-001 0.000000e+000 2.636866e-001
      outer loop
         vertex 1.223013e-002 2.100000e+001 6.215697e+000
         vertex 5.136430e-002 0.000000e+000 6.376152e+000
         vertex 5.136430e-002 2.100000e+001 6.376152e+000
      endloop
   endfacet
   facet normal -9.297873e-001 0.000000e+000 3.680971e-001
      outer loop
         vertex 5.136430e-002 2.100000e+001 6.376152e+000
         vertex 5.136430e-002 0.000000e+000 6.376152e+000
         vertex 1.163781e-001 0.000000e+000 6.527978e+000
      endloop
   endfacet
   facet normal -9.080510e-001 0.000000e+000 4.188596e-001
      outer loop
         vertex 5.136430e-002 2.100000e+001 6.376152e+000
         vertex 1.163781e-001 0.000000e+000 6.527978e+000
         vertex 1.163781e-001 2.100000e+001 6.527978e+000
      endloop
   endfacet
   facet normal -8.565195e-001 0.000000e+000 5.161147e-001
      outer loop
         vertex 1.163781e-001 2.100000e+001 6.527978e+000
         vertex 1.163781e-001 0.000000e+000 6.527978e+000
         vertex 2.054907e-001 0.000000e+000 6.667032e+000
      endloop
   endfacet
   facet normal -8.267243e-001 0.000000e+000 5.626072e-001
      outer loop
         vertex 1.163781e-001 2.100000e+001 6.527978e+000
         vertex 2.054907e-001 0.000000e+000 6.667032e+000
         vertex 2.054907e-001 2.100000e+001 6.667032e+000
      endloop
   endfacet
   facet normal -6.636407e-001 0.000000e+000 7.480514e-001
      outer loop
         vertex 2.054907e-001 2.100000e+001 6.667032e+000
         vertex 2.054907e-001 0.000000e+000 6.667032e+000
         vertex 7.716790e-001 0.000000e+000 7.141409e+000
      endloop
   endfacet
   facet normal -6.202911e-001 0.000000e+000 7.843717e-001
      outer loop
         vertex 2.054907e-001 2.100000e+001 6.667032e+000
         vertex 7.716790e-001 0.000000e+000 7.141409e+000
         vertex 7.716790e-001 2.100000e+001 7.141409e+000
      endloop
   endfacet
   facet normal -5.280910e-001 0.000000e+000 8.491878e-001
      outer loop
         vertex 7.716790e-001 2.100000e+001 7.141409e+000
         vertex 7.716790e-001 0.000000e+000 7.141409e+000
         vertex 1.409713e+000 0.000000e+000 7.513591e+000
      endloop
   endfacet
   facet normal -4.792406e-001 0.000000e+000 8.776836e-001
      outer loop
         vertex 7.716790e-001 2.100000e+001 7.141409e+000
         vertex 1.409713e+000 0.000000e+000 7.513591e+000
         vertex 1.409713e+000 2.100000e+001 7.513591e+000
      endloop
   endfacet
   facet normal -3.774365e-001 0.000000e+000 9.260355e-001
      outer loop
         vertex 1.409713e+000 2.100000e+001 7.513591e+000
         vertex 1.409713e+000 0.000000e+000 7.513591e+000
         vertex 2.101339e+000 0.000000e+000 7.772932e+000
      endloop
   endfacet
   facet normal -3.244827e-001 0.000000e+000 9.458916e-001
      outer loop
         vertex 1.409713e+000 2.100000e+001 7.513591e+000
         vertex 2.101339e+000 0.000000e+000 7.772932e+000
         vertex 2.101339e+000 2.100000e+001 7.772932e+000
      endloop
   endfacet
   facet normal -2.159865e-001 0.000000e+000 9.763963e-001
      outer loop
         vertex 2.101339e+000 2.100000e+001 7.772932e+000
         vertex 2.101339e+000 0.000000e+000 7.772932e+000
         vertex 2.826776e+000 0.000000e+000 7.912012e+000
      endloop
   endfacet
   facet normal -1.604440e-001 0.000000e+000 9.870449e-001
      outer loop
         vertex 2.101339e+000 2.100000e+001 7.772932e+000
         vertex 2.826776e+000 0.000000e+000 7.912012e+000
         vertex 2.826776e+000 2.100000e+001 7.912012e+000
      endloop
   endfacet
   facet normal -4.835877e-002 0.000000e+000 9.988301e-001
      outer loop
         vertex 2.826776e+000 2.100000e+001 7.912012e+000
         vertex 2.826776e+000 0.000000e+000 7.912012e+000
         vertex 3.565278e+000 0.000000e+000 7.926856e+000
      endloop
   endfacet
   facet normal 8.183888e-003 0.000000e+000 9.999664e-001
      outer loop
         vertex 2.826776e+000 2.100000e+001 7.912012e+000
         vertex 3.565278e+000 0.000000e+000 7.926856e+000
         vertex 3.565278e+000 2.100000e+001 7.926856e+000
      endloop
   endfacet
   facet normal 1.206521e-001 0.000000e+000 9.926949e-001
      outer loop
         vertex 3.565278e+000 2.100000e+001 7.926856e+000
         vertex 3.565278e+000 0.000000e+000 7.926856e+000
         vertex 4.295718e+000 0.000000e+000 7.817038e+000
      endloop
   endfacet
   facet normal 1.765777e-001 0.000000e+000 9.842867e-001
      outer loop
         vertex 3.565278e+000 2.100000e+001 7.926856e+000
         vertex 4.295718e+000 0.000000e+000 7.817038e+000
         vertex 4.295718e+000 2.100000e+001 7.817038e+000
      endloop
   endfacet
   facet normal 2.862121e-001 0.000000e+000 9.581663e-001
      outer loop
         vertex 4.295718e+000 2.100000e+001 7.817038e+000
         vertex 4.295718e+000 0.000000e+000 7.817038e+000
         vertex 4.997209e+000 0.000000e+000 7.585699e+000
      endloop
   endfacet
   facet normal 3.399209e-001 0.000000e+000 9.404540e-001
      outer loop
         vertex 4.295718e+000 2.100000e+001 7.817038e+000
         vertex 4.997209e+000 0.000000e+000 7.585699e+000
         vertex 4.997209e+000 2.100000e+001 7.585699e+000
      endloop
   endfacet
   facet normal 4.435857e-001 0.000000e+000 8.962319e-001
      outer loop
         vertex 4.997209e+000 2.100000e+001 7.585699e+000
         vertex 4.997209e+000 0.000000e+000 7.585699e+000
         vertex 5.649678e+000 0.000000e+000 7.239455e+000
      endloop
   endfacet
   facet normal 4.935416e-001 0.000000e+000 8.697222e-001
      outer loop
         vertex 4.997209e+000 2.100000e+001 7.585699e+000
         vertex 5.649678e+000 0.000000e+000 7.239455e+000
         vertex 5.649678e+000 2.100000e+001 7.239455e+000
      endloop
   endfacet
   facet normal 5.882717e-001 0.000000e+000 8.086633e-001
      outer loop
         vertex 5.649678e+000 2.100000e+001 7.239455e+000
         vertex 5.649678e+000 0.000000e+000 7.239455e+000
         vertex 6.234471e+000 0.000000e+000 6.788212e+000
      endloop
   endfacet
   facet normal 6.330459e-001 0.000000e+000 7.741143e-001
      outer loop
         vertex 5.649678e+000 2.100000e+001 7.239455e+000
         vertex 6.234471e+000 0.000000e+000 6.788212e+000
         vertex 6.234471e+000 2.100000e+001 6.788212e+000
      endloop
   endfacet
   facet normal 6.330459e-001 0.000000e+000 -7.741143e-001
      outer loop
         vertex 6.234471e+000 2.100000e+001 2.751179e+001
         vertex 6.234471e+000 0.000000e+000 2.751179e+001
         vertex 5.649678e+000 0.000000e+000 2.706055e+001
      endloop
   endfacet
   facet normal 5.882717e-001 0.000000e+000 -8.086632e-001
      outer loop
         vertex 6.234471e+000 2.100000e+001 2.751179e+001
         vertex 5.649678e+000 0.000000e+000 2.706055e+001
         vertex 5.649678e+000 2.100000e+001 2.706055e+001
      endloop
   endfacet
   facet normal 4.935416e-001 0.000000e+000 -8.697222e-001
      outer loop
         vertex 5.649678e+000 2.100000e+001 2.706055e+001
         vertex 5.649678e+000 0.000000e+000 2.706055e+001
         vertex 4.997209e+000 0.000000e+000 2.671430e+001
      endloop
   endfacet
   facet normal 4.435857e-001 0.000000e+000 -8.962319e-001
      outer loop
         vertex 5.649678e+000 2.100000e+001 2.706055e+001
         vertex 4.997209e+000 0.000000e+000 2.671430e+001
         vertex 4.997209e+000 2.100000e+001 2.671430e+001
      endloop
   endfacet
   facet normal 3.399209e-001 0.000000e+000 -9.404540e-001
      outer loop
         vertex 4.997209e+000 2.100000e+001 2.671430e+001
         vertex 4.997209e+000 0.000000e+000 2.671430e+001
         vertex 4.295718e+000 0.000000e+000 2.648296e+001
      endloop
   endfacet
   facet normal 2.862121e-001 0.000000e+000 -9.581663e-001
      outer loop
         vertex 4.997209e+000 2.100000e+001 2.671430e+001
         vertex 4.295718e+000 0.000000e+000 2.648296e+001
         vertex 4.295718e+000 2.100000e+001 2.648296e+001
      endloop
   endfacet
   facet normal 1.765777e-001 0.000000e+000 -9.842867e-001
      outer loop
         vertex 4.295718e+000 2.100000e+001 2.648296e+001
         vertex 4.295718e+000 0.000000e+000 2.648296e+001
         vertex 3.565278e+000 0.000000e+000 2.637315e+001
      endloop
   endfacet
   facet normal 1.206521e-001 0.000000e+000 -9.926949e-001
      outer loop
         vertex 4.295718e+000 2.100000e+001 2.648296e+001
         vertex 3.565278e+000 0.000000e+000 2.637315e+001
         vertex 3.565278e+000 2.100000e+001 2.637315e+001
      endloop
   endfacet
   facet normal 8.183888e-003 0.000000e+000 -9.999664e-001
      outer loop
         vertex 3.565278e+000 2.100000e+001 2.637315e+001
         vertex 3.565278e+000 0.000000e+000 2.637315e+001
         vertex 2.826776e+000 0.000000e+000 2.638799e+001
      endloop
   endfacet
   facet normal -4.835877e-002 0.000000e+000 -9.988301e-001
      outer loop
         vertex 3.565278e+000 2.100000e+001 2.637315e+001
         vertex 2.826776e+000 0.000000e+000 2.638799e+001
         vertex 2.826776e+000 2.100000e+001 2.638799e+001
      endloop
   endfacet
   facet normal -1.604440e-001 0.000000e+000 -9.870449e-001
      outer loop
         vertex 2.826776e+000 2.100000e+001 2.638799e+001
         vertex 2.826776e+000 0.000000e+000 2.638799e+001
         vertex 2.101339e+000 0.000000e+000 2.652707e+001
      endloop
   endfacet
   facet normal -2.159865e-001 0.000000e+000 -9.763963e-001
      outer loop
         vertex 2.826776e+000 2.100000e+001 2.638799e+001
         vertex 2.101339e+000 0.000000e+000 2.652707e+001
         vertex 2.101339e+000 2.100000e+001 2.652707e+001
      endloop
   endfacet
   facet normal -3.244827e-001 0.000000e+000 -9.458916e-001
      outer loop
         vertex 2.101339e+000 2.100000e+001 2.652707e+001
         vertex 2.101339e+000 0.000000e+000 2.652707e+001
         vertex 1.409713e+000 0.000000e+000 2.678641e+001
      endloop
   endfacet
   facet normal -3.774365e-001 0.000000e+000 -9.260355e-001
      outer loop
         vertex 2.101339e+000 2.100000e+001 2.652707e+001
         vertex 1.409713e+000 0.000000e+000 2.678641e+001
         vertex 1.409713e+000 2.100000e+001 2.678641e+001
      endloop
   endfacet
   facet normal -4.792406e-001 0.000000e+000 -8.776836e-001
      outer loop
         vertex 1.409713e+000 2.100000e+001 2.678641e+001
         vertex 1.409713e+000 0.000000e+000 2.678641e+001
         vertex 7.716790e-001 0.000000e+000 2.715859e+001
      endloop
   endfacet
   facet normal -5.280910e-001 0.000000e+000 -8.491878e-001
      outer loop
         vertex 1.409713e+000 2.100000e+001 2.678641e+001
         vertex 7.716790e-001 0.000000e+000 2.715859e+001
         vertex 7.716790e-001 2.100000e+001 2.715859e+001
      endloop
   endfacet
   facet normal -6.202911e-001 0.000000e+000 -7.843717e-001
      outer loop
         vertex 7.716790e-001 2.100000e+001 2.715859e+001
         vertex 7.716790e-001 0.000000e+000 2.715859e+001
         vertex 2.054907e-001 0.000000e+000 2.763297e+001
      endloop
   endfacet
   facet normal -6.636407e-001 0.000000e+000 -7.480514e-001
      outer loop
         vertex 7.716790e-001 2.100000e+001 2.715859e+001
         vertex 2.054907e-001 0.000000e+000 2.763297e+001
         vertex 2.054907e-001 2.100000e+001 2.763297e+001
      endloop
   endfacet
   facet normal 7.392572e-001 0.000000e+000 6.734232e-001
      outer loop
         vertex 1.794510e+000 2.100000e+001 2.884747e+001
         vertex 1.794510e+000 0.000000e+000 2.884747e+001
         vertex 2.052758e+000 0.000000e+000 2.858004e+001
      endloop
   endfacet
   facet normal 6.988460e-001 0.000000e+000 7.152721e-001
      outer loop
         vertex 1.794510e+000 2.100000e+001 2.884747e+001
         vertex 2.052758e+000 0.000000e+000 2.858004e+001
         vertex 2.052758e+000 2.100000e+001 2.858004e+001
      endloop
   endfacet
   facet normal 6.113835e-001 0.000000e+000 7.913345e-001
      outer loop
         vertex 2.052758e+000 2.100000e+001 2.858004e+001
         vertex 2.052758e+000 0.000000e+000 2.858004e+001
         vertex 2.353437e+000 0.000000e+000 2.836140e+001
      endloop
   endfacet
   facet normal 5.643321e-001 0.000000e+000 8.255479e-001
      outer loop
         vertex 2.052758e+000 2.100000e+001 2.858004e+001
         vertex 2.353437e+000 0.000000e+000 2.836140e+001
         vertex 2.353437e+000 2.100000e+001 2.836140e+001
      endloop
   endfacet
   facet normal 4.650126e-001 0.000000e+000 8.853040e-001
      outer loop
         vertex 2.353437e+000 2.100000e+001 2.836140e+001
         vertex 2.353437e+000 0.000000e+000 2.836140e+001
         vertex 2.687454e+000 0.000000e+000 2.819817e+001
      endloop
   endfacet
   facet normal 4.127445e-001 0.000000e+000 9.108468e-001
      outer loop
         vertex 2.353437e+000 2.100000e+001 2.836140e+001
         vertex 2.687454e+000 0.000000e+000 2.819817e+001
         vertex 2.687454e+000 2.100000e+001 2.819817e+001
      endloop
   endfacet
   facet normal 3.045729e-001 0.000000e+000 9.524890e-001
      outer loop
         vertex 2.687454e+000 2.100000e+001 2.819817e+001
         vertex 2.687454e+000 0.000000e+000 2.819817e+001
         vertex 3.044702e+000 0.000000e+000 2.809529e+001
      endloop
   endfacet
   facet normal 2.486694e-001 0.000000e+000 9.685884e-001
      outer loop
         vertex 2.687454e+000 2.100000e+001 2.819817e+001
         vertex 3.044702e+000 0.000000e+000 2.809529e+001
         vertex 3.044702e+000 2.100000e+001 2.809529e+001
      endloop
   endfacet
   facet normal 1.349183e-001 0.000000e+000 9.908567e-001
      outer loop
         vertex 3.044702e+000 2.100000e+001 2.809529e+001
         vertex 3.044702e+000 0.000000e+000 2.809529e+001
         vertex 3.414374e+000 0.000000e+000 2.805587e+001
      endloop
   endfacet
   facet normal 7.707079e-002 0.000000e+000 9.970256e-001
      outer loop
         vertex 3.044702e+000 2.100000e+001 2.809529e+001
         vertex 3.414374e+000 0.000000e+000 2.805587e+001
         vertex 3.414374e+000 2.100000e+001 2.805587e+001
      endloop
   endfacet
   facet normal -3.881812e-002 0.000000e+000 9.992462e-001
      outer loop
         vertex 3.414374e+000 2.100000e+001 2.805587e+001
         vertex 3.414374e+000 0.000000e+000 2.805587e+001
         vertex 3.785282e+000 0.000000e+000 2.808110e+001
      endloop
   endfacet
   facet normal -9.685951e-002 0.000000e+000 9.952980e-001
      outer loop
         vertex 3.414374e+000 2.100000e+001 2.805587e+001
         vertex 3.785282e+000 0.000000e+000 2.808110e+001
         vertex 3.785282e+000 2.100000e+001 2.808110e+001
      endloop
   endfacet
   facet normal -2.113802e-001 0.000000e+000 9.774039e-001
      outer loop
         vertex 3.785282e+000 2.100000e+001 2.808110e+001
         vertex 3.785282e+000 0.000000e+000 2.808110e+001
         vertex 4.146211e+000 0.000000e+000 2.817022e+001
      endloop
   endfacet
   facet normal -2.678594e-001 0.000000e+000 9.634581e-001
      outer loop
         vertex 3.785282e+000 2.100000e+001 2.808110e+001
         vertex 4.146211e+000 0.000000e+000 2.817022e+001
         vertex 4.146211e+000 2.100000e+001 2.817022e+001
      endloop
   endfacet
   facet normal -8.284376e-001 0.000000e+000 -5.600814e-001
      outer loop
         vertex 2.054907e-001 2.100000e+001 2.763297e+001
         vertex 2.054907e-001 0.000000e+000 2.763297e+001
         vertex 1.121126e-001 0.000000e+000 2.778016e+001
      endloop
   endfacet
   facet normal -8.596691e-001 0.000000e+000 -5.108513e-001
      outer loop
         vertex 2.054907e-001 2.100000e+001 2.763297e+001
         vertex 1.121126e-001 0.000000e+000 2.778016e+001
         vertex 1.121126e-001 2.100000e+001 2.778016e+001
      endloop
   endfacet
   facet normal -9.131089e-001 0.000000e+000 -4.077157e-001
      outer loop
         vertex 1.121126e-001 2.100000e+001 2.778016e+001
         vertex 1.121126e-001 0.000000e+000 2.778016e+001
         vertex 4.571304e-002 0.000000e+000 2.794133e+001
      endloop
   endfacet
   facet normal -9.353172e-001 0.000000e+000 -3.538103e-001
      outer loop
         vertex 1.121126e-001 2.100000e+001 2.778016e+001
         vertex 4.571304e-002 0.000000e+000 2.794133e+001
         vertex 4.571304e-002 2.100000e+001 2.794133e+001
      endloop
   endfacet
   facet normal -9.700359e-001 0.000000e+000 -2.429619e-001
      outer loop
         vertex 4.571304e-002 2.100000e+001 2.794133e+001
         vertex 4.571304e-002 0.000000e+000 2.794133e+001
         vertex 8.311123e-003 0.000000e+000 2.811158e+001
      endloop
   endfacet
   facet normal -9.825462e-001 0.000000e+000 -1.860190e-001
      outer loop
         vertex 4.571304e-002 2.100000e+001 2.794133e+001
         vertex 8.311123e-003 0.000000e+000 2.811158e+001
         vertex 8.311123e-003 2.100000e+001 2.811158e+001
      endloop
   endfacet
   facet normal -9.974887e-001 0.000000e+000 -7.082585e-002
      outer loop
         vertex 8.311123e-003 2.100000e+001 2.811158e+001
         vertex 8.311123e-003 0.000000e+000 2.811158e+001
         vertex 1.039356e-003 0.000000e+000 2.828574e+001
      endloop
   endfacet
   facet normal -9.999210e-001 0.000000e+000 -1.257561e-002
      outer loop
         vertex 8.311123e-003 2.100000e+001 2.811158e+001
         vertex 1.039356e-003 0.000000e+000 2.828574e+001
         vertex 1.039356e-003 2.100000e+001 2.828574e+001
      endloop
   endfacet
   facet normal -9.946334e-001 0.000000e+000 1.034622e-001
      outer loop
         vertex 1.039356e-003 2.100000e+001 2.828574e+001
         vertex 1.039356e-003 0.000000e+000 2.828574e+001
         vertex 2.411753e-002 0.000000e+000 2.845852e+001
      endloop
   endfacet
   facet normal -9.869136e-001 0.000000e+000 1.612499e-001
      outer loop
         vertex 1.039356e-003 2.100000e+001 2.828574e+001
         vertex 2.411753e-002 0.000000e+000 2.845852e+001
         vertex 2.411753e-002 2.100000e+001 2.845852e+001
      endloop
   endfacet
   facet normal -9.615566e-001 0.000000e+000 2.746067e-001
      outer loop
         vertex 2.411753e-002 2.100000e+001 2.845852e+001
         vertex 2.411753e-002 0.000000e+000 2.845852e+001
         vertex 7.685274e-002 0.000000e+000 2.862466e+001
      endloop
   endfacet
   facet normal -9.439194e-001 0.000000e+000 3.301759e-001
      outer loop
         vertex 2.411753e-002 2.100000e+001 2.845852e+001
         vertex 7.685274e-002 0.000000e+000 2.862466e+001
         vertex 7.685274e-002 2.100000e+001 2.862466e+001
      endloop
   endfacet
   facet normal -8.992635e-001 0.000000e+000 4.374074e-001
      outer loop
         vertex 7.685274e-002 2.100000e+001 2.862466e+001
         vertex 7.685274e-002 0.000000e+000 2.862466e+001
         vertex 1.576319e-001 0.000000e+000 2.877912e+001
      endloop
   endfacet
   facet normal -8.722447e-001 0.000000e+000 4.890697e-001
      outer loop
         vertex 7.685274e-002 2.100000e+001 2.862466e+001
         vertex 1.576319e-001 0.000000e+000 2.877912e+001
         vertex 1.576319e-001 2.100000e+001 2.877912e+001
      endloop
   endfacet
   facet normal -8.096466e-001 0.000000e+000 5.869176e-001
      outer loop
         vertex 1.576319e-001 2.100000e+001 2.877912e+001
         vertex 1.576319e-001 0.000000e+000 2.877912e+001
         vertex 2.640113e-001 0.000000e+000 2.891721e+001
      endloop
   endfacet
   facet normal -7.740673e-001 0.000000e+000 6.331033e-001
      outer loop
         vertex 1.576319e-001 2.100000e+001 2.877912e+001
         vertex 2.640113e-001 0.000000e+000 2.891721e+001
         vertex 2.640113e-001 2.100000e+001 2.891721e+001
      endloop
   endfacet
   facet normal -6.954291e-001 0.000000e+000 7.185947e-001
      outer loop
         vertex 2.640113e-001 2.100000e+001 2.891721e+001
         vertex 2.640113e-001 0.000000e+000 2.891721e+001
         vertex 3.927499e-001 0.000000e+000 2.903473e+001
      endloop
   endfacet
   facet normal -6.523703e-001 0.000000e+000 7.579004e-001
      outer loop
         vertex 2.640113e-001 2.100000e+001 2.891721e+001
         vertex 3.927499e-001 0.000000e+000 2.903473e+001
         vertex 3.927499e-001 2.100000e+001 2.903473e+001
      endloop
   endfacet
   facet normal -5.600814e-001 0.000000e+000 8.284376e-001
      outer loop
         vertex 3.927499e-001 2.100000e+001 2.903473e+001
         vertex 3.927499e-001 0.000000e+000 2.903473e+001
         vertex 5.399399e-001 0.000000e+000 2.912811e+001
      endloop
   endfacet
   facet normal -5.108513e-001 0.000000e+000 8.596691e-001
      outer loop
         vertex 3.927499e-001 2.100000e+001 2.903473e+001
         vertex 5.399399e-001 0.000000e+000 2.912811e+001
         vertex 5.399399e-001 2.100000e+001 2.912811e+001
      endloop
   endfacet
   facet normal -4.077157e-001 0.000000e+000 9.131089e-001
      outer loop
         vertex 5.399399e-001 2.100000e+001 2.912811e+001
         vertex 5.399399e-001 0.000000e+000 2.912811e+001
         vertex 7.011108e-001 0.000000e+000 2.919451e+001
      endloop
   endfacet
   facet normal -3.538103e-001 0.000000e+000 9.353172e-001
      outer loop
         vertex 5.399399e-001 2.100000e+001 2.912811e+001
         vertex 7.011108e-001 0.000000e+000 2.919451e+001
         vertex 7.011108e-001 2.100000e+001 2.919451e+001
      endloop
   endfacet
   facet normal -2.429619e-001 0.000000e+000 9.700359e-001
      outer loop
         vertex 7.011108e-001 2.100000e+001 2.919451e+001
         vertex 7.011108e-001 0.000000e+000 2.919451e+001
         vertex 8.713603e-001 0.000000e+000 2.923191e+001
      endloop
   endfacet
   facet normal -1.860190e-001 0.000000e+000 9.825462e-001
      outer loop
         vertex 7.011108e-001 2.100000e+001 2.919451e+001
         vertex 8.713603e-001 0.000000e+000 2.923191e+001
         vertex 8.713603e-001 2.100000e+001 2.923191e+001
      endloop
   endfacet
   facet normal -7.082585e-002 0.000000e+000 9.974887e-001
      outer loop
         vertex 8.713603e-001 2.100000e+001 2.923191e+001
         vertex 8.713603e-001 0.000000e+000 2.923191e+001
         vertex 1.045521e+000 0.000000e+000 2.923919e+001
      endloop
   endfacet
   facet normal -1.257561e-002 0.000000e+000 9.999210e-001
      outer loop
         vertex 8.713603e-001 2.100000e+001 2.923191e+001
         vertex 1.045521e+000 0.000000e+000 2.923919e+001
         vertex 1.045521e+000 2.100000e+001 2.923919e+001
      endloop
   endfacet
   facet normal 1.034622e-001 0.000000e+000 9.946334e-001
      outer loop
         vertex 1.045521e+000 2.100000e+001 2.923919e+001
         vertex 1.045521e+000 0.000000e+000 2.923919e+001
         vertex 1.218297e+000 0.000000e+000 2.921610e+001
      endloop
   endfacet
   facet normal 1.612499e-001 0.000000e+000 9.869136e-001
      outer loop
         vertex 1.045521e+000 2.100000e+001 2.923919e+001
         vertex 1.218297e+000 0.000000e+000 2.921610e+001
         vertex 1.218297e+000 2.100000e+001 2.921610e+001
      endloop
   endfacet
   facet normal 2.746067e-001 0.000000e+000 9.615566e-001
      outer loop
         vertex 1.218297e+000 2.100000e+001 2.921610e+001
         vertex 1.218297e+000 0.000000e+000 2.921610e+001
         vertex 1.384441e+000 0.000000e+000 2.916337e+001
      endloop
   endfacet
   facet normal 3.301759e-001 0.000000e+000 9.439194e-001
      outer loop
         vertex 1.218297e+000 2.100000e+001 2.921610e+001
         vertex 1.384441e+000 0.000000e+000 2.916337e+001
         vertex 1.384441e+000 2.100000e+001 2.916337e+001
      endloop
   endfacet
   facet normal 4.374074e-001 0.000000e+000 8.992635e-001
      outer loop
         vertex 1.384441e+000 2.100000e+001 2.916337e+001
         vertex 1.384441e+000 0.000000e+000 2.916337e+001
         vertex 1.538906e+000 0.000000e+000 2.908259e+001
      endloop
   endfacet
   facet normal 4.890697e-001 0.000000e+000 8.722447e-001
      outer loop
         vertex 1.384441e+000 2.100000e+001 2.916337e+001
         vertex 1.538906e+000 0.000000e+000 2.908259e+001
         vertex 1.538906e+000 2.100000e+001 2.908259e+001
      endloop
   endfacet
   facet normal 5.869176e-001 0.000000e+000 8.096466e-001
      outer loop
         vertex 1.538906e+000 2.100000e+001 2.908259e+001
         vertex 1.538906e+000 0.000000e+000 2.908259e+001
         vertex 1.676992e+000 0.000000e+000 2.897621e+001
      endloop
   endfacet
   facet normal 6.331033e-001 0.000000e+000 7.740673e-001
      outer loop
         vertex 1.538906e+000 2.100000e+001 2.908259e+001
         vertex 1.676992e+000 0.000000e+000 2.897621e+001
         vertex 1.676992e+000 2.100000e+001 2.897621e+001
      endloop
   endfacet
   facet normal 7.185947e-001 0.000000e+000 6.954291e-001
      outer loop
         vertex 1.676992e+000 2.100000e+001 2.897621e+001
         vertex 1.676992e+000 0.000000e+000 2.897621e+001
         vertex 1.794510e+000 0.000000e+000 2.884747e+001
      endloop
   endfacet
   facet normal 7.579004e-001 0.000000e+000 6.523703e-001
      outer loop
         vertex 1.676992e+000 2.100000e+001 2.897621e+001
         vertex 1.794510e+000 0.000000e+000 2.884747e+001
         vertex 1.794510e+000 2.100000e+001 2.884747e+001
      endloop
   endfacet
   facet normal 0.000000e+000 -9.719407e-001 2.352260e-001
      outer loop
         vertex 3.240162e+001 1.801980e+001 1.611695e+001
         vertex 3.237844e+001 1.794884e+001 1.586168e+001
         vertex 3.643689e+001 1.795965e+001 1.585867e+001
      endloop
   endfacet
   facet normal 0.000000e+000 8.501182e-001 5.265920e-001
      outer loop
         vertex 3.222919e+001 8.526117e+000 1.465000e+001
         vertex 3.643689e+001 8.526117e+000 1.465000e+001
         vertex 3.212051e+001 8.903705e+000 1.407007e+001
      endloop
   endfacet
   facet normal 0.000000e+000 8.189265e-001 5.738985e-001
      outer loop
         vertex 3.212051e+001 8.903705e+000 1.407007e+001
         vertex 3.643689e+001 8.526117e+000 1.465000e+001
         vertex 3.643689e+001 9.012947e+000 1.392990e+001
      endloop
   endfacet
   facet normal 0.000000e+000 7.851718e-001 6.192780e-001
      outer loop
         vertex 3.212051e+001 8.903705e+000 1.407007e+001
         vertex 3.643689e+001 9.012947e+000 1.392990e+001
         vertex 3.209072e+001 9.012947e+000 1.392990e+001
      endloop
   endfacet
   facet normal 0.000000e+000 7.598152e-001 6.501391e-001
      outer loop
         vertex 3.209072e+001 9.012947e+000 1.392990e+001
         vertex 3.643689e+001 9.012947e+000 1.392990e+001
         vertex 3.201566e+001 9.301365e+000 1.360236e+001
      endloop
   endfacet
   facet normal 0.000000e+000 7.218130e-001 6.920881e-001
      outer loop
         vertex 3.201566e+001 9.301365e+000 1.360236e+001
         vertex 3.643689e+001 9.012947e+000 1.392990e+001
         vertex 3.643689e+001 9.614464e+000 1.330243e+001
      endloop
   endfacet
   facet normal 0.000000e+000 6.814987e-001 7.318193e-001
      outer loop
         vertex 3.201566e+001 9.301365e+000 1.360236e+001
         vertex 3.643689e+001 9.614464e+000 1.330243e+001
         vertex 3.194017e+001 9.614464e+000 1.330243e+001
      endloop
   endfacet
   facet normal 0.000000e+000 6.391354e-001 7.690943e-001
      outer loop
         vertex 3.194017e+001 9.614464e+000 1.330243e+001
         vertex 3.643689e+001 9.614464e+000 1.330243e+001
         vertex 3.186584e+001 9.952202e+000 1.302974e+001
      endloop
   endfacet
   facet normal 0.000000e+000 5.945964e-001 8.040243e-001
      outer loop
         vertex 3.186584e+001 9.952202e+000 1.302974e+001
         vertex 3.643689e+001 9.614464e+000 1.330243e+001
         vertex 3.643689e+001 1.031337e+001 1.278564e+001
      endloop
   endfacet
   facet normal 0.000000e+000 5.481521e-001 8.363786e-001
      outer loop
         vertex 3.186584e+001 9.952202e+000 1.302974e+001
         vertex 3.643689e+001 1.031337e+001 1.278564e+001
         vertex 3.179464e+001 1.031337e+001 1.278564e+001
      endloop
   endfacet
   facet normal 0.000000e+000 4.998604e-001 8.661060e-001
      outer loop
         vertex 3.179464e+001 1.031337e+001 1.278564e+001
         vertex 3.643689e+001 1.031337e+001 1.278564e+001
         vertex 3.172898e+001 1.069409e+001 1.257306e+001
      endloop
   endfacet
   facet normal 0.000000e+000 4.500553e-001 8.930007e-001
      outer loop
         vertex 3.172898e+001 1.069409e+001 1.257306e+001
         vertex 3.643689e+001 1.031337e+001 1.278564e+001
         vertex 3.643689e+001 1.108955e+001 1.239439e+001
      endloop
   endfacet
   facet normal 0.000000e+000 3.988086e-001 9.170342e-001
      outer loop
         vertex 3.172898e+001 1.069409e+001 1.257306e+001
         vertex 3.643689e+001 1.108955e+001 1.239439e+001
         vertex 3.167114e+001 1.108955e+001 1.239439e+001
      endloop
   endfacet
   facet normal 0.000000e+000 3.464437e-001 9.380708e-001
      outer loop
         vertex 3.167114e+001 1.108955e+001 1.239439e+001
         vertex 3.643689e+001 1.108955e+001 1.239439e+001
         vertex 3.162255e+001 1.149856e+001 1.224987e+001
      endloop
   endfacet
   facet normal 0.000000e+000 2.928130e-001 9.561697e-001
      outer loop
         vertex 3.162255e+001 1.149856e+001 1.224987e+001
         vertex 3.643689e+001 1.108955e+001 1.239439e+001
         vertex 3.643689e+001 1.192070e+001 1.213994e+001
      endloop
   endfacet
   facet normal 0.000000e+000 2.382347e-001 9.712076e-001
      outer loop
         vertex 3.162255e+001 1.149856e+001 1.224987e+001
         vertex 3.643689e+001 1.192070e+001 1.213994e+001
         vertex 3.158905e+001 1.192382e+001 1.215375e+001
      endloop
   endfacet
   facet normal 0.000000e+000 1.893848e-001 9.819030e-001
      outer loop
         vertex 3.158905e+001 1.192382e+001 1.215375e+001
         vertex 3.643689e+001 1.192070e+001 1.213994e+001
         vertex 3.156352e+001 1.224804e+001 1.208047e+001
      endloop
   endfacet
   facet normal 0.000000e+000 1.335547e-001 9.910414e-001
      outer loop
         vertex 3.156352e+001 1.224804e+001 1.208047e+001
         vertex 3.643689e+001 1.192070e+001 1.213994e+001
         vertex 3.643689e+001 1.278288e+001 1.202960e+001
      endloop
   endfacet
   facet normal 0.000000e+000 7.724512e-002 9.970121e-001
      outer loop
         vertex 3.156352e+001 1.224804e+001 1.208047e+001
         vertex 3.643689e+001 1.278288e+001 1.202960e+001
         vertex 3.154536e+001 1.278288e+001 1.202960e+001
      endloop
   endfacet
   facet normal 0.000000e+000 1.412673e-002 9.999002e-001
      outer loop
         vertex 3.154536e+001 1.278288e+001 1.202960e+001
         vertex 3.643689e+001 1.278288e+001 1.202960e+001
         vertex 3.154536e+001 1.321721e+001 1.202960e+001
      endloop
   endfacet
   facet normal 0.000000e+000 -4.247000e-002 9.990978e-001
      outer loop
         vertex 3.154536e+001 1.321721e+001 1.202960e+001
         vertex 3.643689e+001 1.278288e+001 1.202960e+001
         vertex 3.643689e+001 1.365132e+001 1.206656e+001
      endloop
   endfacet
   facet normal 0.000000e+000 -9.894007e-002 9.950934e-001
      outer loop
         vertex 3.154536e+001 1.321721e+001 1.202960e+001
         vertex 3.643689e+001 1.365132e+001 1.206656e+001
         vertex 3.156009e+001 1.365091e+001 1.207086e+001
      endloop
   endfacet
   facet normal 0.000000e+000 -1.336471e-001 9.910290e-001
      outer loop
         vertex 3.156009e+001 1.365091e+001 1.207086e+001
         vertex 3.643689e+001 1.365132e+001 1.206656e+001
         vertex 3.156352e+001 1.375196e+001 1.208047e+001
      endloop
   endfacet
   facet normal 0.000000e+000 -1.894411e-001 9.818921e-001
      outer loop
         vertex 3.156352e+001 1.375196e+001 1.208047e+001
         vertex 3.643689e+001 1.365132e+001 1.206656e+001
         vertex 3.643689e+001 1.450102e+001 1.224974e+001
      endloop
   endfacet
   facet normal 0.000000e+000 -2.447735e-001 9.695803e-001
      outer loop
         vertex 3.156352e+001 1.375196e+001 1.208047e+001
         vertex 3.643689e+001 1.450102e+001 1.224974e+001
         vertex 3.162250e+001 1.450102e+001 1.224974e+001
      endloop
   endfacet
   facet normal 0.000000e+000 -3.197830e-001 9.474908e-001
      outer loop
         vertex 3.162250e+001 1.450102e+001 1.224974e+001
         vertex 3.643689e+001 1.450102e+001 1.224974e+001
         vertex 3.167117e+001 1.491071e+001 1.239450e+001
      endloop
   endfacet
   facet normal 0.000000e+000 -3.728796e-001 9.278798e-001
      outer loop
         vertex 3.167117e+001 1.491071e+001 1.239450e+001
         vertex 3.643689e+001 1.450102e+001 1.224974e+001
         vertex 3.643689e+001 1.530754e+001 1.257388e+001
      endloop
   endfacet
   facet normal 0.000000e+000 -4.247817e-001 9.052958e-001
      outer loop
         vertex 3.167117e+001 1.491071e+001 1.239450e+001
         vertex 3.643689e+001 1.530754e+001 1.257388e+001
         vertex 3.172924e+001 1.530754e+001 1.257388e+001
      endloop
   endfacet
   facet normal 0.000000e+000 -4.754474e-001 8.797441e-001
      outer loop
         vertex 3.172924e+001 1.530754e+001 1.257388e+001
         vertex 3.643689e+001 1.530754e+001 1.257388e+001
         vertex 3.179508e+001 1.568902e+001 1.278711e+001
      endloop
   endfacet
   facet normal 0.000000e+000 -5.244619e-001 8.514339e-001
      outer loop
         vertex 3.179508e+001 1.568902e+001 1.278711e+001
         vertex 3.643689e+001 1.530754e+001 1.257388e+001
         vertex 3.643689e+001 1.604768e+001 1.302965e+001
      endloop
   endfacet
   facet normal 0.000000e+000 -5.717955e-001 8.203962e-001
      outer loop
         vertex 3.179508e+001 1.568902e+001 1.278711e+001
         vertex 3.643689e+001 1.604768e+001 1.302965e+001
         vertex 3.186582e+001 1.604768e+001 1.302965e+001
      endloop
   endfacet
   facet normal 0.000000e+000 -6.171132e-001 7.868744e-001
      outer loop
         vertex 3.186582e+001 1.604768e+001 1.302965e+001
         vertex 3.643689e+001 1.604768e+001 1.302965e+001
         vertex 3.194009e+001 1.638520e+001 1.330214e+001
      endloop
   endfacet
   facet normal 0.000000e+000 -6.606457e-001 7.506978e-001
      outer loop
         vertex 3.194009e+001 1.638520e+001 1.330214e+001
         vertex 3.643689e+001 1.604768e+001 1.302965e+001
         vertex 3.643689e+001 1.670016e+001 1.360395e+001
      endloop
   endfacet
   facet normal 0.000000e+000 -7.020620e-001 7.121158e-001
      outer loop
         vertex 3.194009e+001 1.638520e+001 1.330214e+001
         vertex 3.643689e+001 1.670016e+001 1.360395e+001
         vertex 3.201604e+001 1.670016e+001 1.360395e+001
      endloop
   endfacet
   facet normal 0.000000e+000 -7.955577e-001 6.058779e-001
      outer loop
         vertex 3.643689e+001 1.724619e+001 1.428025e+001
         vertex 3.216261e+001 1.724619e+001 1.428025e+001
         vertex 3.643689e+001 1.670016e+001 1.360395e+001
      endloop
   endfacet
   facet normal 0.000000e+000 -7.852510e-001 6.191776e-001
      outer loop
         vertex 3.643689e+001 1.670016e+001 1.360395e+001
         vertex 3.216261e+001 1.724619e+001 1.428025e+001
         vertex 3.212051e+001 1.709630e+001 1.407007e+001
      endloop
   endfacet
   facet normal 0.000000e+000 -7.489331e-001 6.626455e-001
      outer loop
         vertex 3.643689e+001 1.670016e+001 1.360395e+001
         vertex 3.212051e+001 1.709630e+001 1.407007e+001
         vertex 3.201604e+001 1.670016e+001 1.360395e+001
      endloop
   endfacet
   facet normal 0.000000e+000 -9.519541e-001 3.062407e-001
      outer loop
         vertex 3.643689e+001 1.795965e+001 1.585867e+001
         vertex 3.237844e+001 1.794884e+001 1.586168e+001
         vertex 3.643689e+001 1.767009e+001 1.503910e+001
      endloop
   endfacet
   facet normal 0.000000e+000 -9.429144e-001 3.330353e-001
      outer loop
         vertex 3.237844e+001 1.794884e+001 1.586168e+001
         vertex 3.234052e+001 1.783270e+001 1.544393e+001
         vertex 3.643689e+001 1.767009e+001 1.503910e+001
      endloop
   endfacet
   facet normal 0.000000e+000 -9.225560e-001 3.858631e-001
      outer loop
         vertex 3.643689e+001 1.767009e+001 1.503910e+001
         vertex 3.234052e+001 1.783270e+001 1.544393e+001
         vertex 3.228911e+001 1.767009e+001 1.503910e+001
      endloop
   endfacet
   facet normal 0.000000e+000 -8.865044e-001 4.627202e-001
      outer loop
         vertex 3.643689e+001 1.767009e+001 1.503910e+001
         vertex 3.228911e+001 1.767009e+001 1.503910e+001
         vertex 3.643689e+001 1.724619e+001 1.428025e+001
      endloop
   endfacet
   facet normal 0.000000e+000 -8.729630e-001 4.877866e-001
      outer loop
         vertex 3.643689e+001 1.724619e+001 1.428025e+001
         vertex 3.228911e+001 1.767009e+001 1.503910e+001
         vertex 3.222902e+001 1.747329e+001 1.464894e+001
      endloop
   endfacet
   facet normal 0.000000e+000 -8.439658e-001 5.363970e-001
      outer loop
         vertex 3.643689e+001 1.724619e+001 1.428025e+001
         vertex 3.222902e+001 1.747329e+001 1.464894e+001
         vertex 3.216261e+001 1.724619e+001 1.428025e+001
      endloop
   endfacet
   facet normal 0.000000e+000 -9.836848e-001 1.799001e-001
      outer loop
         vertex 3.240162e+001 1.801980e+001 1.611695e+001
         vertex 3.643689e+001 1.795965e+001 1.585867e+001
         vertex 3.243065e+001 1.810654e+001 1.671539e+001
      endloop
   endfacet
   facet normal 0.000000e+000 -9.900132e-001 1.409746e-001
      outer loop
         vertex 3.243065e+001 1.810654e+001 1.671539e+001
         vertex 3.643689e+001 1.795965e+001 1.585867e+001
         vertex 3.643689e+001 1.810654e+001 1.671539e+001
      endloop
   endfacet
   facet normal 0.000000e+000 -9.984044e-001 5.646756e-002
      outer loop
         vertex 3.243065e+001 1.810654e+001 1.671539e+001
         vertex 3.643689e+001 1.810654e+001 1.671539e+001
         vertex 3.243689e+001 1.812500e+001 1.715173e+001
      endloop
   endfacet
   facet normal 0.000000e+000 -1.000000e+000 -1.128742e-004
      outer loop
         vertex 3.243689e+001 1.812500e+001 1.715173e+001
         vertex 3.643689e+001 1.810654e+001 1.671539e+001
         vertex 3.643689e+001 1.810654e+001 1.758461e+001
      endloop
   endfacet
   facet normal 0.000000e+000 -9.983917e-001 -5.669223e-002
      outer loop
         vertex 3.243689e+001 1.812500e+001 1.715173e+001
         vertex 3.643689e+001 1.810654e+001 1.758461e+001
         vertex 3.243065e+001 1.810654e+001 1.758461e+001
      endloop
   endfacet
   facet normal 0.000000e+000 -9.922927e-001 -1.239166e-001
      outer loop
         vertex 3.243065e+001 1.810654e+001 1.758461e+001
         vertex 3.643689e+001 1.810654e+001 1.758461e+001
         vertex 3.240162e+001 1.801980e+001 1.818305e+001
      endloop
   endfacet
   facet normal 0.000000e+000 -9.836848e-001 -1.799001e-001
      outer loop
         vertex 3.240162e+001 1.801980e+001 1.818305e+001
         vertex 3.643689e+001 1.810654e+001 1.758461e+001
         vertex 3.643689e+001 1.795965e+001 1.844133e+001
      endloop
   endfacet
   facet normal 0.000000e+000 -9.719379e-001 -2.352377e-001
      outer loop
         vertex 3.240162e+001 1.801980e+001 1.818305e+001
         vertex 3.643689e+001 1.795965e+001 1.844133e+001
         vertex 3.238175e+001 1.795965e+001 1.844133e+001
      endloop
   endfacet
   facet normal 0.000000e+000 -9.601872e-001 -2.793573e-001
      outer loop
         vertex 3.238175e+001 1.795965e+001 1.844133e+001
         vertex 3.643689e+001 1.795965e+001 1.844133e+001
         vertex 3.234018e+001 1.783166e+001 1.885900e+001
      endloop
   endfacet
   facet normal 0.000000e+000 -9.428430e-001 -3.332374e-001
      outer loop
         vertex 3.234018e+001 1.783166e+001 1.885900e+001
         vertex 3.643689e+001 1.795965e+001 1.844133e+001
         vertex 3.643689e+001 1.767009e+001 1.926090e+001
      endloop
   endfacet
   facet normal 0.000000e+000 -9.224781e-001 -3.860492e-001
      outer loop
         vertex 3.234018e+001 1.783166e+001 1.885900e+001
         vertex 3.643689e+001 1.767009e+001 1.926090e+001
         vertex 3.228911e+001 1.767009e+001 1.926090e+001
      endloop
   endfacet
   facet normal 0.000000e+000 -8.992518e-001 -4.374314e-001
      outer loop
         vertex 3.228911e+001 1.767009e+001 1.926090e+001
         vertex 3.643689e+001 1.767009e+001 1.926090e+001
         vertex 3.222947e+001 1.747480e+001 1.964835e+001
      endloop
   endfacet
   facet normal 0.000000e+000 -8.730615e-001 -4.876100e-001
      outer loop
         vertex 3.222947e+001 1.747480e+001 1.964835e+001
         vertex 3.643689e+001 1.767009e+001 1.926090e+001
         vertex 3.643689e+001 1.724619e+001 2.001975e+001
      endloop
   endfacet
   facet normal 0.000000e+000 -8.440673e-001 -5.362373e-001
      outer loop
         vertex 3.222947e+001 1.747480e+001 1.964835e+001
         vertex 3.643689e+001 1.724619e+001 2.001975e+001
         vertex 3.216101e+001 1.723699e+001 2.001376e+001
      endloop
   endfacet
   facet normal 0.000000e+000 -8.190000e-001 -5.737935e-001
      outer loop
         vertex 3.216101e+001 1.723699e+001 2.001376e+001
         vertex 3.643689e+001 1.724619e+001 2.001975e+001
         vertex 3.212051e+001 1.709630e+001 2.022993e+001
      endloop
   endfacet
   facet normal 0.000000e+000 -7.852510e-001 -6.191775e-001
      outer loop
         vertex 3.212051e+001 1.709630e+001 2.022993e+001
         vertex 3.643689e+001 1.724619e+001 2.001975e+001
         vertex 3.643689e+001 1.670016e+001 2.069605e+001
      endloop
   endfacet
   facet normal 0.000000e+000 -7.489331e-001 -6.626455e-001
      outer loop
         vertex 3.212051e+001 1.709630e+001 2.022993e+001
         vertex 3.643689e+001 1.670016e+001 2.069605e+001
         vertex 3.201604e+001 1.670016e+001 2.069605e+001
      endloop
   endfacet
   facet normal 0.000000e+000 -7.021917e-001 -7.119879e-001
      outer loop
         vertex 3.201604e+001 1.670016e+001 2.069605e+001
         vertex 3.643689e+001 1.670016e+001 2.069605e+001
         vertex 3.194058e+001 1.638731e+001 2.099601e+001
      endloop
   endfacet
   facet normal 0.000000e+000 -6.607829e-001 -7.505770e-001
      outer loop
         vertex 3.194058e+001 1.638731e+001 2.099601e+001
         vertex 3.643689e+001 1.670016e+001 2.069605e+001
         vertex 3.643689e+001 1.604768e+001 2.127035e+001
      endloop
   endfacet
   facet normal 0.000000e+000 -6.172565e-001 -7.867619e-001
      outer loop
         vertex 3.194058e+001 1.638731e+001 2.099601e+001
         vertex 3.643689e+001 1.604768e+001 2.127035e+001
         vertex 3.186582e+001 1.604768e+001 2.127035e+001
      endloop
   endfacet
   facet normal 0.000000e+000 -5.716627e-001 -8.204887e-001
      outer loop
         vertex 3.186582e+001 1.604768e+001 2.127035e+001
         vertex 3.643689e+001 1.604768e+001 2.127035e+001
         vertex 3.179469e+001 1.568690e+001 2.151419e+001
      endloop
   endfacet
   facet normal 0.000000e+000 -5.243236e-001 -8.515190e-001
      outer loop
         vertex 3.179469e+001 1.568690e+001 2.151419e+001
         vertex 3.643689e+001 1.604768e+001 2.127035e+001
         vertex 3.643689e+001 1.530754e+001 2.172612e+001
      endloop
   endfacet
   facet normal 0.000000e+000 -4.753050e-001 -8.798211e-001
      outer loop
         vertex 3.179469e+001 1.568690e+001 2.151419e+001
         vertex 3.643689e+001 1.530754e+001 2.172612e+001
         vertex 3.172924e+001 1.530754e+001 2.172612e+001
      endloop
   endfacet
   facet normal 0.000000e+000 -4.249464e-001 -9.052185e-001
      outer loop
         vertex 3.172924e+001 1.530754e+001 2.172612e+001
         vertex 3.643689e+001 1.530754e+001 2.172612e+001
         vertex 3.167152e+001 1.491330e+001 2.190446e+001
      endloop
   endfacet
   facet normal 0.000000e+000 -3.730489e-001 -9.278117e-001
      outer loop
         vertex 3.167152e+001 1.491330e+001 2.190446e+001
         vertex 3.643689e+001 1.530754e+001 2.172612e+001
         vertex 3.643689e+001 1.450102e+001 2.205026e+001
      endloop
   endfacet
   facet normal 0.000000e+000 -3.199554e-001 -9.474326e-001
      outer loop
         vertex 3.167152e+001 1.491330e+001 2.190446e+001
         vertex 3.643689e+001 1.450102e+001 2.205026e+001
         vertex 3.162250e+001 1.450102e+001 2.205026e+001
      endloop
   endfacet
   facet normal 0.000000e+000 -2.447735e-001 -9.695803e-001
      outer loop
         vertex 3.162250e+001 1.450102e+001 2.205026e+001
         vertex 3.643689e+001 1.450102e+001 2.205026e+001
         vertex 3.156352e+001 1.375196e+001 2.221954e+001
      endloop
   endfacet
   facet normal 0.000000e+000 -1.894411e-001 -9.818921e-001
      outer loop
         vertex 3.156352e+001 1.375196e+001 2.221954e+001
         vertex 3.643689e+001 1.450102e+001 2.205026e+001
         vertex 3.643689e+001 1.365132e+001 2.223345e+001
      endloop
   endfacet
   facet normal 0.000000e+000 -1.336381e-001 -9.910302e-001
      outer loop
         vertex 3.156352e+001 1.375196e+001 2.221954e+001
         vertex 3.643689e+001 1.365132e+001 2.223345e+001
         vertex 3.155857e+001 1.365132e+001 2.223345e+001
      endloop
   endfacet
   facet normal 0.000000e+000 -9.909051e-002 -9.950784e-001
      outer loop
         vertex 3.155857e+001 1.365132e+001 2.223345e+001
         vertex 3.643689e+001 1.365132e+001 2.223345e+001
         vertex 3.154540e+001 1.321967e+001 2.227029e+001
      endloop
   endfacet
   facet normal 0.000000e+000 -4.263073e-002 -9.990909e-001
      outer loop
         vertex 3.154540e+001 1.321967e+001 2.227029e+001
         vertex 3.643689e+001 1.365132e+001 2.223345e+001
         vertex 3.643689e+001 1.278288e+001 2.227040e+001
      endloop
   endfacet
   facet normal 0.000000e+000 1.396639e-002 -9.999025e-001
      outer loop
         vertex 3.154540e+001 1.321967e+001 2.227029e+001
         vertex 3.643689e+001 1.278288e+001 2.227040e+001
         vertex 3.154536e+001 1.278288e+001 2.227040e+001
      endloop
   endfacet
   facet normal 0.000000e+000 7.724512e-002 -9.970121e-001
      outer loop
         vertex 3.154536e+001 1.278288e+001 2.227040e+001
         vertex 3.643689e+001 1.278288e+001 2.227040e+001
         vertex 3.156352e+001 1.224804e+001 2.221954e+001
      endloop
   endfacet
   facet normal 0.000000e+000 1.335546e-001 -9.910414e-001
      outer loop
         vertex 3.156352e+001 1.224804e+001 2.221954e+001
         vertex 3.643689e+001 1.278288e+001 2.227040e+001
         vertex 3.643689e+001 1.192070e+001 2.216006e+001
      endloop
   endfacet
   facet normal 0.000000e+000 1.893940e-001 -9.819012e-001
      outer loop
         vertex 3.156352e+001 1.224804e+001 2.221954e+001
         vertex 3.643689e+001 1.192070e+001 2.216006e+001
         vertex 3.158450e+001 1.192070e+001 2.216006e+001
      endloop
   endfacet
   facet normal 0.000000e+000 2.381182e-001 -9.712362e-001
      outer loop
         vertex 3.158450e+001 1.192070e+001 2.216006e+001
         vertex 3.643689e+001 1.192070e+001 2.216006e+001
         vertex 3.162235e+001 1.150046e+001 2.205072e+001
      endloop
   endfacet
   facet normal 0.000000e+000 2.926891e-001 -9.562077e-001
      outer loop
         vertex 3.162235e+001 1.150046e+001 2.205072e+001
         vertex 3.643689e+001 1.192070e+001 2.216006e+001
         vertex 3.643689e+001 1.108955e+001 2.190561e+001
      endloop
   endfacet
   facet normal 0.000000e+000 3.463224e-001 -9.381155e-001
      outer loop
         vertex 3.162235e+001 1.150046e+001 2.205072e+001
         vertex 3.643689e+001 1.108955e+001 2.190561e+001
         vertex 3.167114e+001 1.108955e+001 2.190561e+001
      endloop
   endfacet
   facet normal 0.000000e+000 3.989249e-001 -9.169835e-001
      outer loop
         vertex 3.167114e+001 1.108955e+001 2.190561e+001
         vertex 3.643689e+001 1.108955e+001 2.190561e+001
         vertex 3.172926e+001 1.069235e+001 2.172607e+001
      endloop
   endfacet
   facet normal 0.000000e+000 4.501689e-001 -8.929434e-001
      outer loop
         vertex 3.172926e+001 1.069235e+001 2.172607e+001
         vertex 3.643689e+001 1.108955e+001 2.190561e+001
         vertex 3.643689e+001 1.031337e+001 2.151436e+001
      endloop
   endfacet
   facet normal 0.000000e+000 4.999703e-001 -8.660426e-001
      outer loop
         vertex 3.172926e+001 1.069235e+001 2.172607e+001
         vertex 3.643689e+001 1.031337e+001 2.151436e+001
         vertex 3.179464e+001 1.031337e+001 2.151436e+001
      endloop
   endfacet
   facet normal 0.000000e+000 5.480887e-001 -8.364202e-001
      outer loop
         vertex 3.179464e+001 1.031337e+001 2.151436e+001
         vertex 3.643689e+001 1.031337e+001 2.151436e+001
         vertex 3.186564e+001 9.953139e+000 2.127095e+001
      endloop
   endfacet
   facet normal 0.000000e+000 5.945352e-001 -8.040695e-001
      outer loop
         vertex 3.186564e+001 9.953139e+000 2.127095e+001
         vertex 3.643689e+001 1.031337e+001 2.151436e+001
         vertex 3.643689e+001 9.614464e+000 2.099757e+001
      endloop
   endfacet
   facet normal 0.000000e+000 6.390771e-001 -7.691427e-001
      outer loop
         vertex 3.186564e+001 9.953139e+000 2.127095e+001
         vertex 3.643689e+001 9.614464e+000 2.099757e+001
         vertex 3.194017e+001 9.614464e+000 2.099757e+001
      endloop
   endfacet
   facet normal 0.000000e+000 8.439909e-001 -5.363575e-001
      outer loop
         vertex 3.643689e+001 9.012947e+000 2.037010e+001
         vertex 3.643689e+001 8.526117e+000 1.965000e+001
         vertex 3.222919e+001 8.526117e+000 1.965000e+001
      endloop
   endfacet
   facet normal 0.000000e+000 8.189265e-001 -5.738985e-001
      outer loop
         vertex 3.222919e+001 8.526117e+000 1.965000e+001
         vertex 3.212051e+001 8.903705e+000 2.022993e+001
         vertex 3.643689e+001 9.012947e+000 2.037010e+001
      endloop
   endfacet
   facet normal 0.000000e+000 7.851794e-001 -6.192684e-001
      outer loop
         vertex 3.643689e+001 9.012947e+000 2.037010e+001
         vertex 3.212051e+001 8.903705e+000 2.022993e+001
         vertex 3.209019e+001 9.018693e+000 2.036522e+001
      endloop
   endfacet
   facet normal 0.000000e+000 7.412197e-001 -6.712626e-001
      outer loop
         vertex 3.643689e+001 9.012947e+000 2.037010e+001
         vertex 3.209019e+001 9.018693e+000 2.036522e+001
         vertex 3.643689e+001 9.614464e+000 2.099757e+001
      endloop
   endfacet
   facet normal 0.000000e+000 7.218891e-001 -6.920087e-001
      outer loop
         vertex 3.643689e+001 9.614464e+000 2.099757e+001
         vertex 3.209019e+001 9.018693e+000 2.036522e+001
         vertex 3.201592e+001 9.300329e+000 2.069656e+001
      endloop
   endfacet
   facet normal 0.000000e+000 6.815700e-001 -7.317529e-001
      outer loop
         vertex 3.643689e+001 9.614464e+000 2.099757e+001
         vertex 3.201592e+001 9.300329e+000 2.069656e+001
         vertex 3.194017e+001 9.614464e+000 2.099757e+001
      endloop
   endfacet
   facet normal -1.000000e+000 0.000000e+000 0.000000e+000
      outer loop
         vertex 3.643689e+001 1.530754e+001 1.257388e+001
         vertex 3.643689e+001 1.450102e+001 1.224974e+001
         vertex 3.643689e+001 7.948755e+000 1.801634e+001
      endloop
   endfacet
   facet normal -1.000000e+000 0.000000e+000 0.000000e+000
      outer loop
         vertex 3.643689e+001 8.526117e+000 1.965000e+001
         vertex 3.643689e+001 9.012947e+000 2.037010e+001
         vertex 3.643689e+001 1.795965e+001 1.585867e+001
      endloop
   endfacet
   facet normal -1.000000e+000 0.000000e+000 0.000000e+000
      outer loop
         vertex 3.643689e+001 1.795965e+001 1.585867e+001
         vertex 3.643689e+001 9.012947e+000 2.037010e+001
         vertex 3.643689e+001 9.614464e+000 2.099757e+001
      endloop
   endfacet
   facet normal -1.000000e+000 0.000000e+000 0.000000e+000
      outer loop
         vertex 3.643689e+001 1.795965e+001 1.585867e+001
         vertex 3.643689e+001 9.614464e+000 2.099757e+001
         vertex 3.643689e+001 1.031337e+001 2.151436e+001
      endloop
   endfacet
   facet normal -1.000000e+000 0.000000e+000 0.000000e+000
      outer loop
         vertex 3.643689e+001 1.767009e+001 1.503910e+001
         vertex 3.643689e+001 1.724619e+001 1.428025e+001
         vertex 3.643689e+001 7.948755e+000 1.801634e+001
      endloop
   endfacet
   facet normal -1.000000e+000 0.000000e+000 0.000000e+000
      outer loop
         vertex 3.643689e+001 1.724619e+001 1.428025e+001
         vertex 3.643689e+001 1.670016e+001 1.360395e+001
         vertex 3.643689e+001 7.948755e+000 1.801634e+001
      endloop
   endfacet
   facet normal -1.000000e+000 0.000000e+000 0.000000e+000
      outer loop
         vertex 3.643689e+001 7.948755e+000 1.801634e+001
         vertex 3.643689e+001 1.670016e+001 1.360395e+001
         vertex 3.643689e+001 1.604768e+001 1.302965e+001
      endloop
   endfacet
   facet normal -1.000000e+000 0.000000e+000 0.000000e+000
      outer loop
         vertex 3.643689e+001 7.948755e+000 1.801634e+001
         vertex 3.643689e+001 1.604768e+001 1.302965e+001
         vertex 3.643689e+001 1.530754e+001 1.257388e+001
      endloop
   endfacet
   facet normal -1.000000e+000 0.000000e+000 0.000000e+000
      outer loop
         vertex 3.643689e+001 1.450102e+001 1.224974e+001
         vertex 3.643689e+001 1.365132e+001 1.206656e+001
         vertex 3.643689e+001 7.948755e+000 1.801634e+001
      endloop
   endfacet
   facet normal -1.000000e+000 0.000000e+000 0.000000e+000
      outer loop
         vertex 3.643689e+001 7.948755e+000 1.801634e+001
         vertex 3.643689e+001 1.365132e+001 1.206656e+001
         vertex 3.643689e+001 1.278288e+001 1.202960e+001
      endloop
   endfacet
   facet normal -1.000000e+000 0.000000e+000 0.000000e+000
      outer loop
         vertex 3.643689e+001 7.948755e+000 1.801634e+001
         vertex 3.643689e+001 1.278288e+001 1.202960e+001
         vertex 3.643689e+001 1.192070e+001 1.213994e+001
      endloop
   endfacet
   facet normal -1.000000e+000 0.000000e+000 0.000000e+000
      outer loop
         vertex 3.643689e+001 1.767009e+001 1.503910e+001
         vertex 3.643689e+001 7.948755e+000 1.801634e+001
         vertex 3.643689e+001 1.795965e+001 1.585867e+001
      endloop
   endfacet
   facet normal -1.000000e+000 0.000000e+000 0.000000e+000
      outer loop
         vertex 3.643689e+001 1.795965e+001 1.585867e+001
         vertex 3.643689e+001 7.948755e+000 1.801634e+001
         vertex 3.643689e+001 8.167896e+000 1.885775e+001
      endloop
   endfacet
   facet normal -1.000000e+000 0.000000e+000 0.000000e+000
      outer loop
         vertex 3.643689e+001 1.795965e+001 1.585867e+001
         vertex 3.643689e+001 8.167896e+000 1.885775e+001
         vertex 3.643689e+001 8.526117e+000 1.965000e+001
      endloop
   endfacet
   facet normal -1.000000e+000 0.000000e+000 0.000000e+000
      outer loop
         vertex 3.643689e+001 1.031337e+001 2.151436e+001
         vertex 3.643689e+001 1.108955e+001 2.190561e+001
         vertex 3.643689e+001 1.795965e+001 1.585867e+001
      endloop
   endfacet
   facet normal -1.000000e+000 0.000000e+000 0.000000e+000
      outer loop
         vertex 3.643689e+001 1.795965e+001 1.585867e+001
         vertex 3.643689e+001 1.108955e+001 2.190561e+001
         vertex 3.643689e+001 1.192070e+001 2.216006e+001
      endloop
   endfacet
   facet normal -1.000000e+000 0.000000e+000 0.000000e+000
      outer loop
         vertex 3.643689e+001 1.795965e+001 1.585867e+001
         vertex 3.643689e+001 1.192070e+001 2.216006e+001
         vertex 3.643689e+001 1.810654e+001 1.671539e+001
      endloop
   endfacet
   facet normal -1.000000e+000 0.000000e+000 0.000000e+000
      outer loop
         vertex 3.643689e+001 1.810654e+001 1.671539e+001
         vertex 3.643689e+001 1.192070e+001 2.216006e+001
         vertex 3.643689e+001 1.810654e+001 1.758461e+001
      endloop
   endfacet
   facet normal -1.000000e+000 0.000000e+000 0.000000e+000
      outer loop
         vertex 3.643689e+001 1.192070e+001 1.213994e+001
         vertex 3.643689e+001 1.108955e+001 1.239439e+001
         vertex 3.643689e+001 7.948755e+000 1.801634e+001
      endloop
   endfacet
   facet normal -1.000000e+000 0.000000e+000 0.000000e+000
      outer loop
         vertex 3.643689e+001 7.948755e+000 1.801634e+001
         vertex 3.643689e+001 1.108955e+001 1.239439e+001
         vertex 3.643689e+001 1.031337e+001 1.278564e+001
      endloop
   endfacet
   facet normal -1.000000e+000 0.000000e+000 0.000000e+000
      outer loop
         vertex 3.643689e+001 7.948755e+000 1.801634e+001
         vertex 3.643689e+001 1.031337e+001 1.278564e+001
         vertex 3.643689e+001 9.614464e+000 1.330243e+001
      endloop
   endfacet
   facet normal -1.000000e+000 0.000000e+000 0.000000e+000
      outer loop
         vertex 3.643689e+001 1.278288e+001 2.227040e+001
         vertex 3.643689e+001 1.767009e+001 1.926090e+001
         vertex 3.643689e+001 1.192070e+001 2.216006e+001
      endloop
   endfacet
   facet normal -1.000000e+000 0.000000e+000 0.000000e+000
      outer loop
         vertex 3.643689e+001 1.192070e+001 2.216006e+001
         vertex 3.643689e+001 1.767009e+001 1.926090e+001
         vertex 3.643689e+001 1.795965e+001 1.844133e+001
      endloop
   endfacet
   facet normal -1.000000e+000 0.000000e+000 0.000000e+000
      outer loop
         vertex 3.643689e+001 1.192070e+001 2.216006e+001
         vertex 3.643689e+001 1.795965e+001 1.844133e+001
         vertex 3.643689e+001 1.810654e+001 1.758461e+001
      endloop
   endfacet
   facet normal -1.000000e+000 0.000000e+000 0.000000e+000
      outer loop
         vertex 3.643689e+001 1.278288e+001 2.227040e+001
         vertex 3.643689e+001 1.365132e+001 2.223345e+001
         vertex 3.643689e+001 1.767009e+001 1.926090e+001
      endloop
   endfacet
   facet normal -1.000000e+000 0.000000e+000 0.000000e+000
      outer loop
         vertex 3.643689e+001 1.767009e+001 1.926090e+001
         vertex 3.643689e+001 1.365132e+001 2.223345e+001
         vertex 3.643689e+001 1.450102e+001 2.205026e+001
      endloop
   endfacet
   facet normal -1.000000e+000 0.000000e+000 0.000000e+000
      outer loop
         vertex 3.643689e+001 1.767009e+001 1.926090e+001
         vertex 3.643689e+001 1.450102e+001 2.205026e+001
         vertex 3.643689e+001 1.530754e+001 2.172612e+001
      endloop
   endfacet
   facet normal -1.000000e+000 0.000000e+000 0.000000e+000
      outer loop
         vertex 3.643689e+001 1.530754e+001 2.172612e+001
         vertex 3.643689e+001 1.604768e+001 2.127035e+001
         vertex 3.643689e+001 1.767009e+001 1.926090e+001
      endloop
   endfacet
   facet normal -1.000000e+000 0.000000e+000 0.000000e+000
      outer loop
         vertex 3.643689e+001 1.767009e+001 1.926090e+001
         vertex 3.643689e+001 1.604768e+001 2.127035e+001
         vertex 3.643689e+001 1.670016e+001 2.069605e+001
      endloop
   endfacet
   facet normal -1.000000e+000 0.000000e+000 0.000000e+000
      outer loop
         vertex 3.643689e+001 1.767009e+001 1.926090e+001
         vertex 3.643689e+001 1.670016e+001 2.069605e+001
         vertex 3.643689e+001 1.724619e+001 2.001975e+001
      endloop
   endfacet
   facet normal -1.000000e+000 0.000000e+000 0.000000e+000
      outer loop
         vertex 3.643689e+001 9.614464e+000 1.330243e+001
         vertex 3.643689e+001 9.012947e+000 1.392990e+001
         vertex 3.643689e+001 7.948755e+000 1.801634e+001
      endloop
   endfacet
   facet normal -1.000000e+000 0.000000e+000 0.000000e+000
      outer loop
         vertex 3.643689e+001 7.948755e+000 1.801634e+001
         vertex 3.643689e+001 9.012947e+000 1.392990e+001
         vertex 3.643689e+001 8.526117e+000 1.465000e+001
      endloop
   endfacet
   facet normal -1.000000e+000 0.000000e+000 0.000000e+000
      outer loop
         vertex 3.643689e+001 7.948755e+000 1.801634e+001
         vertex 3.643689e+001 8.526117e+000 1.465000e+001
         vertex 3.643689e+001 7.875000e+000 1.715000e+001
      endloop
   endfacet
   facet normal -1.000000e+000 0.000000e+000 0.000000e+000
      outer loop
         vertex 3.643689e+001 7.875000e+000 1.715000e+001
         vertex 3.643689e+001 8.526117e+000 1.465000e+001
         vertex 3.643689e+001 8.167896e+000 1.544225e+001
      endloop
   endfacet
   facet normal -1.000000e+000 0.000000e+000 0.000000e+000
      outer loop
         vertex 3.643689e+001 7.875000e+000 1.715000e+001
         vertex 3.643689e+001 8.167896e+000 1.544225e+001
         vertex 3.643689e+001 7.948755e+000 1.628366e+001
      endloop
   endfacet
   facet normal 0.000000e+000 1.229910e-015 -1.000000e+000
      outer loop
         vertex 3.828688e+001 8.526117e+000 1.965000e+001
         vertex 3.828688e+001 0.000000e+000 1.965000e+001
         vertex 3.643689e+001 8.526117e+000 1.965000e+001
      endloop
   endfacet
   facet normal 0.000000e+000 1.229910e-015 -1.000000e+000
      outer loop
         vertex 3.643689e+001 8.526117e+000 1.965000e+001
         vertex 3.828688e+001 0.000000e+000 1.965000e+001
         vertex 3.222919e+001 0.000000e+000 1.965000e+001
      endloop
   endfacet
   facet normal 0.000000e+000 1.229910e-015 -1.000000e+000
      outer loop
         vertex 3.643689e+001 8.526117e+000 1.965000e+001
         vertex 3.222919e+001 0.000000e+000 1.965000e+001
         vertex 3.222919e+001 8.526117e+000 1.965000e+001
      endloop
   endfacet
   facet normal 0.000000e+000 -8.991317e-001 -4.376782e-001
      outer loop
         vertex 3.643689e+001 8.526117e+000 1.465000e+001
         vertex 3.828688e+001 8.526117e+000 1.465000e+001
         vertex 3.828688e+001 8.167896e+000 1.544225e+001
      endloop
   endfacet
   facet normal 0.000000e+000 -9.225055e-001 -3.859840e-001
      outer loop
         vertex 3.643689e+001 8.526117e+000 1.465000e+001
         vertex 3.828688e+001 8.167896e+000 1.544225e+001
         vertex 3.643689e+001 8.167896e+000 1.544225e+001
      endloop
   endfacet
   facet normal 0.000000e+000 -9.601782e-001 -2.793883e-001
      outer loop
         vertex 3.643689e+001 8.167896e+000 1.544225e+001
         vertex 3.828688e+001 8.167896e+000 1.544225e+001
         vertex 3.828688e+001 7.948755e+000 1.628366e+001
      endloop
   endfacet
   facet normal 0.000000e+000 -9.744771e-001 -2.244869e-001
      outer loop
         vertex 3.643689e+001 8.167896e+000 1.544225e+001
         vertex 3.828688e+001 7.948755e+000 1.628366e+001
         vertex 3.643689e+001 7.948755e+000 1.628366e+001
      endloop
   endfacet
   facet normal 0.000000e+000 -9.935885e-001 -1.130569e-001
      outer loop
         vertex 3.643689e+001 7.948755e+000 1.628366e+001
         vertex 3.828688e+001 7.948755e+000 1.628366e+001
         vertex 3.828688e+001 7.875000e+000 1.715000e+001
      endloop
   endfacet
   facet normal 0.000000e+000 -9.984010e-001 -5.652847e-002
      outer loop
         vertex 3.643689e+001 7.948755e+000 1.628366e+001
         vertex 3.828688e+001 7.875000e+000 1.715000e+001
         vertex 3.643689e+001 7.875000e+000 1.715000e+001
      endloop
   endfacet
   facet normal 0.000000e+000 -9.984010e-001 5.652847e-002
      outer loop
         vertex 3.643689e+001 7.875000e+000 1.715000e+001
         vertex 3.828688e+001 7.875000e+000 1.715000e+001
         vertex 3.828688e+001 7.948755e+000 1.801634e+001
      endloop
   endfacet
   facet normal 0.000000e+000 -9.935885e-001 1.130569e-001
      outer loop
         vertex 3.643689e+001 7.875000e+000 1.715000e+001
         vertex 3.828688e+001 7.948755e+000 1.801634e+001
         vertex 3.643689e+001 7.948755e+000 1.801634e+001
      endloop
   endfacet
   facet normal 0.000000e+000 -9.744771e-001 2.244869e-001
      outer loop
         vertex 3.643689e+001 7.948755e+000 1.801634e+001
         vertex 3.828688e+001 7.948755e+000 1.801634e+001
         vertex 3.828688e+001 8.167896e+000 1.885775e+001
      endloop
   endfacet
   facet normal 0.000000e+000 -9.601782e-001 2.793883e-001
      outer loop
         vertex 3.643689e+001 7.948755e+000 1.801634e+001
         vertex 3.828688e+001 8.167896e+000 1.885775e+001
         vertex 3.643689e+001 8.167896e+000 1.885775e+001
      endloop
   endfacet
   facet normal 0.000000e+000 -9.225055e-001 3.859840e-001
      outer loop
         vertex 3.643689e+001 8.167896e+000 1.885775e+001
         vertex 3.828688e+001 8.167896e+000 1.885775e+001
         vertex 3.828688e+001 8.526117e+000 1.965000e+001
      endloop
   endfacet
   facet normal 0.000000e+000 -8.991317e-001 4.376782e-001
      outer loop
         vertex 3.643689e+001 8.167896e+000 1.885775e+001
         vertex 3.828688e+001 8.526117e+000 1.965000e+001
         vertex 3.643689e+001 8.526117e+000 1.965000e+001
      endloop
   endfacet
   facet normal 0.000000e+000 -1.229910e-015 1.000000e+000
      outer loop
         vertex 3.222919e+001 8.526117e+000 1.465000e+001
         vertex 3.222919e+001 0.000000e+000 1.465000e+001
         vertex 3.643689e+001 8.526117e+000 1.465000e+001
      endloop
   endfacet
   facet normal 0.000000e+000 -1.229910e-015 1.000000e+000
      outer loop
         vertex 3.643689e+001 8.526117e+000 1.465000e+001
         vertex 3.222919e+001 0.000000e+000 1.465000e+001
         vertex 3.828688e+001 0.000000e+000 1.465000e+001
      endloop
   endfacet
   facet normal 0.000000e+000 -1.229910e-015 1.000000e+000
      outer loop
         vertex 3.643689e+001 8.526117e+000 1.465000e+001
         vertex 3.828688e+001 0.000000e+000 1.465000e+001
         vertex 3.828688e+001 8.526117e+000 1.465000e+001
      endloop
   endfacet
   facet normal 0.000000e+000 -1.000000e+000 0.000000e+000
      outer loop
         vertex 1.728689e+001 0.000000e+000 3.430000e+001
         vertex 3.828688e+001 0.000000e+000 3.365000e+001
         vertex 6.628688e+001 0.000000e+000 3.430000e+001
      endloop
   endfacet
   facet normal 0.000000e+000 -1.000000e+000 0.000000e+000
      outer loop
         vertex 6.628688e+001 0.000000e+000 3.430000e+001
         vertex 3.828688e+001 0.000000e+000 3.365000e+001
         vertex 6.528689e+001 0.000000e+000 3.365000e+001
      endloop
   endfacet
   facet normal 0.000000e+000 -1.000000e+000 0.000000e+000
      outer loop
         vertex 6.628688e+001 0.000000e+000 3.430000e+001
         vertex 6.528689e+001 0.000000e+000 3.365000e+001
         vertex 6.628688e+001 0.000000e+000 0.000000e+000
      endloop
   endfacet
   facet normal 0.000000e+000 -1.000000e+000 0.000000e+000
      outer loop
         vertex 2.333554e+001 0.000000e+000 3.104015e+001
         vertex 2.516917e+001 0.000000e+000 3.008801e+001
         vertex 3.828688e+001 0.000000e+000 3.365000e+001
      endloop
   endfacet
   facet normal 0.000000e+000 -1.000000e+000 0.000000e+000
      outer loop
         vertex 2.516917e+001 0.000000e+000 3.008801e+001
         vertex 2.685620e+001 0.000000e+000 2.889525e+001
         vertex 3.828688e+001 0.000000e+000 3.365000e+001
      endloop
   endfacet
   facet normal 0.000000e+000 -1.000000e+000 0.000000e+000
      outer loop
         vertex 3.828688e+001 0.000000e+000 3.365000e+001
         vertex 2.685620e+001 0.000000e+000 2.889525e+001
         vertex 2.836525e+001 0.000000e+000 2.748404e+001
      endloop
   endfacet
   facet normal 0.000000e+000 -1.000000e+000 0.000000e+000
      outer loop
         vertex 3.828688e+001 0.000000e+000 3.365000e+001
         vertex 2.836525e+001 0.000000e+000 2.748404e+001
         vertex 2.966826e+001 0.000000e+000 2.588063e+001
      endloop
   endfacet
   facet normal 0.000000e+000 -1.000000e+000 0.000000e+000
      outer loop
         vertex 2.966826e+001 0.000000e+000 2.588063e+001
         vertex 3.074101e+001 0.000000e+000 2.411485e+001
         vertex 3.828688e+001 0.000000e+000 3.365000e+001
      endloop
   endfacet
   facet normal 0.000000e+000 -1.000000e+000 0.000000e+000
      outer loop
         vertex 3.828688e+001 0.000000e+000 3.365000e+001
         vertex 3.074101e+001 0.000000e+000 2.411485e+001
         vertex 3.156352e+001 0.000000e+000 2.221954e+001
      endloop
   endfacet
   facet normal 0.000000e+000 -1.000000e+000 0.000000e+000
      outer loop
         vertex 3.828688e+001 0.000000e+000 3.365000e+001
         vertex 3.156352e+001 0.000000e+000 2.221954e+001
         vertex 3.828688e+001 0.000000e+000 1.965000e+001
      endloop
   endfacet
   facet normal 0.000000e+000 -1.000000e+000 0.000000e+000
      outer loop
         vertex 3.828688e+001 0.000000e+000 1.965000e+001
         vertex 3.156352e+001 0.000000e+000 2.221954e+001
         vertex 3.212051e+001 0.000000e+000 2.022993e+001
      endloop
   endfacet
   facet normal 0.000000e+000 -1.000000e+000 0.000000e+000
      outer loop
         vertex 3.828688e+001 0.000000e+000 1.965000e+001
         vertex 3.212051e+001 0.000000e+000 2.022993e+001
         vertex 3.222919e+001 0.000000e+000 1.965000e+001
      endloop
   endfacet
   facet normal 0.000000e+000 -1.000000e+000 0.000000e+000
      outer loop
         vertex 1.794510e+000 0.000000e+000 2.884747e+001
         vertex 2.054907e-001 0.000000e+000 2.763297e+001
         vertex 2.052758e+000 0.000000e+000 2.858004e+001
      endloop
   endfacet
   facet normal 0.000000e+000 -1.000000e+000 0.000000e+000
      outer loop
         vertex 2.052758e+000 0.000000e+000 2.858004e+001
         vertex 2.054907e-001 0.000000e+000 2.763297e+001
         vertex 7.716790e-001 0.000000e+000 2.715859e+001
      endloop
   endfacet
   facet normal 0.000000e+000 -1.000000e+000 0.000000e+000
      outer loop
         vertex 2.052758e+000 0.000000e+000 2.858004e+001
         vertex 7.716790e-001 0.000000e+000 2.715859e+001
         vertex 2.353437e+000 0.000000e+000 2.836140e+001
      endloop
   endfacet
   facet normal 0.000000e+000 -1.000000e+000 0.000000e+000
      outer loop
         vertex 2.353437e+000 0.000000e+000 2.836140e+001
         vertex 7.716790e-001 0.000000e+000 2.715859e+001
         vertex 1.409713e+000 0.000000e+000 2.678641e+001
      endloop
   endfacet
   facet normal 0.000000e+000 -1.000000e+000 0.000000e+000
      outer loop
         vertex 2.353437e+000 0.000000e+000 2.836140e+001
         vertex 1.409713e+000 0.000000e+000 2.678641e+001
         vertex 2.687454e+000 0.000000e+000 2.819817e+001
      endloop
   endfacet
   facet normal 0.000000e+000 -1.000000e+000 0.000000e+000
      outer loop
         vertex 2.687454e+000 0.000000e+000 2.819817e+001
         vertex 1.409713e+000 0.000000e+000 2.678641e+001
         vertex 2.101339e+000 0.000000e+000 2.652707e+001
      endloop
   endfacet
   facet normal 0.000000e+000 -1.000000e+000 0.000000e+000
      outer loop
         vertex 2.687454e+000 0.000000e+000 2.819817e+001
         vertex 2.101339e+000 0.000000e+000 2.652707e+001
         vertex 3.044702e+000 0.000000e+000 2.809529e+001
      endloop
   endfacet
   facet normal 0.000000e+000 -1.000000e+000 0.000000e+000
      outer loop
         vertex 3.044702e+000 0.000000e+000 2.809529e+001
         vertex 2.101339e+000 0.000000e+000 2.652707e+001
         vertex 2.826776e+000 0.000000e+000 2.638799e+001
      endloop
   endfacet
   facet normal 0.000000e+000 -1.000000e+000 0.000000e+000
      outer loop
         vertex 3.044702e+000 0.000000e+000 2.809529e+001
         vertex 2.826776e+000 0.000000e+000 2.638799e+001
         vertex 3.414374e+000 0.000000e+000 2.805587e+001
      endloop
   endfacet
   facet normal 0.000000e+000 -1.000000e+000 0.000000e+000
      outer loop
         vertex 3.414374e+000 0.000000e+000 2.805587e+001
         vertex 2.826776e+000 0.000000e+000 2.638799e+001
         vertex 3.565278e+000 0.000000e+000 2.637315e+001
      endloop
   endfacet
   facet normal 0.000000e+000 -1.000000e+000 0.000000e+000
      outer loop
         vertex 3.414374e+000 0.000000e+000 2.805587e+001
         vertex 3.565278e+000 0.000000e+000 2.637315e+001
         vertex 3.785282e+000 0.000000e+000 2.808110e+001
      endloop
   endfacet
   facet normal 0.000000e+000 -1.000000e+000 0.000000e+000
      outer loop
         vertex 3.785282e+000 0.000000e+000 2.808110e+001
         vertex 3.565278e+000 0.000000e+000 2.637315e+001
         vertex 4.295718e+000 0.000000e+000 2.648296e+001
      endloop
   endfacet
   facet normal 0.000000e+000 -1.000000e+000 0.000000e+000
      outer loop
         vertex 3.785282e+000 0.000000e+000 2.808110e+001
         vertex 4.295718e+000 0.000000e+000 2.648296e+001
         vertex 4.146211e+000 0.000000e+000 2.817022e+001
      endloop
   endfacet
   facet normal 0.000000e+000 -1.000000e+000 0.000000e+000
      outer loop
         vertex 3.828688e+001 0.000000e+000 1.465000e+001
         vertex 3.222919e+001 0.000000e+000 1.465000e+001
         vertex 3.212051e+001 0.000000e+000 1.407007e+001
      endloop
   endfacet
   facet normal 0.000000e+000 -1.000000e+000 0.000000e+000
      outer loop
         vertex 4.295718e+000 0.000000e+000 2.648296e+001
         vertex 4.997209e+000 0.000000e+000 2.671430e+001
         vertex 4.146211e+000 0.000000e+000 2.817022e+001
      endloop
   endfacet
   facet normal 0.000000e+000 -1.000000e+000 0.000000e+000
      outer loop
         vertex 4.146211e+000 0.000000e+000 2.817022e+001
         vertex 4.997209e+000 0.000000e+000 2.671430e+001
         vertex 5.649678e+000 0.000000e+000 2.706055e+001
      endloop
   endfacet
   facet normal 0.000000e+000 -1.000000e+000 0.000000e+000
      outer loop
         vertex 4.146211e+000 0.000000e+000 2.817022e+001
         vertex 5.649678e+000 0.000000e+000 2.706055e+001
         vertex 5.618979e+000 0.000000e+000 2.971911e+001
      endloop
   endfacet
   facet normal 0.000000e+000 -1.000000e+000 0.000000e+000
      outer loop
         vertex 5.618979e+000 0.000000e+000 2.971911e+001
         vertex 5.649678e+000 0.000000e+000 2.706055e+001
         vertex 6.234471e+000 0.000000e+000 2.751179e+001
      endloop
   endfacet
   facet normal 0.000000e+000 -1.000000e+000 0.000000e+000
      outer loop
         vertex 5.618979e+000 0.000000e+000 2.971911e+001
         vertex 6.234471e+000 0.000000e+000 2.751179e+001
         vertex 7.272963e+000 0.000000e+000 3.107278e+001
      endloop
   endfacet
   facet normal 0.000000e+000 -1.000000e+000 0.000000e+000
      outer loop
         vertex 7.272963e+000 0.000000e+000 3.107278e+001
         vertex 6.234471e+000 0.000000e+000 2.751179e+001
         vertex 7.747062e+000 0.000000e+000 2.891921e+001
      endloop
   endfacet
   facet normal 0.000000e+000 -1.000000e+000 0.000000e+000
      outer loop
         vertex 7.272963e+000 0.000000e+000 3.107278e+001
         vertex 7.747062e+000 0.000000e+000 2.891921e+001
         vertex 9.082478e+000 0.000000e+000 3.221022e+001
      endloop
   endfacet
   facet normal 0.000000e+000 -1.000000e+000 0.000000e+000
      outer loop
         vertex 9.082478e+000 0.000000e+000 3.221022e+001
         vertex 7.747062e+000 0.000000e+000 2.891921e+001
         vertex 9.437077e+000 0.000000e+000 3.010774e+001
      endloop
   endfacet
   facet normal 0.000000e+000 -1.000000e+000 0.000000e+000
      outer loop
         vertex 9.082478e+000 0.000000e+000 3.221022e+001
         vertex 9.437077e+000 0.000000e+000 3.010774e+001
         vertex 1.101942e+001 0.000000e+000 3.311375e+001
      endloop
   endfacet
   facet normal 0.000000e+000 -1.000000e+000 0.000000e+000
      outer loop
         vertex 1.101942e+001 0.000000e+000 3.311375e+001
         vertex 9.437077e+000 0.000000e+000 3.010774e+001
         vertex 1.127309e+001 0.000000e+000 3.105528e+001
      endloop
   endfacet
   facet normal 0.000000e+000 -1.000000e+000 0.000000e+000
      outer loop
         vertex 1.101942e+001 0.000000e+000 3.311375e+001
         vertex 1.127309e+001 0.000000e+000 3.105528e+001
         vertex 1.305370e+001 0.000000e+000 3.376935e+001
      endloop
   endfacet
   facet normal 0.000000e+000 -1.000000e+000 0.000000e+000
      outer loop
         vertex 1.305370e+001 0.000000e+000 3.376935e+001
         vertex 1.127309e+001 0.000000e+000 3.105528e+001
         vertex 1.322094e+001 0.000000e+000 3.174420e+001
      endloop
   endfacet
   facet normal 0.000000e+000 -1.000000e+000 0.000000e+000
      outer loop
         vertex 1.305370e+001 0.000000e+000 3.376935e+001
         vertex 1.322094e+001 0.000000e+000 3.174420e+001
         vertex 1.515373e+001 0.000000e+000 3.416682e+001
      endloop
   endfacet
   facet normal 0.000000e+000 -1.000000e+000 0.000000e+000
      outer loop
         vertex 1.515373e+001 0.000000e+000 3.416682e+001
         vertex 1.322094e+001 0.000000e+000 3.174420e+001
         vertex 1.524442e+001 0.000000e+000 3.216169e+001
      endloop
   endfacet
   facet normal 0.000000e+000 -1.000000e+000 0.000000e+000
      outer loop
         vertex 1.515373e+001 0.000000e+000 3.416682e+001
         vertex 1.524442e+001 0.000000e+000 3.216169e+001
         vertex 1.728689e+001 0.000000e+000 3.430000e+001
      endloop
   endfacet
   facet normal 0.000000e+000 -1.000000e+000 0.000000e+000
      outer loop
         vertex 1.524442e+001 0.000000e+000 3.216169e+001
         vertex 1.730588e+001 0.000000e+000 3.229999e+001
         vertex 1.728689e+001 0.000000e+000 3.430000e+001
      endloop
   endfacet
   facet normal 0.000000e+000 -1.000000e+000 0.000000e+000
      outer loop
         vertex 1.728689e+001 0.000000e+000 3.430000e+001
         vertex 1.730588e+001 0.000000e+000 3.229999e+001
         vertex 1.936699e+001 0.000000e+000 3.215652e+001
      endloop
   endfacet
   facet normal 0.000000e+000 -1.000000e+000 0.000000e+000
      outer loop
         vertex 1.728689e+001 0.000000e+000 3.430000e+001
         vertex 1.936699e+001 0.000000e+000 3.215652e+001
         vertex 3.828688e+001 0.000000e+000 3.365000e+001
      endloop
   endfacet
   facet normal 0.000000e+000 -1.000000e+000 0.000000e+000
      outer loop
         vertex 3.828688e+001 0.000000e+000 3.365000e+001
         vertex 1.936699e+001 0.000000e+000 3.215652e+001
         vertex 2.138942e+001 0.000000e+000 3.173396e+001
      endloop
   endfacet
   facet normal 0.000000e+000 -1.000000e+000 0.000000e+000
      outer loop
         vertex 3.828688e+001 0.000000e+000 3.365000e+001
         vertex 2.138942e+001 0.000000e+000 3.173396e+001
         vertex 2.333554e+001 0.000000e+000 3.104015e+001
      endloop
   endfacet
   facet normal 0.000000e+000 -1.000000e+000 0.000000e+000
      outer loop
         vertex 7.685274e-002 0.000000e+000 2.862466e+001
         vertex 1.794510e+000 0.000000e+000 2.884747e+001
         vertex 1.676992e+000 0.000000e+000 2.897621e+001
      endloop
   endfacet
   facet normal 0.000000e+000 -1.000000e+000 0.000000e+000
      outer loop
         vertex 3.828688e+001 0.000000e+000 1.465000e+001
         vertex 3.212051e+001 0.000000e+000 1.407007e+001
         vertex 3.828688e+001 0.000000e+000 1.650000e+000
      endloop
   endfacet
   facet normal 0.000000e+000 -1.000000e+000 0.000000e+000
      outer loop
         vertex 3.828688e+001 0.000000e+000 1.650000e+000
         vertex 3.212051e+001 0.000000e+000 1.407007e+001
         vertex 3.156352e+001 0.000000e+000 1.208047e+001
      endloop
   endfacet
   facet normal 0.000000e+000 -1.000000e+000 0.000000e+000
      outer loop
         vertex 3.828688e+001 0.000000e+000 1.650000e+000
         vertex 3.156352e+001 0.000000e+000 1.208047e+001
         vertex 3.074101e+001 0.000000e+000 1.018515e+001
      endloop
   endfacet
   facet normal 0.000000e+000 -1.000000e+000 0.000000e+000
      outer loop
         vertex 7.685274e-002 0.000000e+000 2.862466e+001
         vertex 2.411753e-002 0.000000e+000 2.845852e+001
         vertex 1.794510e+000 0.000000e+000 2.884747e+001
      endloop
   endfacet
   facet normal 0.000000e+000 -1.000000e+000 0.000000e+000
      outer loop
         vertex 1.794510e+000 0.000000e+000 2.884747e+001
         vertex 2.411753e-002 0.000000e+000 2.845852e+001
         vertex 1.039356e-003 0.000000e+000 2.828574e+001
      endloop
   endfacet
   facet normal 0.000000e+000 -1.000000e+000 0.000000e+000
      outer loop
         vertex 1.794510e+000 0.000000e+000 2.884747e+001
         vertex 1.039356e-003 0.000000e+000 2.828574e+001
         vertex 8.311123e-003 0.000000e+000 2.811158e+001
      endloop
   endfacet
   facet normal 0.000000e+000 -1.000000e+000 0.000000e+000
      outer loop
         vertex 8.311123e-003 0.000000e+000 2.811158e+001
         vertex 4.571304e-002 0.000000e+000 2.794133e+001
         vertex 1.794510e+000 0.000000e+000 2.884747e+001
      endloop
   endfacet
   facet normal 0.000000e+000 -1.000000e+000 0.000000e+000
      outer loop
         vertex 1.794510e+000 0.000000e+000 2.884747e+001
         vertex 4.571304e-002 0.000000e+000 2.794133e+001
         vertex 1.121126e-001 0.000000e+000 2.778016e+001
      endloop
   endfacet
   facet normal 0.000000e+000 -1.000000e+000 0.000000e+000
      outer loop
         vertex 1.794510e+000 0.000000e+000 2.884747e+001
         vertex 1.121126e-001 0.000000e+000 2.778016e+001
         vertex 2.054907e-001 0.000000e+000 2.763297e+001
      endloop
   endfacet
   facet normal 0.000000e+000 -1.000000e+000 0.000000e+000
      outer loop
         vertex 5.618979e+000 0.000000e+000 4.580894e+000
         vertex 5.649678e+000 0.000000e+000 7.239455e+000
         vertex 4.146211e+000 0.000000e+000 6.129785e+000
      endloop
   endfacet
   facet normal 0.000000e+000 -1.000000e+000 0.000000e+000
      outer loop
         vertex 4.146211e+000 0.000000e+000 6.129785e+000
         vertex 5.649678e+000 0.000000e+000 7.239455e+000
         vertex 4.997209e+000 0.000000e+000 7.585699e+000
      endloop
   endfacet
   facet normal 0.000000e+000 -1.000000e+000 0.000000e+000
      outer loop
         vertex 4.146211e+000 0.000000e+000 6.129785e+000
         vertex 4.997209e+000 0.000000e+000 7.585699e+000
         vertex 3.785282e+000 0.000000e+000 6.218905e+000
      endloop
   endfacet
   facet normal 0.000000e+000 -1.000000e+000 0.000000e+000
      outer loop
         vertex 3.785282e+000 0.000000e+000 6.218905e+000
         vertex 4.997209e+000 0.000000e+000 7.585699e+000
         vertex 4.295718e+000 0.000000e+000 7.817038e+000
      endloop
   endfacet
   facet normal 0.000000e+000 -1.000000e+000 0.000000e+000
      outer loop
         vertex 3.785282e+000 0.000000e+000 6.218905e+000
         vertex 4.295718e+000 0.000000e+000 7.817038e+000
         vertex 3.414374e+000 0.000000e+000 6.244136e+000
      endloop
   endfacet
   facet normal 0.000000e+000 -1.000000e+000 0.000000e+000
      outer loop
         vertex 3.414374e+000 0.000000e+000 6.244136e+000
         vertex 4.295718e+000 0.000000e+000 7.817038e+000
         vertex 3.565278e+000 0.000000e+000 7.926856e+000
      endloop
   endfacet
   facet normal 0.000000e+000 -1.000000e+000 0.000000e+000
      outer loop
         vertex 3.414374e+000 0.000000e+000 6.244136e+000
         vertex 3.565278e+000 0.000000e+000 7.926856e+000
         vertex 3.044702e+000 0.000000e+000 6.204714e+000
      endloop
   endfacet
   facet normal 0.000000e+000 -1.000000e+000 0.000000e+000
      outer loop
         vertex 3.044702e+000 0.000000e+000 6.204714e+000
         vertex 3.565278e+000 0.000000e+000 7.926856e+000
         vertex 2.826776e+000 0.000000e+000 7.912012e+000
      endloop
   endfacet
   facet normal 0.000000e+000 -1.000000e+000 0.000000e+000
      outer loop
         vertex 3.044702e+000 0.000000e+000 6.204714e+000
         vertex 2.826776e+000 0.000000e+000 7.912012e+000
         vertex 2.687454e+000 0.000000e+000 6.101832e+000
      endloop
   endfacet
   facet normal 0.000000e+000 -1.000000e+000 0.000000e+000
      outer loop
         vertex 2.687454e+000 0.000000e+000 6.101832e+000
         vertex 2.826776e+000 0.000000e+000 7.912012e+000
         vertex 2.101339e+000 0.000000e+000 7.772932e+000
      endloop
   endfacet
   facet normal 0.000000e+000 -1.000000e+000 0.000000e+000
      outer loop
         vertex 2.687454e+000 0.000000e+000 6.101832e+000
         vertex 2.101339e+000 0.000000e+000 7.772932e+000
         vertex 2.353437e+000 0.000000e+000 5.938602e+000
      endloop
   endfacet
   facet normal 0.000000e+000 -1.000000e+000 0.000000e+000
      outer loop
         vertex 2.353437e+000 0.000000e+000 5.938602e+000
         vertex 2.101339e+000 0.000000e+000 7.772932e+000
         vertex 1.409713e+000 0.000000e+000 7.513591e+000
      endloop
   endfacet
   facet normal 0.000000e+000 -1.000000e+000 0.000000e+000
      outer loop
         vertex 2.353437e+000 0.000000e+000 5.938602e+000
         vertex 1.409713e+000 0.000000e+000 7.513591e+000
         vertex 2.052758e+000 0.000000e+000 5.719964e+000
      endloop
   endfacet
   facet normal 0.000000e+000 -1.000000e+000 0.000000e+000
      outer loop
         vertex 2.052758e+000 0.000000e+000 5.719964e+000
         vertex 1.409713e+000 0.000000e+000 7.513591e+000
         vertex 7.716790e-001 0.000000e+000 7.141409e+000
      endloop
   endfacet
   facet normal 0.000000e+000 -1.000000e+000 0.000000e+000
      outer loop
         vertex 2.052758e+000 0.000000e+000 5.719964e+000
         vertex 7.716790e-001 0.000000e+000 7.141409e+000
         vertex 1.794510e+000 0.000000e+000 5.452530e+000
      endloop
   endfacet
   facet normal 0.000000e+000 -1.000000e+000 0.000000e+000
      outer loop
         vertex 1.794510e+000 0.000000e+000 5.452530e+000
         vertex 7.716790e-001 0.000000e+000 7.141409e+000
         vertex 2.054907e-001 0.000000e+000 6.667032e+000
      endloop
   endfacet
   facet normal 0.000000e+000 -1.000000e+000 0.000000e+000
      outer loop
         vertex 3.074101e+001 0.000000e+000 1.018515e+001
         vertex 2.966826e+001 0.000000e+000 8.419369e+000
         vertex 3.828688e+001 0.000000e+000 1.650000e+000
      endloop
   endfacet
   facet normal 0.000000e+000 -1.000000e+000 0.000000e+000
      outer loop
         vertex 3.828688e+001 0.000000e+000 1.650000e+000
         vertex 2.966826e+001 0.000000e+000 8.419369e+000
         vertex 2.836525e+001 0.000000e+000 6.815962e+000
      endloop
   endfacet
   facet normal 0.000000e+000 -1.000000e+000 0.000000e+000
      outer loop
         vertex 3.828688e+001 0.000000e+000 1.650000e+000
         vertex 2.836525e+001 0.000000e+000 6.815962e+000
         vertex 2.685620e+001 0.000000e+000 5.404755e+000
      endloop
   endfacet
   facet normal 0.000000e+000 -1.000000e+000 0.000000e+000
      outer loop
         vertex 2.685620e+001 0.000000e+000 5.404755e+000
         vertex 2.516917e+001 0.000000e+000 4.211988e+000
         vertex 3.828688e+001 0.000000e+000 1.650000e+000
      endloop
   endfacet
   facet normal 0.000000e+000 -1.000000e+000 0.000000e+000
      outer loop
         vertex 3.828688e+001 0.000000e+000 1.650000e+000
         vertex 2.516917e+001 0.000000e+000 4.211988e+000
         vertex 2.333554e+001 0.000000e+000 3.259850e+000
      endloop
   endfacet
   facet normal 0.000000e+000 -1.000000e+000 0.000000e+000
      outer loop
         vertex 3.828688e+001 0.000000e+000 1.650000e+000
         vertex 2.333554e+001 0.000000e+000 3.259850e+000
         vertex 2.138942e+001 0.000000e+000 2.566046e+000
      endloop
   endfacet
   facet normal 0.000000e+000 -1.000000e+000 0.000000e+000
      outer loop
         vertex 6.528689e+001 0.000000e+000 3.365000e+001
         vertex 6.528689e+001 0.000000e+000 1.650000e+000
         vertex 6.628688e+001 0.000000e+000 0.000000e+000
      endloop
   endfacet
   facet normal 0.000000e+000 -1.000000e+000 0.000000e+000
      outer loop
         vertex 6.628688e+001 0.000000e+000 0.000000e+000
         vertex 6.528689e+001 0.000000e+000 1.650000e+000
         vertex 3.828688e+001 0.000000e+000 1.650000e+000
      endloop
   endfacet
   facet normal 0.000000e+000 -1.000000e+000 0.000000e+000
      outer loop
         vertex 6.628688e+001 0.000000e+000 0.000000e+000
         vertex 3.828688e+001 0.000000e+000 1.650000e+000
         vertex 1.728689e+001 0.000000e+000 0.000000e+000
      endloop
   endfacet
   facet normal 0.000000e+000 -1.000000e+000 0.000000e+000
      outer loop
         vertex 1.728689e+001 0.000000e+000 0.000000e+000
         vertex 3.828688e+001 0.000000e+000 1.650000e+000
         vertex 2.138942e+001 0.000000e+000 2.566046e+000
      endloop
   endfacet
   facet normal 0.000000e+000 -1.000000e+000 0.000000e+000
      outer loop
         vertex 2.138942e+001 0.000000e+000 2.566046e+000
         vertex 1.936699e+001 0.000000e+000 2.143481e+000
         vertex 1.728689e+001 0.000000e+000 0.000000e+000
      endloop
   endfacet
   facet normal 0.000000e+000 -1.000000e+000 0.000000e+000
      outer loop
         vertex 1.728689e+001 0.000000e+000 0.000000e+000
         vertex 1.936699e+001 0.000000e+000 2.143481e+000
         vertex 1.730588e+001 0.000000e+000 2.000013e+000
      endloop
   endfacet
   facet normal 0.000000e+000 -1.000000e+000 0.000000e+000
      outer loop
         vertex 1.728689e+001 0.000000e+000 0.000000e+000
         vertex 1.730588e+001 0.000000e+000 2.000013e+000
         vertex 1.515373e+001 0.000000e+000 1.331810e-001
      endloop
   endfacet
   facet normal 0.000000e+000 -1.000000e+000 0.000000e+000
      outer loop
         vertex 1.515373e+001 0.000000e+000 1.331810e-001
         vertex 1.730588e+001 0.000000e+000 2.000013e+000
         vertex 1.524442e+001 0.000000e+000 2.138311e+000
      endloop
   endfacet
   facet normal 0.000000e+000 -1.000000e+000 0.000000e+000
      outer loop
         vertex 1.515373e+001 0.000000e+000 1.331810e-001
         vertex 1.524442e+001 0.000000e+000 2.138311e+000
         vertex 1.305370e+001 0.000000e+000 5.306565e-001
      endloop
   endfacet
   facet normal 0.000000e+000 -1.000000e+000 0.000000e+000
      outer loop
         vertex 1.305370e+001 0.000000e+000 5.306565e-001
         vertex 1.524442e+001 0.000000e+000 2.138311e+000
         vertex 1.322094e+001 0.000000e+000 2.555802e+000
      endloop
   endfacet
   facet normal 0.000000e+000 -1.000000e+000 0.000000e+000
      outer loop
         vertex 1.305370e+001 0.000000e+000 5.306565e-001
         vertex 1.322094e+001 0.000000e+000 2.555802e+000
         vertex 1.101942e+001 0.000000e+000 1.186250e+000
      endloop
   endfacet
   facet normal 0.000000e+000 -1.000000e+000 0.000000e+000
      outer loop
         vertex 1.101942e+001 0.000000e+000 1.186250e+000
         vertex 1.322094e+001 0.000000e+000 2.555802e+000
         vertex 1.127309e+001 0.000000e+000 3.244724e+000
      endloop
   endfacet
   facet normal 0.000000e+000 -1.000000e+000 0.000000e+000
      outer loop
         vertex 1.101942e+001 0.000000e+000 1.186250e+000
         vertex 1.127309e+001 0.000000e+000 3.244724e+000
         vertex 9.082478e+000 0.000000e+000 2.089782e+000
      endloop
   endfacet
   facet normal 0.000000e+000 -1.000000e+000 0.000000e+000
      outer loop
         vertex 9.082478e+000 0.000000e+000 2.089782e+000
         vertex 1.127309e+001 0.000000e+000 3.244724e+000
         vertex 9.437077e+000 0.000000e+000 4.192261e+000
      endloop
   endfacet
   facet normal 0.000000e+000 -1.000000e+000 0.000000e+000
      outer loop
         vertex 9.082478e+000 0.000000e+000 2.089782e+000
         vertex 9.437077e+000 0.000000e+000 4.192261e+000
         vertex 7.272963e+000 0.000000e+000 3.227219e+000
      endloop
   endfacet
   facet normal 0.000000e+000 -1.000000e+000 0.000000e+000
      outer loop
         vertex 7.272963e+000 0.000000e+000 3.227219e+000
         vertex 9.437077e+000 0.000000e+000 4.192261e+000
         vertex 7.747062e+000 0.000000e+000 5.380792e+000
      endloop
   endfacet
   facet normal 0.000000e+000 -1.000000e+000 0.000000e+000
      outer loop
         vertex 7.272963e+000 0.000000e+000 3.227219e+000
         vertex 7.747062e+000 0.000000e+000 5.380792e+000
         vertex 5.618979e+000 0.000000e+000 4.580894e+000
      endloop
   endfacet
   facet normal 0.000000e+000 -1.000000e+000 0.000000e+000
      outer loop
         vertex 5.618979e+000 0.000000e+000 4.580894e+000
         vertex 7.747062e+000 0.000000e+000 5.380792e+000
         vertex 6.234471e+000 0.000000e+000 6.788212e+000
      endloop
   endfacet
   facet normal 0.000000e+000 -1.000000e+000 0.000000e+000
      outer loop
         vertex 5.618979e+000 0.000000e+000 4.580894e+000
         vertex 6.234471e+000 0.000000e+000 6.788212e+000
         vertex 5.649678e+000 0.000000e+000 7.239455e+000
      endloop
   endfacet
   facet normal 0.000000e+000 -1.000000e+000 0.000000e+000
      outer loop
         vertex 1.538906e+000 0.000000e+000 2.908259e+001
         vertex 2.640113e-001 0.000000e+000 2.891721e+001
         vertex 1.676992e+000 0.000000e+000 2.897621e+001
      endloop
   endfacet
   facet normal 0.000000e+000 -1.000000e+000 0.000000e+000
      outer loop
         vertex 1.676992e+000 0.000000e+000 2.897621e+001
         vertex 2.640113e-001 0.000000e+000 2.891721e+001
         vertex 1.576319e-001 0.000000e+000 2.877912e+001
      endloop
   endfacet
   facet normal 0.000000e+000 -1.000000e+000 0.000000e+000
      outer loop
         vertex 1.676992e+000 0.000000e+000 2.897621e+001
         vertex 1.576319e-001 0.000000e+000 2.877912e+001
         vertex 7.685274e-002 0.000000e+000 2.862466e+001
      endloop
   endfacet
   facet normal 0.000000e+000 -1.000000e+000 0.000000e+000
      outer loop
         vertex 1.538906e+000 0.000000e+000 2.908259e+001
         vertex 1.384441e+000 0.000000e+000 2.916337e+001
         vertex 2.640113e-001 0.000000e+000 2.891721e+001
      endloop
   endfacet
   facet normal 0.000000e+000 -1.000000e+000 0.000000e+000
      outer loop
         vertex 2.640113e-001 0.000000e+000 2.891721e+001
         vertex 1.384441e+000 0.000000e+000 2.916337e+001
         vertex 1.218297e+000 0.000000e+000 2.921610e+001
      endloop
   endfacet
   facet normal 0.000000e+000 -1.000000e+000 0.000000e+000
      outer loop
         vertex 2.640113e-001 0.000000e+000 2.891721e+001
         vertex 1.218297e+000 0.000000e+000 2.921610e+001
         vertex 1.045521e+000 0.000000e+000 2.923919e+001
      endloop
   endfacet
   facet normal 0.000000e+000 -1.000000e+000 0.000000e+000
      outer loop
         vertex 1.045521e+000 0.000000e+000 2.923919e+001
         vertex 8.713603e-001 0.000000e+000 2.923191e+001
         vertex 7.011108e-001 0.000000e+000 2.919451e+001
      endloop
   endfacet
   facet normal 0.000000e+000 -1.000000e+000 0.000000e+000
      outer loop
         vertex 7.011108e-001 0.000000e+000 2.919451e+001
         vertex 5.399399e-001 0.000000e+000 2.912811e+001
         vertex 1.045521e+000 0.000000e+000 2.923919e+001
      endloop
   endfacet
   facet normal 0.000000e+000 -1.000000e+000 0.000000e+000
      outer loop
         vertex 1.045521e+000 0.000000e+000 2.923919e+001
         vertex 5.399399e-001 0.000000e+000 2.912811e+001
         vertex 3.927499e-001 0.000000e+000 2.903473e+001
      endloop
   endfacet
   facet normal 0.000000e+000 -1.000000e+000 0.000000e+000
      outer loop
         vertex 1.045521e+000 0.000000e+000 2.923919e+001
         vertex 3.927499e-001 0.000000e+000 2.903473e+001
         vertex 2.640113e-001 0.000000e+000 2.891721e+001
      endloop
   endfacet
   facet normal 0.000000e+000 -1.000000e+000 0.000000e+000
      outer loop
         vertex 2.054907e-001 0.000000e+000 6.667032e+000
         vertex 1.163781e-001 0.000000e+000 6.527978e+000
         vertex 1.794510e+000 0.000000e+000 5.452530e+000
      endloop
   endfacet
   facet normal 0.000000e+000 -1.000000e+000 0.000000e+000
      outer loop
         vertex 1.794510e+000 0.000000e+000 5.452530e+000
         vertex 1.163781e-001 0.000000e+000 6.527978e+000
         vertex 5.136430e-002 0.000000e+000 6.376152e+000
      endloop
   endfacet
   facet normal 0.000000e+000 -1.000000e+000 0.000000e+000
      outer loop
         vertex 1.794510e+000 0.000000e+000 5.452530e+000
         vertex 5.136430e-002 0.000000e+000 6.376152e+000
         vertex 1.223013e-002 0.000000e+000 6.215697e+000
      endloop
   endfacet
   facet normal 0.000000e+000 -1.000000e+000 0.000000e+000
      outer loop
         vertex 5.707517e-002 0.000000e+000 5.726778e+000
         vertex 1.247451e-001 0.000000e+000 5.576120e+000
         vertex 1.794510e+000 0.000000e+000 5.452530e+000
      endloop
   endfacet
   facet normal 0.000000e+000 -1.000000e+000 0.000000e+000
      outer loop
         vertex 1.794510e+000 0.000000e+000 5.452530e+000
         vertex 1.247451e-001 0.000000e+000 5.576120e+000
         vertex 2.162904e-001 0.000000e+000 5.438654e+000
      endloop
   endfacet
   facet normal 0.000000e+000 -1.000000e+000 0.000000e+000
      outer loop
         vertex 1.794510e+000 0.000000e+000 5.452530e+000
         vertex 2.162904e-001 0.000000e+000 5.438654e+000
         vertex 1.683727e+000 0.000000e+000 5.330040e+000
      endloop
   endfacet
   facet normal 0.000000e+000 -1.000000e+000 0.000000e+000
      outer loop
         vertex 3.292151e-001 0.000000e+000 5.318130e+000
         vertex 1.409732e+000 0.000000e+000 5.147574e+000
         vertex 2.162904e-001 0.000000e+000 5.438654e+000
      endloop
   endfacet
   facet normal 0.000000e+000 -1.000000e+000 0.000000e+000
      outer loop
         vertex 2.162904e-001 0.000000e+000 5.438654e+000
         vertex 1.409732e+000 0.000000e+000 5.147574e+000
         vertex 1.554288e+000 0.000000e+000 5.227456e+000
      endloop
   endfacet
   facet normal 0.000000e+000 -1.000000e+000 0.000000e+000
      outer loop
         vertex 2.162904e-001 0.000000e+000 5.438654e+000
         vertex 1.554288e+000 0.000000e+000 5.227456e+000
         vertex 1.683727e+000 0.000000e+000 5.330040e+000
      endloop
   endfacet
   facet normal 0.000000e+000 -1.000000e+000 0.000000e+000
      outer loop
         vertex 3.292151e-001 0.000000e+000 5.318130e+000
         vertex 4.604347e-001 0.000000e+000 5.217838e+000
         vertex 1.409732e+000 0.000000e+000 5.147574e+000
      endloop
   endfacet
   facet normal 0.000000e+000 -1.000000e+000 0.000000e+000
      outer loop
         vertex 1.409732e+000 0.000000e+000 5.147574e+000
         vertex 4.604347e-001 0.000000e+000 5.217838e+000
         vertex 6.063730e-001 0.000000e+000 5.140512e+000
      endloop
   endfacet
   facet normal 0.000000e+000 -1.000000e+000 0.000000e+000
      outer loop
         vertex 1.409732e+000 0.000000e+000 5.147574e+000
         vertex 6.063730e-001 0.000000e+000 5.140512e+000
         vertex 7.630475e-001 0.000000e+000 5.088260e+000
      endloop
   endfacet
   facet normal 0.000000e+000 -1.000000e+000 0.000000e+000
      outer loop
         vertex 7.630475e-001 0.000000e+000 5.088260e+000
         vertex 9.261854e-001 0.000000e+000 5.062510e+000
         vertex 1.409732e+000 0.000000e+000 5.147574e+000
      endloop
   endfacet
   facet normal 0.000000e+000 -1.000000e+000 0.000000e+000
      outer loop
         vertex 1.409732e+000 0.000000e+000 5.147574e+000
         vertex 9.261854e-001 0.000000e+000 5.062510e+000
         vertex 1.091339e+000 0.000000e+000 5.063961e+000
      endloop
   endfacet
   facet normal 0.000000e+000 -1.000000e+000 0.000000e+000
      outer loop
         vertex 1.409732e+000 0.000000e+000 5.147574e+000
         vertex 1.091339e+000 0.000000e+000 5.063961e+000
         vertex 1.254000e+000 0.000000e+000 5.092576e+000
      endloop
   endfacet
   facet normal 0.000000e+000 -1.000000e+000 0.000000e+000
      outer loop
         vertex 1.223013e-002 0.000000e+000 6.215697e+000
         vertex 4.097819e-005 0.000000e+000 6.050989e+000
         vertex 1.794510e+000 0.000000e+000 5.452530e+000
      endloop
   endfacet
   facet normal 0.000000e+000 -1.000000e+000 0.000000e+000
      outer loop
         vertex 1.794510e+000 0.000000e+000 5.452530e+000
         vertex 4.097819e-005 0.000000e+000 6.050989e+000
         vertex 1.512468e-002 0.000000e+000 5.886520e+000
      endloop
   endfacet
   facet normal 0.000000e+000 -1.000000e+000 0.000000e+000
      outer loop
         vertex 1.794510e+000 0.000000e+000 5.452530e+000
         vertex 1.512468e-002 0.000000e+000 5.886520e+000
         vertex 5.707517e-002 0.000000e+000 5.726778e+000
      endloop
   endfacet
   facet normal 0.000000e+000 -1.000000e+000 0.000000e+000
      outer loop
         vertex 6.528689e+001 7.000000e+000 1.650000e+000
         vertex 6.528689e+001 7.000000e+000 3.365000e+001
         vertex 5.528688e+001 7.000000e+000 1.650000e+000
      endloop
   endfacet
   facet normal 0.000000e+000 -1.000000e+000 0.000000e+000
      outer loop
         vertex 5.528688e+001 7.000000e+000 1.650000e+000
         vertex 6.528689e+001 7.000000e+000 3.365000e+001
         vertex 5.528688e+001 7.000000e+000 3.365000e+001
      endloop
   endfacet
   facet normal 0.000000e+000 0.000000e+000 1.000000e+000
      outer loop
         vertex 4.208688e+001 1.100000e+001 1.140000e+001
         vertex 3.828688e+001 1.100000e+001 1.140000e+001
         vertex 4.208688e+001 7.000000e+000 1.140000e+001
      endloop
   endfacet
   facet normal 0.000000e+000 0.000000e+000 1.000000e+000
      outer loop
         vertex 4.208688e+001 7.000000e+000 1.140000e+001
         vertex 3.828688e+001 1.100000e+001 1.140000e+001
         vertex 3.828688e+001 7.000000e+000 1.140000e+001
      endloop
   endfacet
   facet normal 1.000000e+000 0.000000e+000 0.000000e+000
      outer loop
         vertex 4.328688e+001 9.800000e+000 1.020000e+001
         vertex 4.328688e+001 7.000000e+000 1.020000e+001
         vertex 4.328688e+001 9.800000e+000 1.650000e+000
      endloop
   endfacet
   facet normal 1.000000e+000 0.000000e+000 0.000000e+000
      outer loop
         vertex 4.328688e+001 9.800000e+000 1.650000e+000
         vertex 4.328688e+001 7.000000e+000 1.020000e+001
         vertex 4.328688e+001 7.000000e+000 1.650000e+000
      endloop
   endfacet
   facet normal 0.000000e+000 1.000000e+000 0.000000e+000
      outer loop
         vertex 4.208688e+001 1.100000e+001 1.650000e+000
         vertex 3.828688e+001 1.100000e+001 1.650000e+000
         vertex 4.208688e+001 1.100000e+001 1.140000e+001
      endloop
   endfacet
   facet normal 0.000000e+000 1.000000e+000 0.000000e+000
      outer loop
         vertex 4.208688e+001 1.100000e+001 1.140000e+001
         vertex 3.828688e+001 1.100000e+001 1.650000e+000
         vertex 3.828688e+001 1.100000e+001 1.140000e+001
      endloop
   endfacet
   facet normal 0.000000e+000 -1.000000e+000 0.000000e+000
      outer loop
         vertex 4.208688e+001 7.000000e+000 1.140000e+001
         vertex 3.828688e+001 7.000000e+000 1.140000e+001
         vertex 4.328688e+001 7.000000e+000 1.020000e+001
      endloop
   endfacet
   facet normal 0.000000e+000 -1.000000e+000 0.000000e+000
      outer loop
         vertex 4.328688e+001 7.000000e+000 1.020000e+001
         vertex 3.828688e+001 7.000000e+000 1.140000e+001
         vertex 3.828688e+001 7.000000e+000 1.650000e+000
      endloop
   endfacet
   facet normal 0.000000e+000 -1.000000e+000 0.000000e+000
      outer loop
         vertex 4.328688e+001 7.000000e+000 1.020000e+001
         vertex 3.828688e+001 7.000000e+000 1.650000e+000
         vertex 4.328688e+001 7.000000e+000 1.650000e+000
      endloop
   endfacet
   facet normal 7.071068e-001 0.000000e+000 7.071068e-001
      outer loop
         vertex 4.208688e+001 1.100000e+001 1.140000e+001
         vertex 4.208688e+001 7.000000e+000 1.140000e+001
         vertex 4.328688e+001 9.800000e+000 1.020000e+001
      endloop
   endfacet
   facet normal 7.071068e-001 0.000000e+000 7.071068e-001
      outer loop
         vertex 4.328688e+001 9.800000e+000 1.020000e+001
         vertex 4.208688e+001 7.000000e+000 1.140000e+001
         vertex 4.328688e+001 7.000000e+000 1.020000e+001
      endloop
   endfacet
   facet normal 7.071068e-001 7.071068e-001 0.000000e+000
      outer loop
         vertex 4.208688e+001 1.100000e+001 1.140000e+001
         vertex 4.328688e+001 9.800000e+000 1.020000e+001
         vertex 4.208688e+001 1.100000e+001 1.650000e+000
      endloop
   endfacet
   facet normal 7.071068e-001 7.071068e-001 0.000000e+000
      outer loop
         vertex 4.208688e+001 1.100000e+001 1.650000e+000
         vertex 4.328688e+001 9.800000e+000 1.020000e+001
         vertex 4.328688e+001 9.800000e+000 1.650000e+000
      endloop
   endfacet
endsolid