Tempo;Canal A;Canal B
(ms);(V);(mV)

-250,25516748;3,76293230;0,00305185
-250,09132749;3,71807003;0,00305185
-249,92748749;3,76293230;0,00305185
-249,76364749;3,71807003;0,00305185
-249,59980749;3,76293230;0,00305185
-249,43596749;3,71807003;0,00305185
-249,27212749;3,76293230;0,00305185
-249,10828749;3,76293230;0,00305185
-248,94444749;3,76293230;0,00305185
-248,78060749;3,71807003;0,00305185
-248,61676749;3,76293230;0,00305185
-248,45292750;3,76293230;0,00305185
-248,28908750;3,76293230;0,00305185
-248,12524750;3,76293230;0,00305185
-247,96140750;3,76293230;0,00305185
-247,79756750;3,71807003;0,00305185
-247,63372750;3,76293230;0,00305185
-247,46988750;3,71807003;0,00305185
-247,30604750;3,67336035;0,00305185
-247,14220750;3,76293230;0,00305185
-246,97836750;3,76293230;0,00305185
-246,81452751;3,76293230;-0,45167392
-246,65068751;3,71807003;0,00305185
-246,48684751;3,76293230;0,00305185
-246,32300751;3,58378863;0,91097748
-246,15916751;3,76293230;0,00305185
-245,99532751;3,76293230;0,00305185
-245,83148751;3,76293230;0,00305185
-245,66764751;3,71807003;0,00305185
-245,50380751;3,71807003;0,00305185
-245,33996751;3,76293230;0,00305185
-245,17612752;3,76293230;0,00305185
-245,01228752;3,76293230;0,00305185
-244,84844752;3,71807003;0,00305185
-244,68460752;3,76293230;0,00305185
-244,52076752;3,76293230;0,00305185
-244,35692752;3,76293230;0,00305185
-244,19308752;3,76293230;0,00305185
-244,02924752;3,76293230;0,00305185
-243,86540752;3,71807003;0,00305185
-243,70156752;3,76293230;0,00305185
-243,53772753;3,76293230;0,00305185
-243,37388753;3,71807003;0,00305185
-243,21004753;3,71807003;0,00305185
-243,04620753;3,76293230;0,00305185
-242,88236753;3,76293230;0,00305185
-242,71852753;3,76293230;0,00305185
-242,55468753;3,76293230;0,00305185
-242,39084753;3,76293230;0,00305185
-242,22700753;3,76293230;0,00305185
-242,06316753;3,71807003;0,00305185
-241,89932754;3,76293230;0,00305185
-241,73548754;3,80779433;-0,90639967
-241,57164754;3,71807003;0,00305185
-241,40780754;3,71807003;0,00305185
-241,24396754;3,76293230;0,00305185
-241,08012754;3,76293230;0,00305185
-240,91628754;3,76293230;0,00305185
-240,75244754;3,76293230;0,00305185
-240,58860754;3,71807003;0,00305185
-240,42476754;3,76293230;0,00305185
-240,26092755;3,71807003;0,00305185
-240,09708755;3,76293230;0,00305185
-239,93324755;3,76293230;0,00305185
-239,76940755;3,76293230;0,00305185
-239,60556755;3,76293230;0,00305185
-239,44172755;3,76293230;0,00305185
-239,27788755;3,76293230;0,00305185
-239,11404755;3,71807003;0,00305185
-238,95020755;3,76293230;0,00305185
-238,78636755;3,76293230;0,00305185
-238,62252755;3,76293230;0,00305185
-238,45868756;3,76293230;0,00305185
-238,29484756;3,71807003;0,00305185
-238,13100756;3,76293230;0,00305185
-237,96716756;3,76293230;0,00305185
-237,80332756;3,76293230;0,00305185
-237,63948756;3,76293230;0,00305185
-237,47564756;3,71807003;0,00305185
-237,31180756;3,76293230;0,00305185
-237,14796756;3,71807003;0,00305185
-236,98412756;3,76293230;0,00305185
-236,82028757;3,85250401;0,00305185
-236,65644757;3,76293230;0,00305185
-236,49260757;3,71807003;0,00305185
-236,32876757;3,62849808;-0,45167392
-236,16492757;3,76293230;0,00305185
-236,00108757;3,76293230;0,00305185
-235,83724757;3,76293230;0,00305185
-235,67340757;3,76293230;0,00305185
-235,50956757;3,71807003;0,00305185
-235,34572757;3,76293230;0,00305185
-235,18188758;3,76293230;0,00305185
-235,01804758;3,71807003;0,00305185
-234,85420758;3,76293230;0,00305185
-234,69036758;3,76293230;0,00305185
-234,52652758;3,76293230;0,00305185
-234,36268758;3,71807003;0,00305185
-234,19884758;3,71807003;0,00305185
-234,03500758;3,76293230;0,00305185
-233,87116758;3,71807003;0,00305185
-233,70732758;3,76293230;0,00305185
-233,54348759;3,71807003;0,00305185
-233,37964759;3,71807003;0,00305185
-233,21580759;3,71807003;0,00305185
-233,05196759;3,76293230;0,00305185
-232,88812759;3,76293230;0,00305185
-232,72428759;3,71807003;0,00305185
-232,56044759;3,76293230;0,00305185
-232,39660759;3,71807003;0,00305185
-232,23276759;3,71807003;0,00305185
-232,06892759;3,76293230;0,00305185
-231,90508760;3,71807003;0,00305185
-231,74124760;3,67336035;0,00305185
-231,57740760;3,76293230;0,00305185
-231,41356760;3,76293230;0,00305185
-231,24972760;3,76293230;0,00305185
-231,08588760;3,76293230;0,00305185
-230,92204760;3,76293230;0,00305185
-230,75820760;3,71807003;0,00305185
-230,59436760;3,76293230;0,00305185
-230,43052760;3,76293230;0,00305185
-230,26668761;3,71807003;0,00305185
-230,10284761;3,76293230;0,00305185
-229,93900761;3,76293230;0,00305185
-229,77516761;3,71807003;0,00305185
-229,61132761;3,71807003;0,00305185
-229,44748761;3,76293230;-0,45167392
-229,28364761;3,71807003;0,00305185
-229,11980761;3,76293230;0,00305185
-228,95596761;3,76293230;0,00305185
-228,79212761;3,76293230;0,00305185
-228,62828762;3,76293230;0,00305185
-228,46444762;3,76293230;0,00305185
-228,30060762;3,71807003;0,00305185
-228,13676762;3,71807003;0,00305185
-227,97292762;3,76293230;0,00305185
-227,80908762;3,71807003;0,00305185
-227,64524762;3,76293230;0,00305185
-227,48140762;3,76293230;0,00305185
-227,31756762;3,76293230;0,00305185
-227,15372762;3,76293230;0,00305185
-226,98988763;3,62849808;0,00305185
-226,82604763;3,76293230;0,00305185
-226,66220763;3,76293230;0,00305185
-226,49836763;3,76293230;0,00305185
-226,33452763;3,71807003;0,00305185
-226,17068763;3,71807003;0,00305185
-226,00684763;3,76293230;0,00305185
-225,84300763;3,76293230;0,00305185
-225,67916763;3,76293230;0,00305185
-225,51532763;3,76293230;0,00305185
-225,35148764;3,76293230;0,00305185
-225,18764764;3,76293230;0,00305185
-225,02380764;3,76293230;0,00305185
-224,85996764;3,76293230;0,00305185
-224,69612764;3,76293230;0,00305185
-224,53228764;3,71807003;0,00305185
-224,36844764;3,71807003;0,00305185
-224,20460764;3,71807003;0,00305185
-224,04076764;3,71807003;0,00305185
-223,87692764;3,76293230;0,00305185
-223,71308765;3,76293230;0,00305185
-223,54924765;3,76293230;0,00305185
-223,38540765;3,71807003;0,00305185
-223,22156765;3,76293230;0,00305185
-223,05772765;3,71807003;0,00305185
-222,89388765;3,71807003;0,00305185
-222,73004765;3,76293230;0,00305185
-222,56620765;3,71807003;-0,45167392
-222,40236765;3,76293230;0,00305185
-222,23852765;3,71807003;0,00305185
-222,07468766;3,76293230;0,00305185
-221,91084766;3,71807003;0,00305185
-221,74700766;3,76293230;0,00305185
-221,58316766;3,71807003;0,00305185
-221,41932766;3,76293230;0,00305185
-221,25548766;3,62849808;-0,45167392
-221,09164766;3,71807003;0,00305185
-220,92780766;3,71807003;0,00305185
-220,76396766;3,76293230;0,00305185
-220,60012766;3,76293230;0,00305185
-220,43628767;3,76293230;-0,45167392
-220,27244767;3,76293230;0,00305185
-220,10860767;3,71807003;0,00305185
-219,94476767;3,71807003;0,00305185
-219,78092767;3,71807003;0,00305185
-219,61708767;3,76293230;0,00305185
-219,45324767;3,76293230;0,00305185
-219,28940767;3,76293230;0,00305185
-219,12556767;3,71807003;0,00305185
-218,96172767;3,76293230;0,00305185
-218,79788768;3,76293230;0,00305185
-218,63404768;3,71807003;0,00305185
-218,47020768;3,76293230;0,00305185
-218,30636768;3,71807003;0,00305185
-218,14252768;3,76293230;0,00305185
-217,97868768;3,76293230;0,00305185
-217,81484768;3,76293230;0,00305185
-217,65100768;3,76293230;0,00305185
-217,48716768;3,71807003;0,00305185
-217,32332768;3,67336035;0,00305185
-217,15948769;3,76293230;-0,45167392
-216,99564769;3,76293230;0,00305185
-216,83180769;3,76293230;-0,45167392
-216,66796769;3,71807003;0,00305185
-216,50412769;3,76293230;0,00305185
-216,34028769;3,85250401;-0,45167392
-216,17644769;3,71807003;0,00305185
-216,01260769;3,76293230;0,00305185
-215,84876769;3,76293230;0,00305185
-215,68492769;3,67336035;0,00305185
-215,52108770;3,76293230;-0,45167392
-215,35724770;3,76293230;0,00305185
-215,19340770;3,76293230;0,00305185
-215,02956770;3,76293230;0,00305185
-214,86572770;3,71807003;0,00305185
-214,70188770;3,71807003;0,00305185
-214,53804770;3,76293230;0,00305185
-214,37420770;3,76293230;-0,45167392
-214,21036770;3,76293230;0,00305185
-214,04652770;3,71807003;-0,45167392
-213,88268771;3,76293230;0,00305185
-213,71884771;3,71807003;0,00305185
-213,55500771;3,71807003;-0,45167392
-213,39116771;3,76293230;0,00305185
-213,22732771;3,76293230;-0,45167392
-213,06348771;3,71807003;0,00305185
-212,89964771;3,71807003;0,00305185
-212,73580771;3,76293230;0,00305185
-212,57196771;3,76293230;0,00305185
-212,40812771;3,71807003;0,00305185
-212,24428772;3,67336035;0,00305185
-212,08044772;3,71807003;-0,45167392
-211,91660772;3,71807003;-0,45167392
-211,75276772;3,62849808;-0,45167392
-211,58892772;3,76293230;0,00305185
-211,42508772;3,76293230;0,00305185
-211,26124772;3,71807003;0,00305185
-211,09740772;3,71807003;0,00305185
-210,93356772;3,76293230;-0,45167392
-210,76972772;3,76293230;0,00305185
-210,60588773;3,71807003;0,00305185
-210,44204773;3,71807003;0,00305185
-210,27820773;3,71807003;0,00305185
-210,11436773;3,71807003;0,00305185
-209,95052773;3,76293230;0,00305185
-209,78668773;3,71807003;-0,45167392
-209,62284773;3,76293230;0,00305185
-209,45900773;3,71807003;0,00305185
-209,29516773;3,71807003;-0,45167392
-209,13132773;3,76293230;0,00305185
-208,96748774;3,76293230;0,00305185
-208,80364774;3,76293230;0,00305185
-208,63980774;3,71807003;0,00305185
-208,47596774;3,76293230;0,00305185
-208,31212774;3,76293230;0,00305185
-208,14828774;3,76293230;0,00305185
-207,98444774;3,76293230;0,00305185
-207,82060774;3,76293230;0,00305185
-207,65676774;3,76293230;-0,45167392
-207,49292774;3,76293230;-0,45167392
-207,32908775;3,76293230;-0,45167392
-207,16524775;3,71807003;0,00305185
-207,00140775;3,76293230;0,00305185
-206,83756775;3,67336035;0,00305185
-206,67372775;3,76293230;0,00305185
-206,50988775;3,76293230;0,00305185
-206,34604775;3,80779433;0,00305185
-206,18220775;3,71807003;0,00305185
-206,01836775;3,76293230;0,00305185
-205,85452775;3,76293230;0,00305185
-205,69068776;3,76293230;0,00305185
-205,52684776;3,76293230;0,00305185
-205,36300776;3,76293230;0,00305185
-205,19916776;3,76293230;0,00305185
-205,03532776;3,71807003;0,00305185
-204,87148776;3,76293230;-0,45167392
-204,70764776;3,71807003;0,00305185
-204,54380776;3,71807003;0,00305185
-204,37996776;3,76293230;0,00305185
-204,21612776;3,76293230;0,00305185
-204,05228777;3,76293230;0,00305185
-203,88844777;3,76293230;0,00305185
-203,72460777;3,67336035;-0,45167392
-203,56076777;3,76293230;-0,45167392
-203,39692777;3,76293230;-0,45167392
-203,23308777;3,76293230;0,00305185
-203,06924777;3,76293230;-0,45167392
-202,90540777;3,71807003;0,00305185
-202,74156777;3,71807003;-0,45167392
-202,57772777;3,76293230;0,00305185
-202,41388778;3,76293230;-0,45167392
-202,25004778;3,58378863;0,00305185
-202,08620778;3,76293230;0,00305185
-201,92236778;3,76293230;0,00305185
-201,75852778;3,80779433;-0,45167392
-201,59468778;3,76293230;0,00305185
-201,43084778;3,71807003;0,00305185
-201,26700778;3,71807003;-0,45167392
-201,10316778;3,76293230;-0,45167392
-200,93932778;3,71807003;0,00305185
-200,77548778;3,67336035;0,00305185
-200,61164779;3,71807003;0,00305185
-200,44780779;3,76293230;0,00305185
-200,28396779;3,71807003;0,00305185
-200,12012779;3,76293230;-0,45167392
-199,95628779;3,71807003;-0,45167392
-199,79244779;3,76293230;-0,45167392
-199,62860779;3,71807003;-0,45167392
-199,46476779;3,71807003;-0,45167392
-199,30092779;3,76293230;0,00305185
-199,13708779;3,76293230;-0,45167392
-198,97324780;3,71807003;0,00305185
-198,80940780;3,76293230;0,00305185
-198,64556780;3,76293230;-0,45167392
-198,48172780;3,76293230;0,00305185
-198,31788780;3,67336035;0,00305185
-198,15404780;3,71807003;0,00305185
-197,99020780;3,71807003;-0,45167392
-197,82636780;3,67336035;-0,45167392
-197,66252780;3,76293230;0,00305185
-197,49868780;3,76293230;0,00305185
-197,33484781;3,67336035;-0,45167392
-197,17100781;3,76293230;-0,45167392
-197,00716781;3,76293230;-0,45167392
-196,84332781;3,76293230;-0,45167392
-196,67948781;3,71807003;0,00305185
-196,51564781;3,76293230;-0,45167392
-196,35180781;3,58378863;0,91097748
-196,18796781;3,71807003;-0,45167392
-196,02412781;3,71807003;0,00305185
-195,86028781;3,76293230;-0,45167392
-195,69644782;3,76293230;-0,45167392
-195,53260782;3,76293230;-0,45167392
-195,36876782;3,76293230;0,00305185
-195,20492782;3,71807003;-0,45167392
-195,04108782;3,76293230;-0,45167392
-194,87724782;3,76293230;0,00305185
-194,71340782;3,76293230;0,00305185
-194,54956782;3,76293230;-0,45167392
-194,38572782;3,71807003;0,00305185
-194,22188782;3,76293230;-0,45167392
-194,05804783;3,76293230;-0,45167392
-193,89420783;3,76293230;-0,45167392
-193,73036783;3,76293230;0,00305185
-193,56652783;3,76293230;-0,45167392
-193,40268783;3,76293230;0,00305185
-193,23884783;3,76293230;0,00305185
-193,07500783;3,76293230;0,00305185
-192,91116783;3,71807003;0,00305185
-192,74732783;3,76293230;-0,45167392
-192,58348783;3,71807003;0,00305185
-192,41964784;3,76293230;0,00305185
-192,25580784;3,76293230;0,00305185
-192,09196784;3,71807003;-0,45167392
-191,92812784;3,76293230;0,00305185
-191,76428784;3,62849808;-0,90639967
-191,60044784;3,76293230;0,00305185
-191,43660784;3,76293230;0,00305185
-191,27276784;3,76293230;-0,45167392
-191,10892784;3,76293230;-0,45167392
-190,94508784;3,71807003;0,00305185
-190,78124785;3,76293230;0,00305185
-190,61740785;3,76293230;0,00305185
-190,45356785;3,76293230;-0,45167392
-190,28972785;3,71807003;-0,45167392
-190,12588785;3,71807003;0,00305185
-189,96204785;3,76293230;-0,45167392
-189,79820785;3,76293230;-0,45167392
-189,63436785;3,76293230;-0,45167392
-189,47052785;3,76293230;-0,45167392
-189,30668785;3,76293230;-0,45167392
-189,14284786;3,76293230;0,00305185
-188,97900786;3,76293230;0,00305185
-188,81516786;3,71807003;-0,45167392
-188,65132786;3,76293230;0,00305185
-188,48748786;3,76293230;0,00305185
-188,32364786;3,76293230;-0,45167392
-188,15980786;3,76293230;0,00305185
-187,99596786;3,71807003;-0,45167392
-187,83212786;3,71807003;0,00305185
-187,66828786;3,71807003;0,00305185
-187,50444787;3,76293230;-0,45167392
-187,34060787;3,76293230;-0,45167392
-187,17676787;3,71807003;-0,45167392
-187,01292787;3,76293230;-0,45167392
-186,84908787;3,67336035;0,00305185
-186,68524787;3,71807003;-0,45167392
-186,52140787;3,76293230;0,00305185
-186,35756787;3,80779433;0,00305185
-186,19372787;3,67336035;-0,45167392
-186,02988787;3,71807003;-0,45167392
-185,86604788;3,76293230;0,00305185
-185,70220788;3,76293230;-0,45167392
-185,53836788;3,76293230;-0,45167392
-185,37452788;3,76293230;-0,45167392
-185,21068788;3,76293230;-0,45167392
-185,04684788;3,76293230;-0,45167392
-184,88300788;3,76293230;0,00305185
-184,71916788;3,76293230;0,00305185
-184,55532788;3,76293230;-0,45167392
-184,39148788;3,76293230;-0,45167392
-184,22764789;3,76293230;-0,45167392
-184,06380789;3,76293230;-0,45167392
-183,89996789;3,76293230;-0,45167392
-183,73612789;3,71807003;0,00305185
-183,57228789;3,71807003;-0,45167392
-183,40844789;3,76293230;-0,45167392
-183,24460789;3,71807003;-0,45167392
-183,08076789;3,71807003;0,00305185
-182,91692789;3,71807003;0,00305185
-182,75308789;3,76293230;-0,45167392
-182,58924790;3,76293230;-0,45167392
-182,42540790;3,71807003;-0,45167392
-182,26156790;3,71807003;0,00305185
-182,09772790;3,76293230;-0,45167392
-181,93388790;3,76293230;-0,45167392
-181,77004790;3,58378863;-0,45167392
-181,60620790;3,76293230;-0,45167392
-181,44236790;3,76293230;-0,45167392
-181,27852790;3,76293230;0,00305185
-181,11468790;3,71807003;-0,45167392
-180,95084791;3,76293230;-0,45167392
-180,78700791;3,76293230;0,00305185
-180,62316791;3,76293230;0,00305185
-180,45932791;3,76293230;-0,45167392
-180,29548791;3,76293230;0,00305185
-180,13164791;3,76293230;-0,45167392
-179,96780791;3,76293230;0,00305185
-179,80396791;3,76293230;-0,45167392
-179,64012791;3,76293230;0,00305185
-179,47628791;3,76293230;-0,45167392
-179,31244792;3,76293230;-0,45167392
-179,14860792;3,76293230;-0,45167392
-178,98476792;3,76293230;0,00305185
-178,82092792;3,76293230;0,00305185
-178,65708792;3,76293230;0,00305185
-178,49324792;3,76293230;0,00305185
-178,32940792;3,71807003;-0,45167392
-178,16556792;3,76293230;0,00305185
-178,00172792;3,76293230;0,00305185
-177,83788792;3,76293230;0,00305185
-177,67404793;3,76293230;-0,90639967
-177,51020793;3,71807003;-0,45167392
-177,34636793;3,76293230;-0,45167392
-177,18252793;3,76293230;0,00305185
-177,01868793;3,71807003;0,00305185
-176,85484793;3,67336035;0,00305185
-176,69100793;3,76293230;0,00305185
-176,52716793;3,76293230;0,00305185
-176,36332793;3,62849808;-0,45167392
-176,19948793;3,76293230;0,00305185
-176,03564794;3,76293230;-0,45167392
-175,87180794;3,76293230;0,00305185
-175,70796794;3,76293230;-0,45167392
-175,54412794;3,76293230;0,00305185
-175,38028794;3,76293230;0,00305185
-175,21644794;3,76293230;0,00305185
-175,05260794;3,76293230;-0,45167392
-174,88876794;3,76293230;0,00305185
-174,72492794;3,76293230;0,00305185
-174,56108794;3,76293230;0,00305185
-174,39724795;3,76293230;-0,45167392
-174,23340795;3,67336035;0,00305185
-174,06956795;3,76293230;0,00305185
-173,90572795;3,71807003;0,00305185
-173,74188795;3,76293230;0,00305185
-173,57804795;3,76293230;0,00305185
-173,41420795;3,76293230;-0,45167392
-173,25036795;3,76293230;0,00305185
-173,08652795;3,76293230;0,00305185
-172,92268795;3,71807003;-0,45167392
-172,75884796;3,76293230;0,00305185
-172,59500796;3,71807003;0,00305185
-172,43116796;3,71807003;0,00305185
-172,26732796;3,71807003;0,00305185
-172,10348796;3,71807003;0,00305185
-171,93964796;3,76293230;0,00305185
-171,77580796;3,76293230;0,00305185
-171,61196796;3,76293230;0,00305185
-171,44812796;3,76293230;0,00305185
-171,28428796;3,76293230;0,00305185
-171,12044797;3,76293230;0,00305185
-170,95660797;3,76293230;0,00305185
-170,79276797;3,76293230;0,00305185
-170,62892797;3,76293230;0,00305185
-170,46508797;3,76293230;0,00305185
-170,30124797;3,71807003;-0,45167392
-170,13740797;3,76293230;0,00305185
-169,97356797;3,76293230;0,00305185
-169,80972797;3,71807003;0,00305185
-169,64588797;3,76293230;0,00305185
-169,48204798;3,76293230;-0,45167392
-169,31820798;3,71807003;0,00305185
-169,15436798;3,71807003;0,00305185
-168,99052798;3,76293230;0,00305185
-168,82668798;3,76293230;0,00305185
-168,66284798;3,76293230;0,00305185
-168,49900798;3,76293230;0,00305185
-168,33516798;3,71807003;-0,45167392
-168,17132798;3,67336035;-0,45167392
-168,00748798;3,76293230;-0,45167392
-167,84364799;3,76293230;0,00305185
-167,67980799;3,76293230;-0,45167392
-167,51596799;3,76293230;0,00305185
-167,35212799;3,76293230;0,00305185
-167,18828799;3,76293230;-0,45167392
-167,02444799;3,76293230;-0,45167392
-166,86060799;3,71807003;0,00305185
-166,69676799;3,76293230;0,00305185
-166,53292799;3,76293230;-0,45167392
-166,36908799;3,58378863;-0,45167392
-166,20524800;3,71807003;0,00305185
-166,04140800;3,76293230;0,00305185
-165,87756800;3,76293230;0,00305185
-165,71372800;3,76293230;0,00305185
-165,54988800;3,76293230;0,00305185
-165,38604800;3,76293230;0,00305185
-165,22220800;3,71807003;0,00305185
-165,05836800;3,71807003;-0,45167392
-164,89452800;3,76293230;-0,45167392
-164,73068800;3,76293230;0,00305185
-164,56684801;3,71807003;-0,45167392
-164,40300801;3,76293230;-0,45167392
-164,23916801;3,76293230;-0,45167392
-164,07532801;3,76293230;0,00305185
-163,91148801;3,76293230;0,00305185
-163,74764801;3,76293230;0,00305185
-163,58380801;3,71807003;0,00305185
-163,41996801;3,76293230;0,00305185
-163,25612801;3,67336035;0,00305185
-163,09228801;3,76293230;0,00305185
-162,92844802;3,76293230;0,00305185
-162,76460802;3,80779433;-0,45167392
-162,60076802;3,76293230;0,00305185
-162,43692802;3,76293230;0,00305185
-162,27308802;3,85250401;-0,90639967
-162,10924802;3,76293230;-0,45167392
-161,94540802;3,76293230;0,00305185
-161,78156802;3,76293230;0,00305185
-161,61772802;3,76293230;-0,45167392
-161,45388802;3,76293230;0,00305185
-161,29004802;3,76293230;0,00305185
-161,12620803;3,76293230;0,00305185
-160,96236803;3,76293230;0,00305185
-160,79852803;3,76293230;0,00305185
-160,63468803;3,76293230;0,00305185
-160,47084803;3,71807003;-0,45167392
-160,30700803;3,71807003;-0,45167392
-160,14316803;3,76293230;0,00305185
-159,97932803;3,71807003;0,00305185
-159,81548803;3,76293230;0,00305185
-159,65164803;3,76293230;0,00305185
-159,48780804;3,76293230;0,00305185
-159,32396804;3,76293230;0,00305185
-159,16012804;3,71807003;0,00305185
-158,99628804;3,76293230;0,00305185
-158,83244804;3,76293230;0,00305185
-158,66860804;3,71807003;0,00305185
-158,50476804;3,76293230;0,00305185
-158,34092804;3,76293230;0,00305185
-158,17708804;3,76293230;0,00305185
-158,01324804;3,71807003;0,00305185
-157,84940805;3,76293230;-0,45167392
-157,68556805;3,76293230;0,00305185
-157,52172805;3,76293230;0,00305185
-157,35788805;3,67336035;0,00305185
-157,19404805;3,85250401;-0,45167392
-157,03020805;3,71807003;0,00305185
-156,86636805;3,76293230;-0,45167392
-156,70252805;3,71807003;0,00305185
-156,53868805;3,76293230;0,00305185
-156,37484805;3,76293230;0,00305185
-156,21100806;3,76293230;0,00305185
-156,04716806;3,76293230;0,00305185
-155,88332806;3,76293230;0,00305185
-155,71948806;3,76293230;0,00305185
-155,55564806;3,71807003;0,00305185
-155,39180806;3,76293230;0,00305185
-155,22796806;3,76293230;0,00305185
-155,06412806;3,76293230;0,00305185
-154,90028806;3,76293230;0,00305185
-154,73644806;3,67336035;0,00305185
-154,57260807;3,76293230;0,00305185
-154,40876807;3,71807003;0,00305185
-154,24492807;3,76293230;0,00305185
-154,08108807;3,76293230;0,00305185
-153,91724807;3,76293230;0,00305185
-153,75340807;3,76293230;0,00305185
-153,58956807;3,76293230;0,00305185
-153,42572807;3,76293230;0,00305185
-153,26188807;3,76293230;0,00305185
-153,09804807;3,76293230;0,00305185
-152,93420808;3,76293230;0,00305185
-152,77036808;3,58378863;0,00305185
-152,60652808;3,76293230;0,91097748
-152,44268808;3,71807003;0,00305185
-152,27884808;3,80779433;0,45625171
-152,11500808;3,76293230;0,00305185
-151,95116808;3,71807003;0,00305185
-151,78732808;3,76293230;0,00305185
-151,62348808;3,76293230;0,00305185
-151,45964808;3,76293230;0,00305185
-151,29580809;3,71807003;0,00305185
-151,13196809;3,76293230;0,00305185
-150,96812809;3,71807003;0,00305185
-150,80428809;3,76293230;0,00305185
-150,64044809;3,71807003;-0,45167392
-150,47660809;3,71807003;0,00305185
-150,31276809;3,76293230;0,00305185
-150,14892809;3,76293230;0,00305185
-149,98508809;3,76293230;0,00305185
-149,82124809;3,71807003;0,00305185
-149,65740810;3,76293230;0,00305185
-149,49356810;3,71807003;0,00305185
-149,32972810;3,76293230;0,00305185
-149,16588810;3,71807003;0,00305185
-149,00204810;3,71807003;0,00305185
-148,83820810;3,67336035;0,00305185
-148,67436810;3,71807003;-0,45167392
-148,51052810;3,71807003;0,00305185
-148,34668810;3,71807003;0,00305185
-148,18284810;3,71807003;-0,45167392
-148,01900811;3,71807003;0,00305185
-147,85516811;3,71807003;-0,45167392
-147,69132811;3,67336035;0,00305185
-147,52748811;3,71807003;0,00305185
-147,36364811;3,76293230;-0,45167392
-147,19980811;3,76293230;0,00305185
-147,03596811;3,76293230;0,00305185
-146,87212811;3,76293230;1,36570334
-146,70828811;3,76293230;0,00305185
-146,54444811;3,76293230;0,00305185
-146,38060812;3,76293230;0,00305185
-146,21676812;3,76293230;0,00305185
-146,05292812;3,76293230;0,00305185
-145,88908812;3,76293230;0,00305185
-145,72524812;3,76293230;0,00305185
-145,56140812;3,76293230;0,00305185
-145,39756812;3,76293230;0,00305185
-145,23372812;3,76293230;0,00305185
-145,06988812;3,76293230;0,00305185
-144,90604812;3,71807003;0,00305185
-144,74220813;3,71807003;-0,45167392
-144,57836813;3,71807003;0,00305185
-144,41452813;3,76293230;0,00305185
-144,25068813;3,76293230;0,00305185
-144,08684813;3,76293230;0,00305185
-143,92300813;3,76293230;0,00305185
-143,75916813;3,76293230;0,00305185
-143,59532813;3,71807003;0,00305185
-143,43148813;3,71807003;0,00305185
-143,26764813;3,76293230;0,00305185
-143,10380814;3,76293230;0,00305185
-142,93996814;3,76293230;0,00305185
-142,77612814;3,76293230;-0,45167392
-142,61228814;3,76293230;0,00305185
-142,44844814;3,76293230;0,00305185
-142,28460814;3,67336035;-0,45167392
-142,12076814;3,76293230;0,00305185
-141,95692814;3,76293230;0,00305185
-141,79308814;3,76293230;0,00305185
-141,62924814;3,76293230;0,00305185
-141,46540815;3,76293230;0,00305185
-141,30156815;3,71807003;0,00305185
-141,13772815;3,76293230;0,00305185
-140,97388815;3,76293230;0,00305185
-140,81004815;3,71807003;0,00305185
-140,64620815;3,71807003;0,00305185
-140,48236815;3,76293230;0,00305185
-140,31852815;3,76293230;0,00305185
-140,15468815;3,76293230;0,00305185
-139,99084815;3,76293230;0,00305185
-139,82700816;3,76293230;0,00305185
-139,66316816;3,76293230;0,00305185
-139,49932816;3,76293230;0,00305185
-139,33548816;3,71807003;0,00305185
-139,17164816;3,76293230;0,00305185
-139,00780816;3,76293230;0,00305185
-138,84396816;3,76293230;0,00305185
-138,68012816;3,76293230;0,00305185
-138,51628816;3,76293230;0,00305185
-138,35244816;3,76293230;0,00305185
-138,18860817;3,76293230;0,00305185
-138,02476817;3,71807003;0,00305185
-137,86092817;3,76293230;0,00305185
-137,69708817;3,76293230;0,00305185
-137,53324817;3,76293230;0,00305185
-137,36940817;3,85250401;0,00305185
-137,20556817;3,67336035;-0,45167392
-137,04172817;3,76293230;0,00305185
-136,87788817;3,62849808;-0,90639967
-136,71404817;3,76293230;0,00305185
-136,55020818;3,71807003;0,00305185
-136,38636818;3,76293230;0,00305185
-136,22252818;3,71807003;0,00305185
-136,05868818;3,71807003;0,00305185
-135,89484818;3,76293230;0,00305185
-135,73100818;3,76293230;0,00305185
-135,56716818;3,71807003;0,00305185
-135,40332818;3,76293230;-0,45167392
-135,23948818;3,71807003;0,00305185
-135,07564818;3,71807003;0,00305185
-134,91180819;3,76293230;0,00305185
-134,74796819;3,76293230;0,00305185
-134,58412819;3,71807003;0,00305185
-134,42028819;3,71807003;0,00305185
-134,25644819;3,76293230;0,00305185
-134,09260819;3,76293230;-0,45167392
-133,92876819;3,76293230;0,00305185
-133,76492819;3,76293230;-0,45167392
-133,60108819;3,76293230;0,00305185
-133,43724819;3,76293230;0,00305185
-133,27340820;3,76293230;-0,45167392
-133,10956820;3,76293230;0,00305185
-132,94572820;3,76293230;-0,45167392
-132,78188820;3,62849808;0,00305185
-132,61804820;3,76293230;-0,45167392
-132,45420820;3,76293230;-0,45167392
-132,29036820;3,67336035;-0,90639967
-132,12652820;3,76293230;-0,45167392
-131,96268820;3,76293230;-0,45167392
-131,79884820;3,71807003;-0,45167392
-131,63500821;3,76293230;-0,45167392
-131,47116821;3,76293230;-0,45167392
-131,30732821;3,76293230;-0,45167392
-131,14348821;3,76293230;-0,45167392
-130,97964821;3,76293230;-0,45167392
-130,81580821;3,76293230;-0,45167392
-130,65196821;3,76293230;-0,45167392
-130,48812821;3,71807003;-0,45167392
-130,32428821;3,76293230;-0,45167392
-130,16044821;3,76293230;-0,45167392
-129,99660822;3,76293230;-0,45167392
-129,83276822;3,76293230;-0,45167392
-129,66892822;3,71807003;-0,45167392
-129,50508822;3,76293230;-0,45167392
-129,34124822;3,71807003;-0,45167392
-129,17740822;3,76293230;-0,45167392
-129,01356822;3,76293230;-0,45167392
-128,84972822;3,76293230;-0,45167392
-128,68588822;3,71807003;-0,45167392
-128,52204822;3,76293230;-0,45167392
-128,35820823;3,67336035;-0,45167392
-128,19436823;3,71807003;-0,45167392
-128,03052823;3,76293230;-0,45167392
-127,86668823;3,71807003;-0,45167392
-127,70284823;3,71807003;-0,45167392
-127,53900823;3,76293230;-0,45167392
-127,37516823;3,76293230;-0,45167392
-127,21132823;3,76293230;-0,45167392
-127,04748823;3,76293230;0,00305185
-126,88364823;3,80779433;-0,90639967
-126,71980824;3,76293230;-0,45167392
-126,55596824;3,71807003;-0,45167392
-126,39212824;3,76293230;0,00305185
-126,22828824;3,76293230;0,00305185
-126,06444824;3,76293230;-0,45167392
-125,90060824;3,71807003;-0,45167392
-125,73676824;3,76293230;0,00305185
-125,57292824;3,76293230;0,00305185
-125,40908824;3,76293230;-0,45167392
-125,24524824;3,76293230;0,00305185
-125,08140825;3,76293230;-0,45167392
-124,91756825;3,71807003;0,00305185
-124,75372825;3,76293230;-0,45167392
-124,58988825;3,76293230;0,00305185
-124,42604825;3,71807003;0,00305185
-124,26220825;3,76293230;0,00305185
-124,09836825;3,76293230;-0,45167392
-123,93452825;3,71807003;0,00305185
-123,77068825;3,76293230;0,00305185
-123,60684825;3,76293230;0,00305185
-123,44300825;3,71807003;-0,45167392
-123,27916826;3,76293230;-0,45167392
-123,11532826;3,76293230;0,00305185
-122,95148826;3,76293230;0,00305185
-122,78764826;3,76293230;-0,45167392
-122,62380826;3,71807003;0,00305185
-122,45996826;3,76293230;0,00305185
-122,29612826;3,76293230;-0,45167392
-122,13228826;3,76293230;0,00305185
-121,96844826;3,76293230;0,00305185
-121,80460826;3,71807003;0,00305185
-121,64076827;3,76293230;0,00305185
-121,47692827;3,76293230;0,00305185
-121,31308827;3,76293230;0,00305185
-121,14924827;3,76293230;0,00305185
-120,98540827;3,76293230;0,00305185
-120,82156827;3,76293230;0,00305185
-120,65772827;3,76293230;0,00305185
-120,49388827;3,76293230;0,00305185
-120,33004827;3,76293230;0,00305185
-120,16620827;3,76293230;0,00305185
-120,00236828;3,71807003;0,00305185
-119,83852828;3,71807003;0,00305185
-119,67468828;3,76293230;0,00305185
-119,51084828;3,76293230;0,00305185
-119,34700828;3,76293230;0,00305185
-119,18316828;3,76293230;0,00305185
-119,01932828;3,76293230;0,00305185
-118,85548828;3,76293230;0,00305185
-118,69164828;3,71807003;0,00305185
-118,52780828;3,76293230;0,00305185
-118,36396829;3,67336035;-0,45167392
-118,20012829;3,71807003;0,00305185
-118,03628829;3,76293230;0,00305185
-117,87244829;3,76293230;0,00305185
-117,70860829;3,67336035;0,00305185
-117,54476829;3,76293230;0,00305185
-117,38092829;3,71807003;0,00305185
-117,21708829;3,76293230;0,00305185
-117,05324829;3,76293230;0,00305185
-116,88940829;3,67336035;0,00305185
-116,72556830;3,76293230;0,00305185
-116,56172830;3,76293230;0,00305185
-116,39788830;3,85250401;0,00305185
-116,23404830;3,76293230;0,00305185
-116,07020830;3,76293230;0,00305185
-115,90636830;3,76293230;0,00305185
-115,74252830;3,71807003;0,00305185
-115,57868830;3,76293230;0,00305185
-115,41484830;3,71807003;0,00305185
-115,25100830;3,76293230;0,00305185
-115,08716831;3,76293230;0,00305185
-114,92332831;3,76293230;0,00305185
-114,75948831;3,76293230;0,00305185
-114,59564831;3,76293230;0,00305185
-114,43180831;3,76293230;0,00305185
-114,26796831;3,76293230;0,00305185
-114,10412831;3,76293230;0,00305185
-113,94028831;3,71807003;0,00305185
-113,77644831;3,71807003;0,00305185
-113,61260831;3,76293230;0,00305185
-113,44876832;3,80779433;0,00305185
-113,28492832;3,76293230;-0,45167392
-113,12108832;3,76293230;0,00305185
-112,95724832;3,71807003;0,00305185
-112,79340832;3,76293230;0,45625171
-112,62956832;3,76293230;0,00305185
-112,46572832;3,76293230;0,00305185
-112,30188832;3,85250401;-0,45167392
-112,13804832;3,76293230;0,00305185
-111,97420832;3,76293230;0,00305185
-111,81036833;3,76293230;0,00305185
-111,64652833;3,71807003;0,00305185
-111,48268833;3,71807003;0,00305185
-111,31884833;3,76293230;0,00305185
-111,15500833;3,76293230;0,00305185
-110,99116833;3,76293230;0,00305185
-110,82732833;3,76293230;0,00305185
-110,66348833;3,71807003;0,00305185
-110,49964833;3,76293230;0,00305185
-110,33580833;3,76293230;0,00305185
-110,17196834;3,76293230;0,00305185
-110,00812834;3,71807003;0,00305185
-109,84428834;3,71807003;0,00305185
-109,68044834;3,76293230;0,00305185
-109,51660834;3,76293230;0,45625171
-109,35276834;3,76293230;0,00305185
-109,18892834;3,76293230;0,00305185
-109,02508834;3,67336035;0,91097748
-108,86124834;3,76293230;0,00305185
-108,69740834;3,76293230;0,00305185
-108,53356835;3,71807003;0,00305185
-108,36972835;3,76293230;0,00305185
-108,20588835;3,71807003;0,00305185
-108,04204835;3,76293230;0,00305185
-107,87820835;3,67336035;0,00305185
-107,71436835;3,67336035;0,45625171
-107,55052835;3,76293230;0,00305185
-107,38668835;3,76293230;-0,45167392
-107,22284835;3,76293230;0,00305185
-107,05900835;3,76293230;0,00305185
-106,89516836;3,80779433;0,00305185
-106,73132836;3,76293230;0,00305185
-106,56748836;3,76293230;0,00305185
-106,40364836;3,76293230;0,00305185
-106,23980836;3,76293230;0,00305185
-106,07596836;3,71807003;0,00305185
-105,91212836;3,76293230;0,00305185
-105,74828836;3,76293230;0,00305185
-105,58444836;3,76293230;0,00305185
-105,42060836;3,76293230;0,00305185
-105,25676837;3,76293230;0,00305185
-105,09292837;3,76293230;0,00305185
-104,92908837;3,71807003;0,00305185
-104,76524837;3,71807003;0,00305185
-104,60140837;3,76293230;0,00305185
-104,43756837;3,76293230;0,00305185
-104,27372837;3,76293230;0,00305185
-104,10988837;3,71807003;0,00305185
-103,94604837;3,76293230;0,00305185
-103,78220837;3,67336035;0,00305185
-103,61836838;3,67336035;0,00305185
-103,45452838;3,71807003;0,00305185
-103,29068838;3,67336035;0,00305185
-103,12684838;3,71807003;0,00305185
-102,96300838;3,76293230;0,00305185
-102,79916838;3,67336035;0,91097748
-102,63532838;3,76293230;0,00305185
-102,47148838;3,76293230;0,00305185
-102,30764838;3,76293230;0,91097748
-102,14380838;3,76293230;0,00305185
-101,97996839;3,71807003;0,00305185
-101,81612839;3,76293230;0,00305185
-101,65228839;3,71807003;0,00305185
-101,48844839;3,76293230;0,00305185
-101,32460839;3,71807003;0,00305185
-101,16076839;3,76293230;0,00305185
-100,99692839;3,76293230;-0,45167392
-100,83308839;3,76293230;0,00305185
-100,66924839;3,71807003;0,00305185
-100,50540839;3,71807003;0,00305185
-100,34156840;3,76293230;0,00305185
-100,17772840;3,76293230;0,00305185
-100,01388840;3,76293230;-0,45167392
-99,85004840;3,67336035;0,00305185
-99,68620840;3,76293230;0,00305185
-99,52236840;3,71807003;-0,45167392
-99,35852840;3,76293230;0,00305185
-99,19468840;3,76293230;0,00305185
-99,03084840;3,76293230;0,00305185
-98,86700840;3,76293230;0,00305185
-98,70316841;3,76293230;0,00305185
-98,53932841;3,71807003;0,00305185
-98,37548841;3,76293230;0,00305185
-98,21164841;3,76293230;0,00305185
-98,04780841;3,71807003;0,00305185
-97,88396841;3,76293230;0,00305185
-97,72012841;3,71807003;0,00305185
-97,55628841;3,76293230;0,00305185
-97,39244841;3,49406409;0,00305185
-97,22860841;3,71807003;0,00305185
-97,06476842;3,76293230;0,00305185
-96,90092842;3,58378863;-0,90639967
-96,73708842;3,71807003;0,00305185
-96,57324842;3,76293230;0,00305185
-96,40940842;3,80779433;0,00305185
-96,24556842;3,67336035;0,00305185
-96,08172842;3,76293230;0,00305185
-95,91788842;3,76293230;0,00305185
-95,75404842;3,71807003;0,00305185
-95,59020842;3,67336035;0,45625171
-95,42636843;3,76293230;0,00305185
-95,26252843;3,76293230;0,00305185
-95,09868843;3,76293230;0,00305185
-94,93484843;3,76293230;0,00305185
-94,77100843;3,76293230;0,00305185
-94,60716843;3,71807003;0,00305185
-94,44332843;3,76293230;0,00305185
-94,27948843;3,76293230;0,00305185
-94,11564843;3,76293230;0,00305185
-93,95180843;3,76293230;0,00305185
-93,78796844;3,76293230;0,00305185
-93,62412844;3,71807003;0,00305185
-93,46028844;3,76293230;0,00305185
-93,29644844;3,76293230;0,00305185
-93,13260844;3,71807003;0,00305185
-92,96876844;3,76293230;0,00305185
-92,80492844;3,76293230;0,00305185
-92,64108844;3,71807003;0,00305185
-92,47724844;3,76293230;0,00305185
-92,31340844;3,76293230;0,00305185
-92,14956845;3,71807003;0,00305185
-91,98572845;3,71807003;0,00305185
-91,82188845;3,76293230;0,00305185
-91,65804845;3,76293230;0,00305185
-91,49420845;3,71807003;0,00305185
-91,33036845;3,76293230;0,00305185
-91,16652845;3,76293230;0,00305185
-91,00268845;3,71807003;0,00305185
-90,83884845;3,76293230;0,00305185
-90,67500845;3,71807003;0,00305185
-90,51116846;3,76293230;0,00305185
-90,34732846;3,71807003;0,00305185
-90,18348846;3,76293230;-0,45167392
-90,01964846;3,71807003;0,00305185
-89,85580846;3,71807003;0,00305185
-89,69196846;3,76293230;0,00305185
-89,52812846;3,71807003;0,00305185
-89,36428846;3,71807003;0,00305185
-89,20044846;3,76293230;0,00305185
-89,03660846;3,76293230;0,00305185
-88,87276847;3,71807003;0,00305185
-88,70892847;3,76293230;-0,45167392
-88,54508847;3,71807003;0,00305185
-88,38124847;3,76293230;0,00305185
-88,21740847;3,71807003;0,00305185
-88,05356847;3,76293230;0,00305185
-87,88972847;3,76293230;-0,45167392
-87,72588847;3,71807003;0,00305185
-87,56204847;3,76293230;0,00305185
-87,39820847;3,67336035;1,36570334
-87,23436848;3,76293230;0,00305185
-87,07052848;3,76293230;0,00305185
-86,90668848;3,71807003;0,00305185
-86,74284848;3,76293230;-0,45167392
-86,57900848;3,76293230;0,00305185
-86,41516848;3,76293230;0,00305185
-86,25132848;3,71807003;0,00305185
-86,08748848;3,76293230;0,00305185
-85,92364848;3,76293230;0,00305185
-85,75980848;3,76293230;0,00305185
-85,59596848;3,76293230;0,00305185
-85,43212849;3,76293230;0,00305185
-85,26828849;3,76293230;0,00305185
-85,10444849;3,76293230;0,00305185
-84,94060849;3,76293230;0,00305185
-84,77676849;3,76293230;0,00305185
-84,61292849;3,85250401;-0,45167392
-84,44908849;3,76293230;0,00305185
-84,28524849;3,76293230;0,00305185
-84,12140849;3,76293230;0,00305185
-83,95756849;3,71807003;0,00305185
-83,79372850;3,71807003;0,00305185
-83,62988850;3,76293230;0,00305185
-83,46604850;3,71807003;0,00305185
-83,30220850;3,76293230;0,00305185
-83,13836850;3,76293230;0,00305185
-82,97452850;3,71807003;0,00305185
-82,81068850;3,67336035;0,00305185
-82,64684850;3,71807003;0,00305185
-82,48300850;3,71807003;0,00305185
-82,31916850;3,62849808;-0,45167392
-82,15532851;3,71807003;0,00305185
-81,99148851;3,71807003;0,00305185
-81,82764851;3,76293230;0,00305185
-81,66380851;3,67336035;-0,45167392
-81,49996851;3,76293230;0,00305185
-81,33612851;3,76293230;-0,45167392
-81,17228851;3,76293230;0,00305185
-81,00844851;3,71807003;0,00305185
-80,84460851;3,71807003;0,00305185
-80,68076851;3,71807003;0,00305185
-80,51692852;3,76293230;0,45625171
-80,35308852;3,76293230;0,00305185
-80,18924852;3,76293230;0,00305185
-80,02540852;3,71807003;0,00305185
-79,86156852;3,76293230;0,00305185
-79,69772852;3,71807003;0,00305185
-79,53388852;3,76293230;0,00305185
-79,37004852;3,76293230;0,00305185
-79,20620852;3,71807003;0,00305185
-79,04236852;3,71807003;0,00305185
-78,87852853;3,76293230;0,00305185
-78,71468853;3,71807003;0,00305185
-78,55084853;3,76293230;0,00305185
-78,38700853;3,71807003;0,00305185
-78,22316853;3,76293230;0,00305185
-78,05932853;3,76293230;0,00305185
-77,89548853;3,71807003;0,00305185
-77,73164853;3,71807003;0,00305185
-77,56780853;3,62849808;0,00305185
-77,40396853;3,80779433;-0,45167392
-77,24012854;3,76293230;0,00305185
-77,07628854;3,71807003;0,00305185
-76,91244854;3,80779433;0,00305185
-76,74860854;3,76293230;0,00305185
-76,58476854;3,76293230;0,00305185
-76,42092854;3,76293230;0,00305185
-76,25708854;3,71807003;-0,45167392
-76,09324854;3,67336035;0,00305185
-75,92940854;3,76293230;0,00305185
-75,76556854;3,71807003;0,00305185
-75,60172855;3,71807003;0,00305185
-75,43788855;3,71807003;0,00305185
-75,27404855;3,76293230;0,00305185
-75,11020855;3,71807003;0,00305185
-74,94636855;3,76293230;0,00305185
-74,78252855;3,76293230;0,00305185
-74,61868855;3,76293230;0,00305185
-74,45484855;3,76293230;0,00305185
-74,29100855;3,67336035;0,00305185
-74,12716855;3,71807003;0,00305185
-73,96332856;3,71807003;0,00305185
-73,79948856;3,76293230;0,00305185
-73,63564856;3,76293230;0,00305185
-73,47180856;3,76293230;0,00305185
-73,30796856;3,67336035;0,45625171
-73,14412856;3,71807003;0,00305185
-72,98028856;3,76293230;0,00305185
-72,81644856;3,76293230;0,00305185
-72,65260856;3,76293230;0,00305185
-72,48876856;3,76293230;0,00305185
-72,32492857;3,67336035;0,00305185
-72,16108857;3,76293230;0,00305185
-71,99724857;3,76293230;0,00305185
-71,83340857;3,76293230;0,00305185
-71,66956857;3,76293230;0,00305185
-71,50572857;3,76293230;0,00305185
-71,34188857;3,71807003;0,00305185
-71,17804857;3,76293230;0,00305185
-71,01420857;3,76293230;0,00305185
-70,85036857;3,76293230;0,00305185
-70,68652858;3,71807003;0,00305185
-70,52268858;3,76293230;0,00305185
-70,35884858;3,76293230;0,00305185
-70,19500858;3,80779433;-0,45167392
-70,03116858;3,76293230;0,00305185
-69,86732858;3,76293230;-0,45167392
-69,70348858;3,67336035;0,00305185
-69,53964858;3,71807003;0,00305185
-69,37580858;3,76293230;0,00305185
-69,21196858;3,71807003;0,00305185
-69,04812859;3,76293230;0,00305185
-68,88428859;3,67336035;0,00305185
-68,72044859;3,71807003;0,00305185
-68,55660859;3,71807003;0,00305185
-68,39276859;3,71807003;0,00305185
-68,22892859;3,76293230;0,00305185
-68,06508859;3,76293230;0,00305185
-67,90124859;3,76293230;0,00305185
-67,73740859;3,71807003;0,00305185
-67,57356859;3,76293230;0,00305185
-67,40972860;3,76293230;-0,45167392
-67,24588860;3,67336035;0,00305185
-67,08204860;3,71807003;0,00305185
-66,91820860;3,80779433;0,00305185
-66,75436860;3,71807003;0,00305185
-66,59052860;3,76293230;0,00305185
-66,42668860;3,76293230;0,00305185
-66,26284860;3,76293230;-0,45167392
-66,09900860;3,71807003;0,00305185
-65,93516860;3,71807003;0,00305185
-65,77132861;3,76293230;0,00305185
-65,60748861;3,76293230;0,00305185
-65,44364861;3,76293230;0,00305185
-65,27980861;3,71807003;0,00305185
-65,11596861;3,76293230;0,00305185
-64,95212861;3,76293230;0,00305185
-64,78828861;3,76293230;-0,45167392
-64,62444861;3,76293230;0,00305185
-64,46060861;3,76293230;0,00305185
-64,29676861;3,76293230;0,00305185
-64,13292862;3,76293230;0,00305185
-63,96908862;3,76293230;0,00305185
-63,80524862;3,76293230;0,00305185
-63,64140862;3,67336035;0,00305185
-63,47756862;3,76293230;0,00305185
-63,31372862;3,71807003;0,00305185
-63,14988862;3,76293230;0,00305185
-62,98604862;3,76293230;0,00305185
-62,82220862;3,67336035;-0,45167392
-62,65836862;3,76293230;0,00305185
-62,49452863;3,76293230;0,00305185
-62,33068863;3,71807003;0,00305185
-62,16684863;3,71807003;0,00305185
-62,00300863;3,76293230;0,00305185
-61,83916863;3,58378863;-0,45167392
-61,67532863;3,76293230;0,00305185
-61,51148863;3,76293230;0,00305185
-61,34764863;3,67336035;0,00305185
-61,18380863;3,71807003;0,00305185
-61,01996863;3,76293230;0,00305185
-60,85612864;3,76293230;0,00305185
-60,69228864;3,71807003;0,00305185
-60,52844864;3,71807003;0,00305185
-60,36460864;3,76293230;-0,45167392
-60,20076864;3,76293230;-0,45167392
-60,03692864;3,76293230;0,00305185
-59,87308864;3,76293230;-0,45167392
-59,70924864;3,76293230;0,00305185
-59,54540864;3,76293230;0,00305185
-59,38156864;3,76293230;0,00305185
-59,21772865;3,71807003;0,00305185
-59,05388865;3,76293230;0,00305185
-58,89004865;3,71807003;0,00305185
-58,72620865;3,71807003;0,00305185
-58,56236865;3,76293230;0,00305185
-58,39852865;3,76293230;0,00305185
-58,23468865;3,71807003;0,00305185
-58,07084865;3,76293230;0,00305185
-57,90700865;3,76293230;0,00305185
-57,74316865;3,71807003;0,00305185
-57,57932866;3,76293230;0,00305185
-57,41548866;3,76293230;0,00305185
-57,25164866;3,76293230;0,00305185
-57,08780866;3,71807003;0,00305185
-56,92396866;3,71807003;-1,36112559
-56,76012866;3,76293230;0,00305185
-56,59628866;3,76293230;0,00305185
-56,43244866;3,80779433;0,45625171
-56,26860866;3,76293230;0,00305185
-56,10476866;3,76293230;0,00305185
-55,94092867;3,76293230;0,00305185
-55,77708867;3,76293230;-0,45167392
-55,61324867;3,76293230;0,00305185
-55,44940867;3,71807003;0,00305185
-55,28556867;3,76293230;0,00305185
-55,12172867;3,71807003;0,00305185
-54,95788867;3,76293230;-0,45167392
-54,79404867;3,71807003;-0,45167392
-54,63020867;3,76293230;0,00305185
-54,46636867;3,76293230;0,00305185
-54,30252868;3,76293230;0,00305185
-54,13868868;3,76293230;0,00305185
-53,97484868;3,67336035;0,00305185
-53,81100868;3,76293230;0,00305185
-53,64716868;3,76293230;0,00305185
-53,48332868;3,76293230;0,00305185
-53,31948868;3,67336035;0,00305185
-53,15564868;3,76293230;0,00305185
-52,99180868;3,76293230;0,00305185
-52,82796868;3,76293230;-0,45167392
-52,66412869;3,71807003;-0,45167392
-52,50028869;3,67336035;-0,45167392
-52,33644869;3,76293230;-0,45167392
-52,17260869;3,71807003;-0,45167392
-52,00876869;3,76293230;0,00305185
-51,84492869;3,71807003;-0,45167392
-51,68108869;3,71807003;0,00305185
-51,51724869;3,76293230;0,00305185
-51,35340869;3,71807003;0,00305185
-51,18956869;3,76293230;-0,45167392
-51,02572870;3,76293230;0,00305185
-50,86188870;3,76293230;-0,45167392
-50,69804870;3,76293230;0,00305185
-50,53420870;3,76293230;0,00305185
-50,37036870;3,76293230;0,00305185
-50,20652870;3,71807003;-0,45167392
-50,04268870;3,76293230;0,00305185
-49,87884870;3,71807003;0,00305185
-49,71500870;3,76293230;-0,45167392
-49,55116870;3,67336035;-0,45167392
-49,38732871;3,71807003;0,00305185
-49,22348871;3,76293230;0,00305185
-49,05964871;3,76293230;-0,45167392
-48,89580871;3,76293230;-0,45167392
-48,73196871;3,76293230;0,00305185
-48,56812871;3,71807003;0,00305185
-48,40428871;3,76293230;-0,45167392
-48,24044871;3,76293230;0,00305185
-48,07660871;3,85250401;0,00305185
-47,91276871;3,76293230;0,00305185
-47,74892872;3,71807003;0,00305185
-47,58508872;3,71807003;-0,45167392
-47,42124872;3,80779433;0,00305185
-47,25740872;3,76293230;0,00305185
-47,09356872;3,76293230;0,00305185
-46,92972872;3,71807003;1,36570334
-46,76588872;3,76293230;-0,45167392
-46,60204872;3,76293230;-0,45167392
-46,43820872;3,71807003;0,00305185
-46,27436872;3,76293230;-0,45167392
-46,11052872;3,76293230;0,00305185
-45,94668873;3,76293230;-0,45167392
-45,78284873;3,76293230;-0,45167392
-45,61900873;3,76293230;0,00305185
-45,45516873;3,76293230;0,00305185
-45,29132873;3,76293230;0,00305185
-45,12748873;3,76293230;0,00305185
-44,96364873;3,76293230;-0,45167392
-44,79980873;3,76293230;0,00305185
-44,63596873;3,67336035;0,00305185
-44,47212873;3,76293230;0,00305185
-44,30828874;3,76293230;0,00305185
-44,14444874;3,76293230;0,00305185
-43,98060874;3,76293230;0,00305185
-43,81676874;3,71807003;0,00305185
-43,65292874;3,76293230;0,00305185
-43,48908874;3,76293230;0,00305185
-43,32524874;3,76293230;-0,45167392
-43,16140874;3,76293230;0,00305185
-42,99756874;3,71807003;-0,45167392
-42,83372874;3,67336035;0,00305185
-42,66988875;3,76293230;0,00305185
-42,50604875;3,76293230;0,00305185
-42,34220875;3,80779433;-0,45167392
-42,17836875;3,76293230;-0,45167392
-42,01452875;3,71807003;0,00305185
-41,85068875;3,76293230;-0,45167392
-41,68684875;3,76293230;0,00305185
-41,52300875;3,76293230;0,00305185
-41,35916875;3,71807003;0,00305185
-41,19532875;3,76293230;0,00305185
-41,03148876;3,71807003;0,00305185
-40,86764876;3,76293230;0,00305185
-40,70380876;3,71807003;0,00305185
-40,53996876;3,76293230;0,00305185
-40,37612876;3,67336035;0,00305185
-40,21228876;3,71807003;0,00305185
-40,04844876;3,76293230;0,00305185
-39,88460876;3,71807003;0,00305185
-39,72076876;3,76293230;0,00305185
-39,55692876;3,71807003;0,00305185
-39,39308877;3,76293230;0,00305185
-39,22924877;3,76293230;0,00305185
-39,06540877;3,71807003;0,00305185
-38,90156877;3,76293230;-0,45167392
-38,73772877;3,76293230;0,00305185
-38,57388877;3,76293230;0,00305185
-38,41004877;3,76293230;-0,45167392
-38,24620877;3,76293230;0,00305185
-38,08236877;3,71807003;0,00305185
-37,91852877;3,76293230;0,00305185
-37,75468878;3,71807003;0,00305185
-37,59084878;3,76293230;-0,45167392
-37,42700878;3,71807003;-1,36112559
-37,26316878;3,76293230;0,00305185
-37,09932878;3,71807003;-0,45167392
-36,93548878;3,58378863;0,91097748
-36,77164878;3,71807003;-0,45167392
-36,60780878;3,71807003;0,00305185
-36,44396878;3,76293230;-0,45167392
-36,28012878;3,76293230;0,00305185
-36,11628879;3,76293230;-0,45167392
-35,95244879;3,71807003;-0,45167392
-35,78860879;3,76293230;0,00305185
-35,62476879;3,76293230;-0,45167392
-35,46092879;3,76293230;0,00305185
-35,29708879;3,76293230;-0,45167392
-35,13324879;3,71807003;0,00305185
-34,96940879;3,76293230;0,00305185
-34,80556879;3,76293230;-0,45167392
-34,64172879;3,76293230;-0,45167392
-34,47788880;3,76293230;-0,45167392
-34,31404880;3,71807003;-0,45167392
-34,15020880;3,71807003;-0,45167392
-33,98636880;3,76293230;0,00305185
-33,82252880;3,71807003;-0,45167392
-33,65868880;3,76293230;0,00305185
-33,49484880;3,71807003;-0,45167392
-33,33100880;3,76293230;-0,45167392
-33,16716880;3,71807003;-0,45167392
-33,00332880;3,76293230;0,00305185
-32,83948881;3,62849808;0,00305185
-32,67564881;3,76293230;-0,45167392
-32,51180881;3,76293230;0,00305185
-32,34796881;3,85250401;0,00305185
-32,18412881;3,76293230;-0,45167392
-32,02028881;3,71807003;-0,45167392
-31,85644881;3,76293230;0,00305185
-31,69260881;3,76293230;-0,45167392
-31,52876881;3,76293230;-0,45167392
-31,36492881;3,71807003;0,00305185
-31,20108882;3,76293230;0,00305185
-31,03724882;3,76293230;0,00305185
-30,87340882;3,76293230;-0,45167392
-30,70956882;3,76293230;-0,45167392
-30,54572882;3,76293230;-0,45167392
-30,38188882;3,76293230;0,00305185
-30,21804882;3,76293230;-0,45167392
-30,05420882;3,76293230;0,00305185
-29,89036882;3,71807003;0,00305185
-29,72652882;3,76293230;0,00305185
-29,56268883;3,71807003;-0,45167392
-29,39884883;3,71807003;-0,45167392
-29,23500883;3,71807003;-0,45167392
-29,07116883;3,76293230;-0,45167392
-28,90732883;3,76293230;-0,45167392
-28,74348883;3,76293230;0,00305185
-28,57964883;3,76293230;0,00305185
-28,41580883;3,76293230;-0,45167392
-28,25196883;3,76293230;-0,45167392
-28,08812883;3,71807003;-0,45167392
-27,92428884;3,76293230;0,00305185
-27,76044884;3,71807003;0,00305185
-27,59660884;3,76293230;0,00305185
-27,43276884;3,71807003;-0,45167392
-27,26892884;3,76293230;0,00305185
-27,10508884;3,71807003;0,00305185
-26,94124884;3,76293230;-0,90639967
-26,77740884;3,85250401;0,00305185
-26,61356884;3,80779433;-0,45167392
-26,44972884;3,76293230;0,00305185
-26,28588885;3,76293230;0,00305185
-26,12204885;3,76293230;0,00305185
-25,95820885;3,76293230;0,00305185
-25,79436885;3,76293230;0,00305185
-25,63052885;3,76293230;0,00305185
-25,46668885;3,71807003;-0,45167392
-25,30284885;3,71807003;0,00305185
-25,13900885;3,76293230;0,00305185
-24,97516885;3,71807003;0,00305185
-24,81132885;3,71807003;0,00305185
-24,64748886;3,76293230;-0,45167392
-24,48364886;3,76293230;0,00305185
-24,31980886;3,76293230;0,00305185
-24,15596886;3,76293230;0,00305185
-23,99212886;3,71807003;0,00305185
-23,82828886;3,76293230;0,00305185
-23,66444886;3,76293230;-1,36112559
-23,50060886;3,71807003;0,00305185
-23,33676886;3,76293230;0,00305185
-23,17292886;3,76293230;0,00305185
-23,00908887;3,76293230;0,00305185
-22,84524887;3,71807003;0,00305185
-22,68140887;3,76293230;0,00305185
-22,51756887;3,76293230;0,00305185
-22,35372887;3,76293230;-0,45167392
-22,18988887;3,76293230;0,00305185
-22,02604887;3,71807003;0,00305185
-21,86220887;3,76293230;0,00305185
-21,69836887;3,76293230;0,00305185
-21,53452887;3,71807003;0,00305185
-21,37068888;3,76293230;0,00305185
-21,20684888;3,71807003;0,00305185
-21,04300888;3,76293230;0,00305185
-20,87916888;3,76293230;0,00305185
-20,71532888;3,76293230;0,00305185
-20,55148888;3,76293230;0,00305185
-20,38764888;3,76293230;0,00305185
-20,22380888;3,71807003;-0,45167392
-20,05996888;3,76293230;0,00305185
-19,89612888;3,71807003;0,00305185
-19,73228889;3,76293230;0,00305185
-19,56844889;3,76293230;0,00305185
-19,40460889;3,76293230;-0,45167392
-19,24076889;3,71807003;0,00305185
-19,07692889;3,71807003;0,00305185
-18,91308889;3,76293230;0,00305185
-18,74924889;3,71807003;0,00305185
-18,58540889;3,76293230;0,00305185
-18,42156889;3,76293230;0,00305185
-18,25772889;3,71807003;0,00305185
-18,09388890;3,71807003;0,00305185
-17,93004890;3,71807003;0,00305185
-17,76620890;3,76293230;0,00305185
-17,60236890;3,76293230;0,00305185
-17,43852890;3,71807003;0,00305185
-17,27468890;3,71807003;0,00305185
-17,11084890;3,71807003;0,00305185
-16,94700890;3,80779433;-0,45167392
-16,78316890;3,71807003;0,00305185
-16,61932890;3,76293230;0,00305185
-16,45548891;3,85250401;0,00305185
-16,29164891;3,71807003;0,00305185
-16,12780891;3,76293230;0,00305185
-15,96396891;3,76293230;0,00305185
-15,80012891;3,71807003;0,00305185
-15,63628891;3,71807003;0,00305185
-15,47244891;3,71807003;0,00305185
-15,30860891;3,76293230;0,00305185
-15,14476891;3,71807003;0,00305185
-14,98092891;3,76293230;0,00305185
-14,81708892;3,76293230;0,00305185
-14,65324892;3,76293230;0,00305185
-14,48940892;3,76293230;0,00305185
-14,32556892;3,76293230;0,00305185
-14,16172892;3,76293230;0,00305185
-13,99788892;3,76293230;0,00305185
-13,83404892;3,76293230;0,00305185
-13,67020892;3,71807003;0,00305185
-13,50636892;3,76293230;0,00305185
-13,34252892;3,71807003;0,00305185
-13,17868893;3,76293230;0,00305185
-13,01484893;3,71807003;-0,45167392
-12,85100893;3,85250401;-0,90639967
-12,68716893;3,76293230;0,00305185
-12,52332893;3,76293230;0,00305185
-12,35948893;3,67336035;0,00305185
-12,19564893;3,71807003;-0,45167392
-12,03180893;3,76293230;0,00305185
-11,86796893;3,67336035;-0,90639967
-11,70412893;3,71807003;0,00305185
-11,54028894;3,76293230;0,00305185
-11,37644894;3,76293230;0,00305185
-11,21260894;3,71807003;-0,45167392
-11,04876894;3,76293230;0,00305185
-10,88492894;3,76293230;0,00305185
-10,72108894;3,80779433;0,00305185
-10,55724894;3,76293230;0,00305185
-10,39340894;3,71807003;0,00305185
-10,22956894;3,71807003;0,00305185
-10,06572894;3,76293230;0,00305185
-9,90188895;3,76293230;0,00305185
-9,73804895;3,76293230;0,00305185
-9,57420895;3,71807003;0,00305185
-9,41036895;3,76293230;0,00305185
-9,24652895;3,76293230;0,00305185
-9,08268895;3,71807003;0,00305185
-8,91884895;3,71807003;0,00305185
-8,75500895;3,71807003;-0,45167392
-8,59116895;3,71807003;0,00305185
-8,42732895;3,76293230;-0,45167392
-8,26348895;3,76293230;-0,45167392
-8,09964896;3,71807003;0,00305185
-7,93580896;3,62849808;0,45625171
-7,77196896;3,71807003;-0,45167392
-7,60812896;3,76293230;0,45625171
-7,44428896;3,76293230;0,00305185
-7,28044896;3,76293230;-0,45167392
-7,11660896;3,76293230;-0,45167392
-6,95276896;3,67336035;-0,90639967
-6,78892896;3,76293230;-0,45167392
-6,62508896;3,71807003;-0,45167392
-6,46124897;3,85250401;0,00305185
-6,29740897;3,76293230;-0,45167392
-6,13356897;3,71807003;0,00305185
-5,96972897;3,76293230;-0,45167392
-5,80588897;3,76293230;0,00305185
-5,64204897;3,76293230;-0,45167392
-5,47820897;3,13577676;-0,45167392
-5,31436897;3,13577676;-0,45167392
-5,15052897;3,13577676;-0,45167392
-4,98668897;3,13577676;0,00305185
-4,82284898;3,13577676;-0,45167392
-4,65900898;3,13577676;0,00305185
-4,49516898;3,13577676;-0,45167392
-4,33132898;3,13577676;0,00305185
-4,16748898;3,13577676;0,00305185
-4,00364898;3,13577676;-0,45167392
-3,83980898;3,13577676;0,00305185
-3,67596898;3,13577676;-0,45167392
-3,51212898;3,13577676;-0,45167392
-3,34828898;3,13577676;-0,45167392
-3,18444899;3,13577676;-0,45167392
-3,02060899;3,13577676;0,00305185
-2,85676899;3,13577676;-0,45167392
-2,69292899;3,13577676;-0,45167392
-2,52908899;3,13577676;-0,45167392
-2,36524899;3,13577676;0,00305185
-2,20140899;3,13577676;-0,45167392
-2,03756899;3,13577676;-0,45167392
-1,87372899;3,09091473;-0,45167392
-1,70988899;3,09091473;-0,45167392
-1,54604900;3,13577676;-0,45167392
-1,38220900;3,13577676;-0,45167392
-1,21836900;3,09091473;-0,45167392
-1,05452900;3,09091473;-0,45167392
-0,89068900;3,09091473;-0,45167392
-0,72684900;3,09091473;-0,45167392
-0,56300900;3,09091473;-0,45167392
-0,39916900;3,09091473;-0,45167392
-0,23532900;3,09091473;-0,45167392
-0,07148900;3,09091473;-0,45167392
0,09235099;3,04620504;-0,45167392
0,25619099;3,04620504;-0,45167392
0,42003099;3,04620504;-0,45167392
0,58387099;3,04620504;-0,45167392
0,74771099;3,04620504;-0,45167392
0,91155099;3,04620504;-0,45167392
1,07539099;3,09091473;0,00305185
1,23923099;3,04620504;0,00305185
1,40307099;3,04620504;-0,45167392
1,56691099;3,04620504;-0,45167392
1,73075098;3,04620504;-0,45167392
1,89459098;3,04620504;-0,45167392
2,05843098;3,04620504;-0,45167392
2,22227098;3,04620504;-0,45167392
2,38611098;3,04620504;-0,45167392
2,54995098;3,04620504;-0,45167392
2,71379098;3,04620504;-0,45167392
2,87763098;3,04620504;0,00305185
3,04147098;3,04620504;0,00305185
3,20531098;3,04620504;-0,45167392
3,36915097;3,04620504;-0,45167392
3,53299097;3,04620504;-0,45167392
3,69683097;3,04620504;-0,45167392
3,86067097;3,04620504;-0,45167392
4,02451097;3,04620504;0,00305185
4,18835097;3,04620504;-0,45167392
4,35219097;3,04620504;-0,45167392
4,51603097;3,04620504;-0,45167392
4,67987097;3,04620504;-0,45167392
4,84371097;3,04620504;0,00305185
5,00755096;3,04620504;0,00305185
5,17139096;3,04620504;0,00305185
5,33523096;3,04620504;-0,45167392
5,49907096;3,04620504;-0,45167392
5,66291096;3,04620504;-0,45167392
5,82675096;3,04620504;0,00305185
5,99059096;3,04620504;0,00305185
6,15443096;3,04620504;-0,45167392
6,31827096;3,04620504;-0,45167392
6,48211096;3,04620504;0,00305185
6,64595095;3,04620504;0,00305185
6,80979095;3,04620504;-0,45167392
6,97363095;3,04620504;0,00305185
7,13747095;3,04620504;0,00305185
7,30131095;3,04620504;0,00305185
7,46515095;3,04620504;0,00305185
7,62899095;3,04620504;0,00305185
7,79283095;3,04620504;0,00305185
7,95667095;3,04620504;0,00305185
8,12051095;3,04620504;-0,45167392
8,28435094;3,04620504;0,00305185
8,44819094;3,04620504;0,00305185
8,61203094;3,04620504;0,00305185
8,77587094;3,04620504;0,00305185
8,93971094;3,04620504;0,00305185
9,10355094;3,04620504;-0,45167392
9,26739094;3,04620504;0,00305185
9,43123094;3,04620504;0,00305185
9,59507094;3,04620504;0,00305185
9,75891094;3,04620504;0,00305185
9,92275093;3,04620504;0,00305185
10,08659093;3,04620504;0,00305185
10,25043093;3,04620504;0,00305185
10,41427093;3,04620504;0,00305185
10,57811093;3,04620504;0,00305185
10,74195093;3,04620504;0,00305185
10,90579093;3,04620504;0,00305185
11,06963093;3,04620504;0,00305185
11,23347093;3,04620504;0,00305185
11,39731093;3,04620504;0,00305185
11,56115092;3,04620504;0,00305185
11,72499092;3,04620504;0,00305185
11,88883092;3,04620504;-0,45167392
12,05267092;3,04620504;0,00305185
12,21651092;3,04620504;0,00305185
12,38035092;3,04620504;0,00305185
12,54419092;3,04620504;0,00305185
12,70803092;3,04620504;0,00305185
12,87187092;3,04620504;0,00305185
13,03571092;2,95648050;-0,45167392
13,19955091;3,04620504;0,00305185
13,36339091;3,00134277;0,00305185
13,52723091;3,04620504;0,00305185
13,69107091;3,04620504;0,00305185
13,85491091;3,04620504;0,00305185
14,01875091;3,04620504;0,00305185
14,18259091;3,04620504;0,00305185
14,34643091;3,04620504;0,00305185
14,51027091;3,04620504;0,00305185
14,67411091;3,04620504;0,00305185
14,83795090;3,04620504;0,00305185
15,00179090;3,04620504;0,00305185
15,16563090;3,04620504;0,00305185
15,32947090;3,04620504;0,45625171
15,49331090;3,00134277;0,00305185
15,65715090;3,04620504;0,00305185
15,82099090;3,04620504;0,00305185
15,98483090;3,00134277;0,00305185
16,14867090;3,00134277;0,00305185
16,31251090;3,04620504;0,00305185
16,47635089;3,00134277;0,00305185
16,64019089;3,04620504;0,00305185
16,80403089;3,04620504;0,00305185
16,96787089;3,04620504;0,00305185
17,13171089;3,04620504;0,00305185
17,29555089;3,04620504;0,00305185
17,45939089;3,04620504;0,00305185
17,62323089;3,04620504;0,00305185
17,78707089;3,04620504;0,00305185
17,95091089;3,04620504;0,00305185
18,11475088;3,04620504;-0,45167392
18,27859088;3,04620504;0,00305185
18,44243088;3,04620504;0,00305185
18,60627088;3,04620504;0,00305185
18,77011088;3,00134277;0,00305185
18,93395088;3,04620504;0,00305185
19,09779088;3,04620504;0,00305185
19,26163088;3,04620504;0,00305185
19,42547088;3,04620504;0,00305185
19,58931088;3,00134277;0,00305185
19,75315087;3,04620504;0,00305185
19,91699087;3,00134277;0,00305185
20,08083087;3,04620504;0,00305185
20,24467087;3,04620504;0,00305185
20,40851087;3,04620504;0,00305185
20,57235087;3,00134277;0,00305185
20,73619087;3,00134277;0,00305185
20,90003087;3,00134277;0,00305185
21,06387087;3,04620504;0,00305185
21,22771087;2,95648050;0,00305185
21,39155086;2,95648050;0,00305185
21,55539086;3,04620504;0,00305185
21,71923086;3,04620504;0,00305185
21,88307086;3,00134277;0,00305185
22,04691086;3,00134277;0,00305185
22,21075086;3,04620504;0,00305185
22,37459086;3,04620504;0,00305185
22,53843086;3,04620504;0,00305185
22,70227086;3,04620504;0,00305185
22,86611086;3,04620504;0,00305185
23,02995085;3,00134277;0,00305185
23,19379085;3,04620504;0,00305185
23,35763085;3,04620504;0,00305185
23,52147085;3,04620504;0,45625171
23,68531085;3,04620504;0,00305185
23,84915085;3,04620504;0,00305185
24,01299085;3,04620504;0,00305185
24,17683085;3,04620504;0,00305185
24,34067085;3,04620504;0,00305185
24,50451085;3,04620504;0,00305185
24,66835084;3,04620504;0,45625171
24,83219084;3,04620504;0,45625171
24,99603084;3,04620504;0,00305185
25,15987084;3,04620504;0,00305185
25,32371084;3,04620504;0,00305185
25,48755084;3,04620504;0,00305185
25,65139084;3,00134277;0,00305185
25,81523084;3,04620504;0,00305185
25,97907084;3,00134277;0,00305185
26,14291084;3,00134277;0,00305185
26,30675083;3,00134277;0,00305185
26,47059083;3,00134277;0,00305185
26,63443083;2,95648050;0,00305185
26,79827083;3,00134277;0,00305185
26,96211083;3,04620504;0,00305185
27,12595083;3,00134277;0,00305185
27,28979083;3,00134277;0,00305185
27,45363083;3,04620504;0,00305185
27,61747083;3,04620504;0,00305185
27,78131083;3,00134277;0,00305185
27,94515082;3,00134277;0,00305185
28,10899082;3,00134277;0,00305185
28,27283082;3,04620504;0,00305185
28,43667082;3,04620504;0,00305185
28,60051082;3,04620504;0,00305185
28,76435082;3,04620504;0,00305185
28,92819082;3,04620504;0,00305185
29,09203082;3,04620504;0,00305185
29,25587082;3,04620504;0,00305185
29,41971082;3,04620504;0,00305185
29,58355082;3,00134277;0,00305185
29,74739081;3,04620504;0,00305185
29,91123081;3,00134277;0,00305185
30,07507081;3,00134277;0,00305185
30,23891081;3,04620504;0,00305185
30,40275081;3,04620504;0,00305185
30,56659081;3,04620504;0,00305185
30,73043081;3,00134277;0,00305185
30,89427081;2,95648050;0,00305185
31,05811081;3,00134277;0,00305185
31,22195081;3,00134277;0,00305185
31,38579080;3,04620504;0,00305185
31,54963080;3,04620504;0,00305185
31,71347080;3,00134277;0,00305185
31,87731080;3,00134277;0,00305185
32,04115080;3,00134277;-0,45167392
32,20499080;3,00134277;0,00305185
32,36883080;3,04620504;0,00305185
32,53267080;3,04620504;0,00305185
32,69651080;3,04620504;0,00305185
32,86035080;3,04620504;0,00305185
33,02419079;3,04620504;0,00305185
33,18803079;3,04620504;0,00305185
33,35187079;3,04620504;0,00305185
33,51571079;3,00134277;0,00305185
33,67955079;3,00134277;-0,45167392
33,84339079;3,00134277;0,00305185
34,00723079;3,04620504;-0,45167392
34,17107079;3,00134277;0,00305185
34,33491079;3,04620504;0,00305185
34,49875079;2,95648050;0,00305185
34,66259078;3,04620504;0,00305185
34,82643078;3,00134277;0,00305185
34,99027078;3,00134277;0,00305185
35,15411078;3,04620504;0,00305185
35,31795078;3,00134277;0,00305185
35,48179078;3,04620504;0,00305185
35,64563078;3,04620504;0,00305185
35,80947078;3,00134277;0,00305185
35,97331078;3,00134277;0,00305185
36,13715078;3,04620504;0,00305185
36,30099077;3,04620504;0,00305185
36,46483077;3,04620504;0,00305185
36,62867077;3,04620504;0,00305185
36,79251077;3,04620504;0,00305185
36,95635077;3,04620504;0,00305185
37,12019077;3,00134277;0,00305185
37,28403077;3,04620504;0,45625171
37,44787077;3,04620504;0,00305185
37,61171077;2,95648050;-0,45167392
37,77555077;3,00134277;0,00305185
37,93939076;3,00134277;0,00305185
38,10323076;2,95648050;0,00305185
38,26707076;3,04620504;0,00305185
38,43091076;3,00134277;0,00305185
38,59475076;3,00134277;0,00305185
38,75859076;3,00134277;0,00305185
38,92243076;3,00134277;0,00305185
39,08627076;2,95648050;-0,45167392
39,25011076;3,04620504;0,00305185
39,41395076;3,04620504;0,00305185
39,57779075;3,04620504;0,00305185
39,74163075;3,04620504;0,00305185
39,90547075;3,04620504;0,00305185
40,06931075;3,00134277;0,00305185
40,23315075;3,00134277;0,00305185
40,39699075;3,04620504;0,00305185
40,56083075;3,04620504;0,00305185
40,72467075;3,04620504;0,00305185
40,88851075;3,00134277;0,00305185
41,05235075;3,00134277;0,00305185
41,21619074;3,00134277;0,00305185
41,38003074;3,04620504;0,00305185
41,54387074;3,00134277;0,00305185
41,70771074;3,04620504;0,00305185
41,87155074;3,04620504;0,00305185
42,03539074;3,00134277;0,00305185
42,19923074;3,04620504;0,00305185
42,36307074;3,04620504;0,00305185
42,52691074;3,04620504;0,00305185
42,69075074;3,04620504;0,00305185
42,85459073;3,04620504;0,00305185
43,01843073;3,00134277;0,00305185
43,18227073;3,00134277;-0,45167392
43,34611073;3,00134277;0,00305185
43,50995073;3,04620504;0,00305185
43,67379073;3,00134277;-0,45167392
43,83763073;2,95648050;0,00305185
44,00147073;3,04620504;0,00305185
44,16531073;3,00134277;0,00305185
44,32915073;3,00134277;0,00305185
44,49299072;3,00134277;0,00305185
44,65683072;3,00134277;-0,45167392
44,82067072;3,00134277;-0,45167392
44,98451072;3,04620504;0,00305185
45,14835072;3,04620504;-0,45167392
45,31219072;3,04620504;0,00305185
45,47603072;3,04620504;0,00305185
45,63987072;3,00134277;-0,45167392
45,80371072;3,00134277;0,00305185
45,96755072;3,00134277;-0,45167392
46,13139071;3,00134277;0,00305185
46,29523071;3,04620504;-0,45167392
46,45907071;2,95648050;0,00305185
46,62291071;3,04620504;0,00305185
46,78675071;3,00134277;-0,45167392
46,95059071;3,00134277;0,00305185
47,11443071;3,00134277;-0,45167392
47,27827071;3,00134277;0,00305185
47,44211071;3,00134277;0,00305185
47,60595071;3,04620504;0,00305185
47,76979070;3,04620504;0,00305185
47,93363070;3,04620504;0,00305185
48,09747070;3,04620504;-0,45167392
48,26131070;3,04620504;0,00305185
48,42515070;3,00134277;0,00305185
48,58899070;3,00134277;0,00305185
48,75283070;3,00134277;0,00305185
48,91667070;3,00134277;0,00305185
49,08051070;2,95648050;0,00305185
49,24435070;3,00134277;0,00305185
49,40819069;3,00134277;0,00305185
49,57203069;3,00134277;0,00305185
49,73587069;3,00134277;0,00305185
49,89971069;3,04620504;0,00305185
50,06355069;3,04620504;0,00305185
50,22739069;3,04620504;0,00305185
50,39123069;3,04620504;0,91097748
50,55507069;3,04620504;0,00305185
50,71891069;3,00134277;0,00305185
50,88275069;3,04620504;0,00305185
51,04659068;3,00134277;0,00305185
51,21043068;3,04620504;0,00305185
51,37427068;3,04620504;0,00305185
51,53811068;3,04620504;0,45625171
51,70195068;3,04620504;0,00305185
51,86579068;3,00134277;0,00305185
52,02963068;3,00134277;0,00305185
52,19347068;3,04620504;0,00305185
52,35731068;3,04620504;0,00305185
52,52115068;3,04620504;0,00305185
52,68499067;3,04620504;0,00305185
52,84883067;3,04620504;0,00305185
53,01267067;3,04620504;0,00305185
53,17651067;3,04620504;0,00305185
53,34035067;3,00134277;0,00305185
53,50419067;3,00134277;0,00305185
53,66803067;2,95648050;0,00305185
53,83187067;3,00134277;0,00305185
53,99571067;3,00134277;-0,45167392
54,15955067;3,00134277;0,00305185
54,32339066;3,04620504;-0,45167392
54,48723066;3,00134277;0,00305185
54,65107066;3,04620504;0,00305185
54,81491066;3,04620504;-0,45167392
54,97875066;3,04620504;-0,45167392
55,14259066;3,04620504;-0,45167392
55,30643066;3,04620504;0,00305185
55,47027066;3,04620504;0,00305185
55,63411066;3,00134277;-0,45167392
55,79795066;3,00134277;-0,45167392
55,96179065;3,00134277;-0,45167392
56,12563065;3,04620504;0,00305185
56,28947065;3,00134277;-0,45167392
56,45331065;3,04620504;-0,45167392
56,61715065;3,00134277;-0,45167392
56,78099065;3,00134277;0,00305185
56,94483065;3,04620504;0,00305185
57,10867065;3,04620504;-0,45167392
57,27251065;3,04620504;-0,45167392
57,43635065;3,04620504;-0,45167392
57,60019064;3,00134277;0,00305185
57,76403064;3,00134277;-0,45167392
57,92787064;3,00134277;0,00305185
58,09171064;2,95648050;-0,90639967
58,25555064;3,04620504;0,00305185
58,41939064;3,00134277;0,00305185
58,58323064;3,00134277;0,00305185
58,74707064;3,00134277;-0,45167392
58,91091064;3,04620504;0,00305185
59,07475064;3,04620504;0,00305185
59,23859063;3,04620504;0,00305185
59,40243063;3,00134277;0,00305185
59,56627063;3,00134277;0,00305185
59,73011063;3,00134277;0,00305185
59,89395063;3,00134277;0,00305185
60,05779063;3,00134277;0,00305185
60,22163063;3,04620504;0,45625171
60,38547063;3,00134277;0,00305185
60,54931063;3,00134277;0,00305185
60,71315063;3,00134277;0,00305185
60,87699062;3,04620504;0,00305185
61,04083062;3,04620504;0,00305185
61,20467062;3,04620504;0,00305185
61,36851062;3,00134277;0,00305185
61,53235062;3,00134277;0,00305185
61,69619062;3,04620504;0,00305185
61,86003062;3,04620504;0,00305185
62,02387062;2,95648050;0,00305185
62,18771062;3,04620504;0,00305185
62,35155062;3,00134277;0,00305185
62,51539061;3,00134277;0,00305185
62,67923061;3,00134277;0,00305185
62,84307061;3,04620504;0,00305185
63,00691061;3,04620504;0,45625171
63,17075061;3,04620504;-0,45167392
63,33459061;3,00134277;0,00305185
63,49843061;3,00134277;0,00305185
63,66227061;3,00134277;0,00305185
63,82611061;3,00134277;-0,45167392
63,98995061;2,95648050;0,00305185
64,15379060;3,00134277;-0,45167392
64,31763060;3,00134277;-0,45167392
64,48147060;3,00134277;-0,45167392
64,64531060;3,00134277;-0,45167392
64,80915060;3,04620504;-0,45167392
64,97299060;3,04620504;-0,45167392
65,13683060;3,00134277;-0,45167392
65,30067060;3,00134277;-0,45167392
65,46451060;3,00134277;-0,45167392
65,62835060;3,04620504;-0,45167392
65,79219059;3,04620504;-0,45167392
65,95603059;3,04620504;-0,45167392
66,11987059;3,04620504;-0,45167392
66,28371059;3,00134277;-0,45167392
66,44755059;3,00134277;-0,45167392
66,61139059;3,04620504;-0,45167392
66,77523059;3,04620504;-0,45167392
66,93907059;3,04620504;-0,45167392
67,10291059;3,00134277;-0,45167392
67,26675059;3,00134277;-0,45167392
67,43059058;3,00134277;-0,45167392
67,59443058;3,04620504;0,00305185
67,75827058;3,00134277;-0,45167392
67,92211058;3,00134277;-0,45167392
68,08595058;3,00134277;0,00305185
68,24979058;3,04620504;-0,45167392
68,41363058;3,04620504;0,00305185
68,57747058;3,04620504;0,00305185
68,74131058;3,04620504;-0,45167392
68,90515058;3,00134277;0,00305185
69,06899058;3,00134277;-0,45167392
69,23283057;3,04620504;0,00305185
69,39667057;2,95648050;0,00305185
69,56051057;3,00134277;-0,45167392
69,72435057;3,00134277;-0,45167392
69,88819057;3,00134277;0,00305185
70,05203057;3,00134277;-0,45167392
70,21587057;3,04620504;-0,45167392
70,37971057;3,04620504;0,00305185
70,54355057;3,00134277;-0,45167392
70,70739057;3,00134277;0,00305185
70,87123056;3,00134277;-0,45167392
71,03507056;3,00134277;0,00305185
71,19891056;3,00134277;-0,45167392
71,36275056;3,00134277;-0,45167392
71,52659056;3,00134277;-0,45167392
71,69043056;3,00134277;0,00305185
71,85427056;3,04620504;0,00305185
72,01811056;3,04620504;0,00305185
72,18195056;3,04620504;-0,45167392
72,34579056;3,00134277;-0,45167392
72,50963055;3,00134277;0,00305185
72,67347055;3,00134277;0,00305185
72,83731055;3,00134277;0,00305185
73,00115055;3,00134277;0,00305185
73,16499055;3,00134277;0,00305185
73,32883055;3,00134277;-0,45167392
73,49267055;3,04620504;0,00305185
73,65651055;3,04620504;0,00305185
73,82035055;3,04620504;0,00305185
73,98419055;2,95648050;-0,45167392
74,14803054;3,00134277;0,00305185
74,31187054;3,04620504;0,00305185
74,47571054;3,00134277;0,45625171
74,63955054;3,00134277;0,00305185
74,80339054;3,04620504;0,00305185
74,96723054;3,00134277;0,00305185
75,13107054;3,04620504;0,00305185
75,29491054;3,04620504;0,00305185
75,45875054;3,04620504;0,00305185
75,62259054;3,00134277;0,00305185
75,78643053;3,04620504;0,00305185
75,95027053;3,00134277;0,00305185
76,11411053;2,95648050;0,00305185
76,27795053;3,00134277;0,00305185
76,44179053;3,00134277;0,00305185
76,60563053;3,04620504;0,00305185
76,76947053;3,04620504;0,00305185
76,93331053;3,04620504;0,00305185
77,09715053;3,04620504;0,00305185
77,26099053;3,04620504;0,00305185
77,42483052;3,00134277;0,00305185
77,58867052;3,00134277;-0,45167392
77,75251052;3,00134277;0,00305185
77,91635052;3,00134277;-0,45167392
78,08019052;3,00134277;0,00305185
78,24403052;3,00134277;-0,45167392
78,40787052;3,04620504;0,00305185
78,57171052;3,04620504;0,00305185
78,73555052;3,00134277;0,00305185
78,89939052;3,00134277;0,00305185
79,06323051;3,00134277;0,00305185
79,22707051;3,00134277;0,00305185
79,39091051;3,00134277;-0,45167392
79,55475051;3,00134277;0,00305185
79,71859051;3,04620504;0,45625171
79,88243051;3,04620504;0,00305185
80,04627051;3,04620504;0,00305185
80,21011051;3,04620504;0,00305185
80,37395051;3,00134277;0,00305185
80,53779051;3,00134277;-0,45167392
80,70163050;3,04620504;0,00305185
80,86547050;3,04620504;0,00305185
81,02931050;3,00134277;0,00305185
81,19315050;3,00134277;-0,45167392
81,35699050;3,00134277;-0,90639967
81,52083050;3,04620504;-0,45167392
81,68467050;3,04620504;-0,45167392
81,84851050;3,00134277;-0,45167392
82,01235050;3,00134277;0,00305185
82,17619050;3,00134277;-0,45167392
82,34003049;2,95648050;0,00305185
82,50387049;3,00134277;0,00305185
82,66771049;3,00134277;0,00305185
82,83155049;3,04620504;0,00305185
82,99539049;3,04620504;0,00305185
83,15923049;3,04620504;-0,45167392
83,32307049;3,00134277;0,00305185
83,48691049;3,00134277;0,00305185
83,65075049;3,00134277;0,00305185
83,81459049;3,00134277;0,00305185
83,97843048;3,04620504;0,00305185
84,14227048;3,00134277;0,00305185
84,30611048;3,00134277;0,00305185
84,46995048;2,95648050;-0,90639967
84,63379048;3,04620504;-0,45167392
84,79763048;3,00134277;0,00305185
84,96147048;3,00134277;0,00305185
85,12531048;3,04620504;0,00305185
85,28915048;2,95648050;0,00305185
85,45299048;3,00134277;0,00305185
85,61683047;3,00134277;0,00305185
85,78067047;3,04620504;0,00305185
85,94451047;3,04620504;0,00305185
86,10835047;3,04620504;0,00305185
86,27219047;3,00134277;0,00305185
86,43603047;3,04620504;0,00305185
86,59987047;3,00134277;0,00305185
86,76371047;3,00134277;0,00305185
86,92755047;2,95648050;-0,45167392
87,09139047;3,00134277;-0,45167392
87,25523046;3,04620504;-0,45167392
87,41907046;3,04620504;-0,45167392
87,58291046;3,04620504;-0,45167392
87,74675046;3,00134277;-0,45167392
87,91059046;3,04620504;-0,45167392
88,07443046;3,00134277;-0,45167392
88,23827046;3,00134277;-0,45167392
88,40211046;3,00134277;-0,45167392
88,56595046;2,95648050;-0,45167392
88,72979046;3,04620504;0,00305185
88,89363045;3,04620504;0,00305185
89,05747045;3,00134277;0,00305185
89,22131045;3,00134277;0,00305185
89,38515045;3,00134277;0,00305185
89,54899045;3,00134277;-0,45167392
89,71283045;3,00134277;0,00305185
89,87667045;3,00134277;0,00305185
90,04051045;2,95648050;0,00305185
90,20435045;3,04620504;0,00305185
90,36819045;3,00134277;0,00305185
90,53203044;3,00134277;0,00305185
90,69587044;3,04620504;0,00305185
90,85971044;3,00134277;0,00305185
91,02355044;3,04620504;0,00305185
91,18739044;3,00134277;0,00305185
91,35123044;3,00134277;0,00305185
91,51507044;3,04620504;0,00305185
91,67891044;3,04620504;0,00305185
91,84275044;3,00134277;0,00305185
92,00659044;3,04620504;0,00305185
92,17043043;2,95648050;0,00305185
92,33427043;3,00134277;0,00305185
92,49811043;3,00134277;0,00305185
92,66195043;3,00134277;-0,45167392
92,82579043;3,04620504;-0,45167392
92,98963043;3,04620504;-0,45167392
93,15347043;3,04620504;-0,45167392
93,31731043;3,00134277;-0,45167392
93,48115043;3,00134277;-0,45167392
93,64499043;3,04620504;-0,45167392
93,80883042;3,00134277;-0,45167392
93,97267042;3,04620504;0,00305185
94,13651042;3,04620504;-0,45167392
94,30035042;3,04620504;-0,45167392
94,46419042;3,00134277;0,00305185
94,62803042;3,00134277;0,00305185
94,79187042;3,04620504;0,00305185
94,95571042;3,00134277;0,45625171
95,11955042;3,00134277;0,00305185
95,28339042;3,04620504;0,00305185
95,44723041;3,04620504;0,91097748
95,61107041;3,04620504;0,91097748
95,77491041;3,04620504;0,91097748
95,93875041;3,00134277;0,45625171
96,10259041;3,00134277;0,91097748
96,26643041;2,95648050;0,91097748
96,43027041;3,00134277;0,91097748
96,59411041;3,00134277;0,91097748
96,75795041;3,04620504;0,45625171
96,92179041;3,04620504;0,45625171
97,08563040;3,00134277;0,00305185
97,24947040;3,00134277;0,00305185
97,41331040;3,00134277;0,00305185
97,57715040;3,04620504;0,00305185
97,74099040;3,04620504;-0,45167392
97,90483040;3,04620504;-0,45167392
98,06867040;3,04620504;-0,90639967
98,23251040;3,04620504;-0,90639967
98,39635040;3,04620504;-0,90639967
98,56019040;3,00134277;-0,90639967
98,72403039;3,00134277;-1,36112559
98,88787039;3,00134277;-1,36112559
99,05171039;3,00134277;-0,90639967
99,21555039;3,00134277;-0,90639967
99,37939039;3,04620504;-1,36112559
99,54323039;3,04620504;-0,45167392
99,70707039;3,00134277;-0,45167392
99,87091039;3,04620504;-0,45167392
100,03475039;2,95648050;0,00305185
100,19859039;3,00134277;0,00305185
100,36243038;3,04620504;0,00305185
100,52627038;3,00134277;0,00305185
100,69011038;3,04620504;0,91097748
100,85395038;3,04620504;0,91097748
101,01779038;2,95648050;0,00305185
101,18163038;3,00134277;1,36570334
101,34547038;3,00134277;0,91097748
101,50931038;3,00134277;0,91097748
101,67315038;2,95648050;0,91097748
101,83699038;3,04620504;0,91097748
102,00083037;3,04620504;0,91097748
102,16467037;3,00134277;0,45625171
102,32851037;3,00134277;0,00305185
102,49235037;3,00134277;0,00305185
102,65619037;3,04620504;0,00305185
102,82003037;3,00134277;-0,45167392
102,98387037;3,00134277;-0,45167392
103,14771037;3,04620504;-0,90639967
103,31155037;3,04620504;-0,90639967
103,47539037;3,00134277;-1,36112559
103,63923036;3,00134277;-1,81432533
103,80307036;2,95648050;-1,81432533
103,96691036;3,04620504;-1,81432533
104,13075036;3,00134277;-1,81432533
104,29459036;3,04620504;-1,81432533
104,45843036;3,04620504;-1,81432533
104,62227036;3,04620504;-0,90639967
104,78611036;3,00134277;-0,90639967
104,94995036;3,00134277;-0,90639967
105,11379036;3,00134277;-0,45167392
105,27763035;3,00134277;0,00305185
105,44147035;3,04620504;0,00305185
105,60531035;3,04620504;0,45625171
105,76915035;3,04620504;0,45625171
105,93299035;3,00134277;0,91097748
106,09683035;3,00134277;1,36570334
106,26067035;2,95648050;1,82042897
106,42451035;3,00134277;1,82042897
106,58835035;3,00134277;1,82042897
106,75219035;3,04620504;1,82042897
106,91603035;3,04620504;1,36570334
107,07987034;3,04620504;0,91097748
107,24371034;3,00134277;0,91097748
107,40755034;3,00134277;0,45625171
107,57139034;3,00134277;0,00305185
107,73523034;3,00134277;0,00305185
107,89907034;3,04620504;-0,45167392
108,06291034;3,09091473;0,00305185
108,22675034;3,00134277;-0,90639967
108,39059034;3,00134277;-0,90639967
108,55443034;2,95648050;-2,26905107
108,71827033;2,95648050;-1,81432533
108,88211033;3,04620504;-1,81432533
109,04595033;2,95648050;-2,26905107
109,20979033;3,04620504;-1,81432533
109,37363033;3,00134277;-1,81432533
109,53747033;3,04620504;-1,36112559
109,70131033;3,00134277;-0,90639967
109,86515033;2,95648050;-0,45167392
110,02899033;3,00134277;-0,45167392
110,19283033;3,00134277;0,00305185
110,35667032;3,04620504;0,00305185
110,52051032;3,04620504;0,91097748
110,68435032;3,00134277;1,36570334
110,84819032;3,00134277;1,82042897
111,01203032;2,95648050;1,82042897
111,17587032;3,00134277;1,82042897
111,33971032;3,04620504;1,82042897
111,50355032;3,04620504;1,82042897
111,66739032;3,04620504;1,82042897
111,83123032;3,04620504;1,36570334
111,99507031;3,00134277;0,91097748
112,15891031;2,95648050;0,45625171
112,32275031;3,00134277;0,00305185
112,48659031;3,04620504;0,00305185
112,65043031;3,04620504;-0,45167392
112,81427031;3,04620504;-0,90639967
112,97811031;2,95648050;-1,81432533
113,14195031;3,00134277;-1,81432533
113,30579031;2,95648050;-1,36112559
113,46963031;3,04620504;-1,81432533
113,63347030;3,00134277;-1,81432533
113,79731030;3,04620504;-1,81432533
113,96115030;3,04620504;-2,26905107
114,12499030;3,00134277;-1,36112559
114,28883030;3,04620504;-0,90639967
114,45267030;3,00134277;-0,45167392
114,61651030;3,04620504;0,00305185
114,78035030;3,00134277;0,45625171
114,94419030;3,04620504;0,91097748
115,10803030;3,04620504;1,36570334
115,27187029;3,00134277;1,82042897
115,43571029;3,00134277;1,82042897
115,59955029;2,95648050;1,82042897
115,76339029;3,04620504;2,72835469
115,92723029;3,00134277;3,63780618
116,09107029;3,04620504;2,72835469
116,25491029;3,04620504;2,27362871
116,41875029;3,04620504;1,82042897
116,58259029;3,00134277;1,36570334
116,74643029;3,00134277;0,91097748
116,91027028;3,00134277;0,00305185
117,07411028;3,04620504;-0,45167392
117,23795028;3,04620504;-0,90639967
117,40179028;3,04620504;-1,81432533
117,56563028;3,00134277;-2,26905107
117,72947028;3,00134277;-2,26905107
117,89331028;3,00134277;-2,72377706
118,05715028;3,00134277;-2,72377706
118,22099028;3,04620504;-2,72377706
118,38483028;3,04620504;-2,72377706
118,54867027;3,00134277;-1,81432533
118,71251027;3,04620504;-1,81432533
118,87635027;2,95648050;-1,81432533
119,04019027;3,00134277;-0,90639967
119,20403027;3,00134277;0,00305185
119,36787027;3,04620504;0,91097748
119,53171027;3,04620504;1,36570334
119,69555027;3,00134277;1,82042897
119,85939027;3,00134277;3,18308043
120,02323027;2,95648050;3,18308043
120,18707026;3,00134277;3,63780618
120,35091026;3,00134277;3,63780618
120,51475026;3,04620504;3,63780618
120,67859026;3,04620504;3,63780618
120,84243026;3,04620504;3,18308043
121,00627026;3,04620504;2,72835469
121,17011026;3,00134277;1,36570334
121,33395026;3,04620504;0,45625171
121,49779026;3,04620504;-0,45167392
121,66163026;3,04620504;-0,90639967
121,82547025;3,04620504;-1,81432533
121,98931025;3,00134277;-2,72377706
122,15315025;3,00134277;-3,17850280
122,31699025;3,00134277;-3,63322830
122,48083025;3,00134277;-3,63322830
122,64467025;3,04620504;-3,63322830
122,80851025;3,04620504;-3,63322830
122,97235025;3,00134277;-3,63322830
123,13619025;3,00134277;-2,72377706
123,30003025;3,00134277;-1,81432533
123,46387024;3,00134277;-0,90639967
123,62771024;3,00134277;-0,45167392
123,79155024;3,04620504;0,45625171
123,95539024;2,95648050;1,36570334
124,11923024;3,04620504;2,72835469
124,28307024;3,00134277;3,18308043
124,44691024;3,04620504;4,54420614
124,61075024;3,00134277;4,54420614
124,77459024;3,04620504;4,99893188
124,93843024;3,04620504;4,54420614
125,10227023;3,00134277;4,09100580
125,26611023;3,00134277;3,63780618
125,42995023;3,04620504;3,18308043
125,59379023;3,00134277;1,82042897
125,75763023;3,00134277;0,91097748
125,92147023;3,04620504;0,00305185
126,08531023;3,04620504;-1,81432533
126,24915023;3,00134277;-2,26905107
126,41299023;2,95648050;-3,63322830
126,57683023;3,00134277;-4,08642864
126,74067022;3,00134277;-4,08642864
126,90451022;3,04620504;-4,08642864
127,06835022;3,04620504;-4,54115438
127,23219022;3,00134277;-4,08642864
127,39603022;3,00134277;-3,63322830
127,55987022;3,00134277;-2,72377706
127,72371022;3,00134277;-2,26905107
127,88755022;3,04620504;-0,90639967
128,05139022;3,04620504;0,91097748
128,21523022;3,00134277;1,82042897
128,37907021;3,00134277;3,18308043
128,54291021;2,95648050;3,63780618
128,70675021;3,00134277;4,54420614
128,87059021;3,04620504;5,45365763
129,03443021;3,09091473;5,45365763
129,19827021;3,04620504;5,45365763
129,36211021;3,00134277;5,45365763
129,52595021;3,00134277;4,54420614
129,68979021;3,00134277;3,63780618
129,85363021;3,00134277;2,27362871
130,01747020;3,04620504;1,36570334
130,18131020;3,04620504;0,00305185
130,34515020;3,00134277;-1,81432533
130,50899020;3,00134277;-2,72377706
130,67283020;3,04620504;-4,08642864
130,83667020;3,04620504;-4,99587965
131,00051020;3,04620504;-5,45060539
131,16435020;3,04620504;-5,45060539
131,32819020;3,04620504;-5,45060539
131,49203020;3,04620504;-5,45060539
131,65587019;3,00134277;-4,54115438
131,81971019;3,00134277;-3,63322830
131,98355019;3,00134277;-2,26905107
132,14739019;3,04620504;-0,45167392
132,31123019;3,04620504;0,91097748
132,47507019;3,00134277;2,72835469
132,63891019;3,00134277;3,63780618
132,80275019;3,00134277;4,99893188
132,96659019;3,00134277;6,36158323
133,13043019;3,04620504;6,81630898
133,29427018;3,04620504;6,81630898
133,45811018;3,00134277;6,81630898
133,62195018;3,00134277;6,36158323
133,78579018;3,00134277;4,99893188
133,94963018;3,00134277;3,63780618
134,11347018;3,04620504;2,27362871
134,27731018;3,04620504;0,91097748
134,44115018;3,00134277;-1,81432533
134,60499018;3,00134277;-3,17850280
134,76883018;3,00134277;-4,54115438
134,93267017;3,04620504;-6,35853148
135,09651017;3,04620504;-7,26798248
135,26035017;3,04620504;-7,72118282
135,42419017;3,04620504;-7,72118282
135,58803017;3,00134277;-7,26798248
135,75187017;3,00134277;-6,81325722
135,91571017;3,00134277;-5,45060539
136,07955017;3,04620504;-3,63322830
136,24339017;3,04620504;-1,81432533
136,40723017;3,00134277;0,00305185
136,57107016;3,00134277;1,82042897
136,73491016;3,00134277;3,63780618
136,89875016;3,04620504;5,45365763
137,06259016;3,04620504;7,27103472
137,22643016;3,04620504;8,17895985
137,39027016;3,00134277;8,17895985
137,55411016;3,00134277;8,17895985
137,71795016;3,00134277;8,17895985
137,88179016;3,04620504;6,81630898
138,04563016;3,04620504;4,99893188
138,20947015;3,04620504;3,63780618
138,37331015;3,00134277;1,36570334
138,53715015;3,04620504;-0,90639967
138,70099015;3,00134277;-3,17850280
138,86483015;3,04620504;-5,45060539
139,02867015;3,04620504;-6,81325722
139,19251015;3,04620504;-7,72118282
139,35635015;3,00134277;-8,17590809
139,52019015;3,04620504;-9,08536053
139,68403015;3,00134277;-9,08536053
139,84787014;3,00134277;-7,72118282
140,01171014;3,00134277;-6,35853148
140,17555014;3,04620504;-4,54115438
140,33939014;3,00134277;-2,72377706
140,50323014;3,04620504;0,00305185
140,66707014;2,95648050;1,82042897
140,83091014;3,00134277;4,54420614
140,99475014;3,04620504;6,81630898
141,15859014;3,04620504;8,17895985
141,32243014;3,00134277;9,08841228
141,48627013;3,00134277;9,08841228
141,65011013;3,00134277;9,54313755
141,81395013;3,00134277;8,17895985
141,97779013;3,04620504;7,27103472
142,14163013;3,04620504;5,45365763
142,30547013;3,04620504;3,18308043
142,46931013;3,04620504;0,45625171
142,63315013;3,00134277;-1,81432533
142,79699013;3,04620504;-4,08642864
142,96083013;3,04620504;-6,81325722
143,12467012;3,04620504;-8,17590809
143,28851012;3,00134277;-9,53855991
143,45235012;3,00134277;-10,44801140
143,61619012;3,04620504;-10,44801140
143,78003012;3,00134277;-9,53855991
143,94387012;3,04620504;-8,63063431
144,10771012;3,04620504;-6,35853148
144,27155012;3,00134277;-4,08642864
144,43539012;3,00134277;-1,81432533
144,59923012;3,00134277;1,36570334
144,76307012;3,00134277;4,09100580
144,92691011;3,04620504;7,27103472
145,09075011;3,04620504;9,08841228
145,25459011;3,00134277;10,45106411
145,41843011;3,00134277;10,90578938
145,58227011;3,04620504;10,90578938
145,74611011;3,00134277;10,45106411
145,90995011;3,04620504;9,08841228
146,07379011;3,04620504;6,81630898
146,23763011;3,00134277;4,54420614
146,40147011;2,95648050;1,36570334
146,56531010;3,00134277;-0,90639967
146,72915010;3,00134277;-4,54115438
146,89299010;3,04620504;-7,26798248
147,05683010;3,04620504;-9,53855991
147,22067010;3,00134277;-10,90273762
147,38451010;3,00134277;-11,81066322
147,54835010;3,00134277;-12,26538944
147,71219010;3,00134277;-11,35746288
147,87603010;3,04620504;-9,99328613
148,03987010;3,00134277;-8,17590809
148,20371009;3,00134277;-5,45060539
148,36755009;2,95648050;-2,26905107
148,53139009;3,00134277;0,91097748
148,69523009;3,04620504;4,09100580
148,85907009;3,04620504;7,27103472
149,02291009;3,00134277;9,08841228
149,18675009;3,00134277;10,90578938
149,35059009;3,04620504;11,81524086
149,51443009;3,04620504;12,26844120
149,67827009;3,04620504;11,36051559
149,84211008;3,04620504;9,99633694
150,00595008;3,00134277;7,27103472
150,16979008;3,00134277;4,99893188
150,33363008;3,00134277;1,82042897
150,49747008;3,00134277;-1,81432533
150,66131008;3,04620504;-4,54115438
150,82515008;3,00134277;-7,26798248
150,98899008;3,04620504;-10,44801140
151,15283008;3,00134277;-11,81066322
151,31667008;3,04620504;-12,72011471
151,48051007;3,00134277;-13,17483997
151,64435007;3,04620504;-11,81066322
151,80819007;3,04620504;-10,44801140
151,97203007;3,04620504;-7,72118282
152,13587007;3,00134277;-5,45060539
152,29971007;3,00134277;-1,81432533
152,46355007;3,04620504;1,82042897
152,62739007;3,04620504;4,99893188
152,79123007;3,00134277;8,17895985
152,95507007;3,04620504;10,90578938
153,11891006;3,04620504;12,26844120
153,28275006;3,04620504;12,72316647
153,44659006;3,04620504;12,72316647
153,61043006;3,04620504;11,81524086
153,77427006;3,00134277;9,54313755
153,93811006;2,95648050;6,81630898
154,10195006;3,04620504;3,63780618
154,26579006;3,04620504;0,00305185
154,42963006;3,04620504;-3,63322830
154,59347006;3,00134277;-7,26798248
154,75731005;3,04620504;-9,53855991
154,92115005;3,04620504;-11,35746288
155,08499005;3,00134277;-13,62804031
155,24883005;3,04620504;-14,08276653
155,41267005;3,04620504;-13,17483997
155,57651005;3,04620504;-11,81066322
155,74035005;3,00134277;-9,53855991
155,90419005;3,00134277;-6,35853148
156,06803005;3,00134277;-3,17850280
156,23187005;3,04620504;0,91097748
156,39571004;3,04620504;4,54420614
156,55955004;3,00134277;7,72576046
156,72339004;2,95648050;10,90578938
156,88723004;3,00134277;12,72316647
157,05107004;3,04620504;13,63261795
157,21491004;3,04620504;13,63261795
157,37875004;3,00134277;12,72316647
157,54259004;3,00134277;10,90578938
157,70643004;3,04620504;8,17895985
157,87027004;3,04620504;4,99893188
158,03411003;3,04620504;0,91097748
158,19795003;3,00134277;-2,72377706
158,36179003;3,04620504;-6,35853148
158,52563003;3,00134277;-9,08536053
158,68947003;3,00134277;-12,26538944
158,85331003;3,00134277;-14,08276653
159,01715003;3,04620504;-14,53749180
159,18099003;3,04620504;-13,62804031
159,34483003;3,04620504;-12,26538944
159,50867003;3,00134277;-9,99328613
159,67251002;3,00134277;-7,26798248
159,83635002;3,04620504;-2,72377706
160,00019002;3,04620504;0,91097748
160,16403002;3,04620504;4,54420614
160,32787002;3,00134277;8,17895985
160,49171002;3,00134277;10,90578938
160,65555002;3,00134277;12,72316647
160,81939002;3,04620504;14,08581829
160,98323002;3,00134277;13,63261795
161,14707002;3,00134277;12,26844120
161,31091001;3,00134277;10,45106411
161,47475001;3,00134277;7,27103472
161,63859001;3,04620504;4,09100580
161,80243001;3,04620504;0,00305185
161,96627001;3,04620504;-3,63322830
162,13011001;2,95648050;-7,26798248
162,29395001;3,00134277;-9,99328613
162,45779001;3,00134277;-12,72011471
162,62163001;3,04620504;-14,08276653
162,78547001;3,04620504;-14,08276653
162,94931000;3,00134277;-13,17483997
163,11315000;3,00134277;-11,35746288
163,27699000;3,00134277;-8,63063431
163,44083000;3,04620504;-4,99587965
163,60467000;3,04620504;-0,90639967
163,76851000;3,04620504;2,72835469
163,93235000;3,00134277;6,81630898
164,09619000;3,04620504;9,54313755
164,26003000;3,04620504;11,81524086
164,42387000;3,04620504;12,72316647
164,58770999;3,04620504;13,63261795
164,75154999;3,00134277;12,72316647
164,91538999;3,00134277;10,45106411
165,07922999;3,04620504;8,63368702
165,24306999;3,04620504;4,54420614
165,40690999;3,04620504;1,36570334
165,57074999;3,00134277;-2,72377706
165,73458999;3,00134277;-6,35853148
165,89842999;3,00134277;-9,53855991
166,06226999;3,00134277;-12,26538944
166,22610998;3,04620504;-13,62804031
166,38994998;3,04620504;-14,53749180
166,55378998;3,00134277;-13,62804031
166,71762998;3,04620504;-12,26538944
166,88146998;3,04620504;-9,08536053
167,04530998;3,04620504;-5,90380573
167,20914998;3,00134277;-1,81432533
167,37298998;3,00134277;1,82042897
167,53682998;3,04620504;5,90838337
167,70066998;3,04620504;9,08841228
167,86450997;3,04620504;11,81524086
168,02834997;3,04620504;12,72316647
168,19218997;3,00134277;13,63261795
168,35602997;2,95648050;12,72316647
168,51986997;3,00134277;10,90578938
168,68370997;3,04620504;8,63368702
168,84754997;3,04620504;5,45365763
169,01138997;3,00134277;1,36570334
169,17522997;3,00134277;-2,26905107
169,33906997;3,00134277;-5,90380573
169,50290996;2,95648050;-9,99328613
169,66674996;3,04620504;-12,72011471
169,83058996;3,04620504;-13,62804031
169,99442996;3,04620504;-14,53749180
170,15826996;2,95648050;-13,17483997
170,32210996;3,04620504;-11,35746288
170,48594996;3,04620504;-9,08536053
170,64978996;3,04620504;-5,45060539
170,81362996;3,00134277;-1,81432533
170,97746996;2,95648050;1,82042897
171,14130995;3,00134277;5,90838337
171,30514995;3,00134277;9,08841228
171,46898995;3,04620504;11,36051559
171,63282995;3,00134277;12,72316647
171,79666995;3,04620504;12,72316647
171,96050995;3,00134277;11,81524086
172,12434995;3,00134277;10,45106411
172,28818995;3,04620504;7,27103472
172,45202995;3,04620504;4,09100580
172,61586995;3,00134277;0,00305185
172,77970994;3,00134277;-3,63322830
172,94354994;3,00134277;-7,26798248
173,10738994;3,04620504;-10,44801140
173,27122994;3,09091473;-12,26538944
173,43506994;3,04620504;-13,17483997
173,59890994;3,00134277;-13,17483997
173,76274994;3,04620504;-12,72011471
173,92658994;3,04620504;-10,44801140
174,09042994;3,04620504;-7,26798248
174,25426994;3,00134277;-3,63322830
174,41810993;3,04620504;0,91097748
174,58194993;3,04620504;4,54420614
174,74578993;3,00134277;7,72576046
174,90962993;3,00134277;9,54313755
175,07346993;3,04620504;12,72316647
175,23730993;3,00134277;13,17789268
175,40114993;3,00134277;12,72316647
175,56498993;3,04620504;11,36051559
175,72882993;3,04620504;9,08841228
175,89266993;3,04620504;5,90838337
176,05650992;3,00134277;1,82042897
176,22034992;3,00134277;-1,81432533
176,38418992;3,00134277;-5,45060539
176,54802992;3,04620504;-9,08536053
176,71186992;3,04620504;-11,35746288
176,87570992;3,00134277;-13,17483997
177,03954992;2,95648050;-13,62804031
177,20338992;3,04620504;-13,17483997
177,36722992;3,04620504;-10,90273762
177,53106992;3,04620504;-8,17590809
177,69490991;3,00134277;-4,54115438
177,85874991;3,00134277;-1,36112559
178,02258991;3,04620504;3,18308043
178,18642991;3,04620504;6,36158323
178,35026991;3,04620504;9,54313755
178,51410991;3,00134277;11,81524086
178,67794991;3,00134277;12,72316647
178,84178991;3,04620504;12,26844120
179,00562991;3,00134277;10,90578938
179,16946991;3,04620504;9,08841228
179,33330990;3,00134277;6,36158323
179,49714990;3,04620504;3,18308043
179,66098990;3,00134277;-0,90639967
179,82482990;3,04620504;-4,54115438
179,98866990;3,04620504;-8,17590809
180,15250990;3,00134277;-11,35746288
180,31634990;3,00134277;-12,26538944
180,48018990;2,95648050;-13,17483997
180,64402990;3,04620504;-12,72011471
180,80786990;3,04620504;-10,90273762
180,97170989;3,04620504;-8,17590809
181,13554989;3,04620504;-5,45060539
181,29938989;2,95648050;-1,36112559
181,46322989;3,04620504;2,72835469
181,62706989;3,04620504;6,36158323
181,79090989;3,04620504;9,08841228
181,95474989;3,04620504;10,90578938
182,11858989;3,00134277;12,26844120
182,28242989;3,00134277;12,72316647
182,44626989;3,04620504;11,81524086
182,61010988;3,04620504;9,54313755
182,77394988;3,04620504;6,36158323
182,93778988;2,95648050;2,72835469
183,10162988;3,04620504;-0,45167392
183,26546988;3,00134277;-4,54115438
183,42930988;3,04620504;-8,17590809
183,59314988;3,04620504;-10,90273762
183,75698988;3,00134277;-12,26538944
183,92082988;3,04620504;-12,72011471
184,08466988;3,04620504;-12,72011471
184,24850988;3,04620504;-10,44801140
184,41234987;3,04620504;-7,26798248
184,57618987;3,04620504;-4,99587965
184,74002987;3,04620504;-1,36112559
184,90386987;3,04620504;3,63780618
185,06770987;3,04620504;5,45365763
185,23154987;3,04620504;8,63368702
185,39538987;3,00134277;10,90578938
185,55922987;3,04620504;12,26844120
185,72306987;3,04620504;11,81524086
185,88690987;3,04620504;10,90578938
186,05074986;3,00134277;8,63368702
186,21458986;3,00134277;5,45365763
186,37842986;3,00134277;1,82042897
186,54226986;3,04620504;-1,36112559
186,70610986;3,04620504;-5,45060539
186,86994986;3,04620504;-7,72118282
187,03378986;3,04620504;-10,44801140
187,19762986;2,95648050;-11,35746288
187,36146986;3,04620504;-11,81066322
187,52530986;3,04620504;-10,90273762
187,68914985;3,04620504;-9,08536053
187,85298985;3,00134277;-6,35853148
188,01682985;3,04620504;-3,63322830
188,18066985;3,00134277;0,00305185
188,34450985;3,04620504;3,63780618
188,50834985;3,09091473;7,27103472
188,67218985;3,00134277;9,08841228
188,83602985;2,95648050;10,90578938
188,99986985;3,00134277;10,90578938
189,16370985;3,04620504;10,90578938
189,32754984;3,04620504;9,08841228
189,49138984;3,00134277;6,81630898
189,65522984;3,04620504;3,63780618
189,81906984;3,04620504;0,45625171
189,98290984;3,04620504;-2,72377706
190,14674984;3,04620504;-5,90380573
190,31058984;3,04620504;-8,63063431
190,47442984;3,00134277;-10,44801140
190,63826984;3,04620504;-11,35746288
190,80210984;3,04620504;-10,90273762
190,96594983;3,04620504;-9,53855991
191,12978983;3,00134277;-7,26798248
191,29362983;3,00134277;-4,54115438
191,45746983;3,04620504;-1,36112559
191,62130983;3,04620504;2,27362871
191,78514983;3,04620504;4,99893188
191,94898983;3,04620504;8,17895985
192,11282983;2,95648050;9,54313755
192,27666983;3,00134277;10,90578938
192,44050983;3,04620504;10,90578938
192,60434982;3,04620504;9,99633694
192,76818982;3,04620504;7,27103472
192,93202982;3,00134277;4,54420614
193,09586982;3,00134277;1,82042897
193,25970982;3,04620504;-1,81432533
193,42354982;3,04620504;-4,54115438
193,58738982;3,04620504;-7,26798248
193,75122982;3,00134277;-9,08536053
193,91506982;3,04620504;-10,44801140
194,07890982;3,04620504;-9,99328613
194,24274981;3,04620504;-9,08536053
194,40658981;3,04620504;-7,26798248
194,57042981;3,00134277;-4,54115438
194,73426981;3,04620504;-1,81432533
194,89810981;3,04620504;1,82042897
195,06194981;3,04620504;4,09100580
195,22578981;3,00134277;7,27103472
195,38962981;2,95648050;9,08841228
195,55346981;3,00134277;9,54313755
195,71730981;3,04620504;9,99633694
195,88114980;3,04620504;8,63368702
196,04498980;3,00134277;7,27103472
196,20882980;3,04620504;4,54420614
196,37266980;3,00134277;1,82042897
196,53650980;3,00134277;-1,36112559
196,70034980;3,04620504;-4,54115438
196,86418980;3,00134277;-7,26798248
197,02802980;3,00134277;-9,08536053
197,19186980;3,04620504;-9,53855991
197,35570980;3,04620504;-9,53855991
197,51954979;3,04620504;-9,08536053
197,68338979;3,04620504;-6,81325722
197,84722979;3,00134277;-4,08642864
198,01106979;3,04620504;-0,90639967
198,17490979;3,04620504;1,82042897
198,33874979;3,04620504;4,54420614
198,50258979;3,00134277;6,81630898
198,66642979;2,95648050;8,17895985
198,83026979;3,04620504;9,08841228
198,99410979;3,04620504;9,08841228
199,15794978;3,04620504;8,17895985
199,32178978;3,04620504;6,81630898
199,48562978;3,04620504;3,63780618
199,64946978;3,00134277;1,36570334
199,81330978;3,04620504;-1,81432533
199,97714978;3,04620504;-4,54115438
200,14098978;3,00134277;-6,81325722
200,30482978;2,95648050;-8,17590809
200,46866978;3,00134277;-9,53855991
200,63250978;3,04620504;-9,08536053
200,79634977;3,04620504;-7,72118282
200,96018977;3,04620504;-5,90380573
201,12402977;3,00134277;-3,63322830
201,28786977;3,00134277;-0,45167392
201,45170977;3,04620504;1,82042897
201,61554977;3,04620504;4,54420614
201,77938977;3,04620504;6,81630898
201,94322977;3,04620504;8,17895985
202,10706977;3,04620504;8,63368702
202,27090977;3,04620504;8,17895985
202,43474976;3,00134277;7,27103472
202,59858976;3,04620504;5,45365763
202,76242976;3,00134277;2,72835469
202,92626976;3,04620504;0,00305185
203,09010976;3,04620504;-2,72377706
203,25394976;3,00134277;-5,45060539
203,41778976;3,00134277;-7,26798248
203,58162976;3,00134277;-8,63063431
203,74546976;3,00134277;-9,08536053
203,90930976;3,04620504;-7,72118282
204,07314975;3,04620504;-6,81325722
204,23698975;3,04620504;-4,54115438
204,40082975;3,04620504;-1,36112559
204,56466975;3,00134277;0,91097748
204,72850975;3,04620504;3,63780618
204,89234975;3,04620504;5,45365763
205,05618975;3,00134277;7,27103472
205,22002975;3,00134277;8,17895985
205,38386975;3,04620504;8,17895985
205,54770975;3,04620504;7,27103472
205,71154974;3,04620504;6,36158323
205,87538974;3,00134277;3,63780618
206,03922974;3,00134277;0,91097748
206,20306974;3,00134277;-1,81432533
206,36690974;3,04620504;-4,08642864
206,53074974;3,04620504;-6,35853148
206,69458974;3,00134277;-8,17590809
206,85842974;3,00134277;-8,63063431
207,02226974;3,04620504;-8,63063431
207,18610974;3,04620504;-7,26798248
207,34994973;3,00134277;-5,90380573
207,51378973;2,95648050;-3,17850280
207,67762973;3,00134277;-0,45167392
207,84146973;3,04620504;2,27362871
208,00530973;3,04620504;4,54420614
208,16914973;3,04620504;6,81630898
208,33298973;3,04620504;7,72576046
208,49682973;3,04620504;8,63368702
208,66066973;3,04620504;8,17895985
208,82450973;3,00134277;6,81630898
208,98834972;3,00134277;3,63780618
209,15218972;3,04620504;1,82042897
209,31602972;3,00134277;-0,90639967
209,47986972;3,04620504;-3,63322830
209,64370972;3,00134277;-6,35853148
209,80754972;3,04620504;-7,72118282
209,97138972;3,04620504;-9,08536053
210,13522972;3,04620504;-9,08536053
210,29906972;3,04620504;-8,17590809
210,46290972;3,00134277;-6,35853148
210,62674971;3,00134277;-3,63322830
210,79058971;3,04620504;-0,90639967
210,95442971;3,00134277;1,82042897
211,11826971;3,04620504;4,54420614
211,28210971;3,00134277;6,36158323
211,44594971;3,00134277;8,17895985
211,60978971;3,00134277;9,08841228
211,77362971;3,04620504;8,17895985
211,93746971;3,04620504;7,27103472
212,10130971;3,04620504;5,45365763
212,26514970;3,04620504;2,72835469
212,42898970;3,04620504;0,00305185
212,59282970;3,04620504;-3,17850280
212,75666970;3,04620504;-5,90380573
212,92050970;3,04620504;-7,72118282
213,08434970;3,00134277;-9,08536053
213,24818970;3,04620504;-9,99328613
213,41202970;3,04620504;-9,08536053
213,57586970;3,04620504;-7,26798248
213,73970970;3,04620504;-4,54115438
213,90354969;3,09091473;-1,81432533
214,06738969;3,04620504;1,36570334
214,23122969;3,04620504;4,54420614
214,39506969;3,00134277;5,45365763
214,55890969;3,00134277;8,17895985
214,72274969;3,04620504;9,08841228
214,88658969;3,04620504;9,08841228
215,05042969;3,04620504;8,17895985
215,21426969;3,00134277;6,36158323
215,37810969;3,04620504;3,18308043
215,54194968;3,00134277;0,00305185
215,70578968;3,00134277;-2,72377706
215,86962968;3,04620504;-5,90380573
216,03346968;3,04620504;-7,72118282
216,19730968;3,00134277;-9,99328613
216,36114968;3,04620504;-10,44801140
216,52498968;3,04620504;-9,53855991
216,68882968;3,04620504;-7,72118282
216,85266968;3,04620504;-5,45060539
217,01650968;3,00134277;-2,72377706
217,18034967;3,04620504;0,91097748
217,34418967;3,04620504;4,09100580
217,50802967;3,04620504;6,36158323
217,67186967;3,00134277;9,08841228
217,83570967;3,00134277;10,45106411
217,99954967;3,00134277;9,99633694
218,16338967;3,04620504;9,08841228
218,32722967;3,00134277;7,27103472
218,49106967;3,04620504;3,63780618
218,65490967;3,04620504;1,36570334
218,81874966;3,04620504;-2,26905107
218,98258966;3,04620504;-5,45060539
219,14642966;3,04620504;-8,63063431
219,31026966;3,04620504;-9,99328613
219,47410966;3,00134277;-11,81066322
219,63794966;3,09091473;-10,90273762
219,80178966;3,04620504;-9,08536053
219,96562966;3,04620504;-6,35853148
220,12946966;3,04620504;-3,63322830
220,29330966;3,00134277;0,00305185
220,45714965;3,04620504;3,63780618
220,62098965;3,04620504;6,81630898
220,78482965;3,04620504;9,08841228
220,94866965;3,00134277;10,90578938
221,11250965;3,00134277;10,45106411
221,27634965;3,04620504;9,99633694
221,44018965;3,04620504;7,72576046
221,60402965;3,04620504;4,99893188
221,76786965;3,00134277;1,36570334
221,93170965;3,04620504;-2,26905107
222,09554965;3,04620504;-5,45060539
222,25938964;3,04620504;-8,63063431
222,42322964;3,04620504;-10,90273762
222,58706964;3,04620504;-11,35746288
222,75090964;3,04620504;-11,35746288
222,91474964;3,04620504;-9,99328613
223,07858964;3,04620504;-7,26798248
223,24242964;3,09091473;-4,08642864
223,40626964;3,00134277;0,00305185
223,57010964;3,04620504;4,09100580
223,73394964;3,04620504;7,27103472
223,89778963;3,00134277;9,99633694
224,06162963;3,04620504;11,36051559
224,22546963;3,00134277;11,81524086
224,38930963;3,04620504;10,90578938
224,55314963;3,04620504;9,08841228
224,71698963;3,04620504;5,45365763
224,88082963;2,95648050;0,91097748
225,04466963;3,00134277;-2,26905107
225,20850963;3,04620504;-5,45060539
225,37234963;3,04620504;-9,08536053
225,53618962;2,95648050;-11,35746288
225,70002962;3,00134277;-12,26538944
225,86386962;3,04620504;-12,72011471
226,02770962;3,04620504;-10,90273762
226,19154962;3,04620504;-7,72118282
226,35538962;3,00134277;-4,08642864
226,51922962;3,04620504;0,00305185
226,68306962;3,04620504;4,09100580
226,84690962;3,04620504;7,27103472
227,01074962;3,04620504;10,45106411
227,17458961;3,04620504;12,26844120
227,33842961;3,04620504;12,72316647
227,50226961;3,13577676;11,81524086
227,66610961;3,04620504;9,54313755
227,82994961;3,04620504;6,36158323
227,99378961;3,04620504;1,82042897
228,15762961;3,04620504;-1,81432533
228,32146961;3,04620504;-6,35853148
228,48530961;3,04620504;-9,53855991
228,64914961;3,00134277;-11,81066322
228,81298960;3,04620504;-13,17483997
228,97682960;3,04620504;-13,17483997
229,14066960;3,04620504;-10,90273762
229,30450960;3,04620504;-7,72118282
229,46834960;3,04620504;-4,08642864
229,63218960;3,04620504;0,00305185
229,79602960;3,00134277;3,63780618
229,95986960;3,04620504;8,17895985
230,12370960;3,00134277;10,90578938
230,28754960;3,04620504;13,17789268
230,45138959;3,04620504;13,63261795
230,61522959;3,04620504;12,26844120
230,77906959;3,04620504;9,99633694
230,94290959;3,00134277;6,36158323
231,10674959;3,04620504;2,27362871
231,27058959;3,04620504;-2,26905107
231,43442959;3,04620504;-7,26798248
231,59826959;3,04620504;-10,90273762
231,76210959;3,04620504;-12,72011471
231,92594959;3,04620504;-14,53749180
232,08978958;3,04620504;-13,62804031
232,25362958;3,04620504;-11,35746288
232,41746958;3,04620504;-8,63063431
232,58130958;3,04620504;-4,54115438
232,74514958;3,04620504;0,00305185
232,90898958;3,04620504;4,54420614
233,07282958;3,04620504;8,63368702
233,23666958;3,04620504;11,81524086
233,40050958;3,00134277;13,63261795
233,56434958;3,04620504;14,08581829
233,72818957;3,00134277;12,72316647
233,89202957;3,00134277;9,99633694
234,05586957;3,04620504;6,36158323
234,21970957;3,04620504;1,82042897
234,38354957;3,09091473;-2,72377706
234,54738957;3,04620504;-7,26798248
234,71122957;3,04620504;-11,35746288
234,87506957;3,04620504;-14,53749180
235,03890957;3,04620504;-14,53749180
235,20274957;3,04620504;-14,53749180
235,36658956;3,04620504;-11,81066322
235,53042956;3,04620504;-8,63063431
235,69426956;3,04620504;-4,08642864
235,85810956;3,04620504;0,91097748
236,02194956;3,09091473;5,45365763
236,18578956;3,04620504;9,99633694
236,34962956;3,00134277;12,72316647
236,51346956;3,04620504;14,54054356
236,67730956;3,04620504;15,44999504
236,84114956;3,04620504;13,17789268
237,00498955;3,04620504;10,45106411
237,16882955;3,04620504;6,36158323
237,33266955;3,04620504;0,91097748
237,49650955;3,04620504;-3,63322830
237,66034955;3,04620504;-8,63063431
237,82418955;2,95648050;-12,72011471
237,98802955;3,04620504;-14,53749180
238,15186955;3,09091473;-15,90014362
238,31570955;3,00134277;-14,53749180
238,47954955;3,04620504;-11,81066322
238,64338954;3,04620504;-8,17590809
238,80722954;3,04620504;-3,63322830
238,97106954;3,04620504;1,82042897
239,13490954;3,04620504;6,81630898
239,29874954;3,00134277;10,90578938
239,46258954;3,04620504;14,08581829
239,62642954;3,04620504;15,44999504
239,79026954;3,04620504;14,99526978
239,95410954;3,04620504;13,17789268
240,11794954;3,04620504;9,99633694
240,28178953;3,00134277;5,45365763
240,44562953;3,04620504;0,00305185
240,60946953;3,00134277;-5,45060539
240,77330953;3,00134277;-9,99328613
240,93714953;3,00134277;-13,62804031
241,10098953;3,04620504;-15,90014362
241,26482953;3,04620504;-16,35486984
241,42866953;3,04620504;-14,53749180
241,59250953;3,00134277;-11,81066322
241,75634953;3,04620504;-7,26798248
241,92018952;3,04620504;-1,81432533
242,08402952;3,04620504;3,63780618
242,24786952;3,04620504;8,63368702
242,41170952;3,04620504;12,72316647
242,57554952;3,04620504;15,44999504
242,73938952;3,04620504;16,35791969
242,90322952;3,04620504;15,44999504
243,06706952;2,95648050;13,17789268
243,23090952;3,04620504;9,08841228
243,39474952;3,00134277;3,63780618
243,55858951;3,04620504;-1,36112559
243,72242951;3,00134277;-7,26798248
243,88626951;2,95648050;-11,35746288
244,05010951;3,04620504;-14,99221802
244,21394951;3,09091473;-16,35486984
244,37778951;3,04620504;-16,35486984
244,54162951;3,04620504;-14,53749180
244,70546951;3,04620504;-11,35746288
244,86930951;3,04620504;-5,45060539
245,03314951;3,04620504;-0,45167392
245,19698950;3,04620504;4,99893188
245,36082950;3,00134277;10,45106411
245,52466950;3,04620504;14,08581829
245,68850950;3,04620504;16,35791969
245,85234950;3,04620504;16,81264496
246,01618950;3,04620504;15,44999504
246,18002950;3,04620504;12,72316647
246,34386950;3,04620504;8,17895985
246,50770950;3,00134277;0,91097748
246,67154950;3,04620504;-3,63322830
246,83538949;3,04620504;-9,08536053
246,99922949;3,04620504;-13,17483997
247,16306949;3,04620504;-17,26279449
247,32690949;3,04620504;-17,26279449
247,49074949;3,00134277;-16,35486984
247,65458949;3,04620504;-14,53749180
247,81842949;3,04620504;-9,99328613
247,98226949;3,04620504;-4,08642864
248,14610949;3,04620504;1,82042897
248,30994949;3,00134277;7,27103472
248,47378948;3,00134277;12,26844120
248,63762948;3,04620504;15,90319443
248,80146948;3,04620504;17,72057152
248,96530948;3,00134277;17,26737404
249,12914948;3,13577676;15,44999504
249,29298948;3,04620504;11,36051559
249,45682948;3,04620504;6,36158323
249,62066948;3,04620504;0,00305185
249,78450948;3,04620504;-5,45060539
249,94834948;3,04620504;-10,90273762
250,11218947;3,04620504;-14,99221802
250,27602947;3,04620504;-17,71751976
