Tempo;Canal A;Canal B
(ms);(V);(mV)

-250,21502376;3,76293230;0,00305185
-250,05118376;3,85250401;0,91097748
-249,88734376;3,71807003;0,00305185
-249,72350376;3,85250401;-0,45167392
-249,55966376;3,71807003;0,00305185
-249,39582376;3,76293230;0,00305185
-249,23198376;3,76293230;0,00305185
-249,06814376;3,71807003;0,00305185
-248,90430376;3,76293230;0,00305185
-248,74046376;3,71807003;0,00305185
-248,57662377;3,71807003;0,00305185
-248,41278377;3,76293230;0,00305185
-248,24894377;3,76293230;-0,45167392
-248,08510377;3,71807003;0,00305185
-247,92126377;3,76293230;0,00305185
-247,75742377;3,76293230;0,00305185
-247,59358377;3,76293230;0,00305185
-247,42974377;3,76293230;0,00305185
-247,26590377;3,76293230;0,00305185
-247,10206377;3,76293230;0,00305185
-246,93822378;3,76293230;0,00305185
-246,77438378;3,71807003;0,00305185
-246,61054378;3,76293230;0,00305185
-246,44670378;3,71807003;0,00305185
-246,28286378;3,76293230;0,00305185
-246,11902378;3,76293230;0,00305185
-245,95518378;3,76293230;0,00305185
-245,79134378;3,71807003;0,00305185
-245,62750378;3,76293230;0,00305185
-245,46366378;3,76293230;0,00305185
-245,29982379;3,76293230;0,00305185
-245,13598379;3,76293230;0,00305185
-244,97214379;3,71807003;0,00305185
-244,80830379;3,71807003;0,00305185
-244,64446379;3,76293230;0,00305185
-244,48062379;3,76293230;0,00305185
-244,31678379;3,76293230;0,00305185
-244,15294379;3,76293230;0,00305185
-243,98910379;3,76293230;0,00305185
-243,82526379;3,76293230;0,45625171
-243,66142380;3,71807003;0,00305185
-243,49758380;3,76293230;0,00305185
-243,33374380;3,67336035;-0,90639967
-243,16990380;3,76293230;0,00305185
-243,00606380;3,76293230;0,00305185
-242,84222380;3,71807003;0,00305185
-242,67838380;3,76293230;0,00305185
-242,51454380;3,76293230;0,00305185
-242,35070380;3,58378863;0,00305185
-242,18686380;3,76293230;0,00305185
-242,02302381;3,76293230;0,00305185
-241,85918381;3,76293230;0,00305185
-241,69534381;3,76293230;0,00305185
-241,53150381;3,71807003;0,00305185
-241,36766381;3,71807003;0,00305185
-241,20382381;3,76293230;0,00305185
-241,03998381;3,71807003;0,00305185
-240,87614381;3,71807003;0,00305185
-240,71230381;3,76293230;0,00305185
-240,54846381;3,76293230;0,00305185
-240,38462382;3,76293230;0,00305185
-240,22078382;3,76293230;0,00305185
-240,05694382;3,76293230;0,00305185
-239,89310382;3,71807003;0,00305185
-239,72926382;3,67336035;0,00305185
-239,56542382;3,71807003;0,00305185
-239,40158382;3,80779433;0,00305185
-239,23774382;3,76293230;0,00305185
-239,07390382;3,71807003;0,00305185
-238,91006382;3,71807003;0,00305185
-238,74622383;3,76293230;0,00305185
-238,58238383;3,76293230;0,00305185
-238,41854383;3,76293230;0,00305185
-238,25470383;3,67336035;0,00305185
-238,09086383;3,76293230;0,00305185
-237,92702383;3,76293230;0,00305185
-237,76318383;3,71807003;0,00305185
-237,59934383;3,71807003;0,00305185
-237,43550383;3,71807003;0,00305185
-237,27166383;3,76293230;0,00305185
-237,10782384;3,76293230;0,00305185
-236,94398384;3,76293230;0,00305185
-236,78014384;3,76293230;0,00305185
-236,61630384;3,71807003;0,00305185
-236,45246384;3,76293230;0,00305185
-236,28862384;3,76293230;0,00305185
-236,12478384;3,76293230;0,00305185
-235,96094384;3,76293230;0,00305185
-235,79710384;3,71807003;0,00305185
-235,63326384;3,71807003;0,00305185
-235,46942385;3,71807003;0,00305185
-235,30558385;3,76293230;0,00305185
-235,14174385;3,76293230;0,00305185
-234,97790385;3,67336035;0,00305185
-234,81406385;3,67336035;0,00305185
-234,65022385;3,76293230;0,00305185
-234,48638385;3,76293230;0,00305185
-234,32254385;3,71807003;-0,45167392
-234,15870385;3,71807003;0,00305185
-233,99486385;3,76293230;0,00305185
-233,83102386;3,76293230;0,00305185
-233,66718386;3,71807003;0,00305185
-233,50334386;3,76293230;0,00305185
-233,33950386;3,76293230;-0,45167392
-233,17566386;3,76293230;0,00305185
-233,01182386;3,76293230;0,00305185
-232,84798386;3,76293230;1,82042897
-232,68414386;3,71807003;0,00305185
-232,52030386;3,76293230;0,00305185
-232,35646386;3,58378863;0,00305185
-232,19262387;3,76293230;0,00305185
-232,02878387;3,76293230;0,00305185
-231,86494387;3,71807003;0,00305185
-231,70110387;3,71807003;0,00305185
-231,53726387;3,76293230;0,00305185
-231,37342387;3,76293230;0,00305185
-231,20958387;3,76293230;0,00305185
-231,04574387;3,76293230;0,00305185
-230,88190387;3,76293230;0,00305185
-230,71806387;3,71807003;0,00305185
-230,55422388;3,71807003;0,00305185
-230,39038388;3,76293230;0,00305185
-230,22654388;3,71807003;0,00305185
-230,06270388;3,67336035;0,00305185
-229,89886388;3,71807003;0,00305185
-229,73502388;3,71807003;0,00305185
-229,57118388;3,76293230;0,00305185
-229,40734388;3,71807003;0,00305185
-229,24350388;3,76293230;0,00305185
-229,07966388;3,71807003;0,00305185
-228,91582389;3,76293230;0,00305185
-228,75198389;3,71807003;0,00305185
-228,58814389;3,71807003;0,00305185
-228,42430389;3,76293230;0,00305185
-228,26046389;3,67336035;0,00305185
-228,09662389;3,76293230;0,00305185
-227,93278389;3,76293230;0,00305185
-227,76894389;3,80779433;0,91097748
-227,60510389;3,76293230;0,91097748
-227,44126389;3,76293230;0,00305185
-227,27742390;3,76293230;0,00305185
-227,11358390;3,76293230;0,00305185
-226,94974390;3,76293230;0,00305185
-226,78590390;3,71807003;0,00305185
-226,62206390;3,76293230;0,00305185
-226,45822390;3,76293230;0,00305185
-226,29438390;3,76293230;0,45625171
-226,13054390;3,76293230;0,00305185
-225,96670390;3,71807003;0,00305185
-225,80286390;3,76293230;0,00305185
-225,63902391;3,71807003;0,00305185
-225,47518391;3,71807003;0,00305185
-225,31134391;3,76293230;0,00305185
-225,14750391;3,76293230;0,00305185
-224,98366391;3,76293230;0,00305185
-224,81982391;3,71807003;0,00305185
-224,65598391;3,76293230;0,00305185
-224,49214391;3,71807003;0,00305185
-224,32830391;3,71807003;0,00305185
-224,16446391;3,71807003;0,00305185
-224,00062392;3,76293230;0,00305185
-223,83678392;3,76293230;0,00305185
-223,67294392;3,76293230;0,00305185
-223,50910392;3,76293230;0,00305185
-223,34526392;3,76293230;0,00305185
-223,18142392;3,76293230;0,00305185
-223,01758392;3,71807003;0,00305185
-222,85374392;3,71807003;0,91097748
-222,68990392;3,76293230;0,00305185
-222,52606392;3,76293230;0,00305185
-222,36222393;3,67336035;-0,45167392
-222,19838393;3,71807003;0,45625171
-222,03454393;3,71807003;0,00305185
-221,87070393;3,76293230;0,91097748
-221,70686393;3,71807003;0,00305185
-221,54302393;3,76293230;0,00305185
-221,37918393;3,76293230;0,00305185
-221,21534393;3,76293230;0,00305185
-221,05150393;3,76293230;0,00305185
-220,88766393;3,76293230;0,00305185
-220,72382394;3,76293230;0,00305185
-220,55998394;3,76293230;0,00305185
-220,39614394;3,76293230;0,00305185
-220,23230394;3,76293230;0,00305185
-220,06846394;3,76293230;0,00305185
-219,90462394;3,76293230;0,00305185
-219,74078394;3,76293230;0,00305185
-219,57694394;3,71807003;0,00305185
-219,41310394;3,76293230;0,91097748
-219,24926394;3,76293230;0,00305185
-219,08542395;3,76293230;0,00305185
-218,92158395;3,71807003;0,00305185
-218,75774395;3,71807003;0,00305185
-218,59390395;3,71807003;0,00305185
-218,43006395;3,76293230;0,00305185
-218,26622395;3,67336035;0,00305185
-218,10238395;3,71807003;0,00305185
-217,93854395;3,76293230;0,00305185
-217,77470395;3,67336035;0,00305185
-217,61086395;3,71807003;0,00305185
-217,44702396;3,76293230;0,00305185
-217,28318396;3,94207597;0,00305185
-217,11934396;3,71807003;0,00305185
-216,95550396;3,71807003;0,00305185
-216,79166396;3,76293230;0,00305185
-216,62782396;3,71807003;0,00305185
-216,46398396;3,76293230;0,00305185
-216,30014396;3,76293230;0,00305185
-216,13630396;3,58378863;0,91097748
-215,97246396;3,76293230;0,00305185
-215,80862397;3,80779433;0,00305185
-215,64478397;3,76293230;0,00305185
-215,48094397;3,76293230;0,00305185
-215,31710397;3,71807003;0,00305185
-215,15326397;3,71807003;0,00305185
-214,98942397;3,71807003;0,00305185
-214,82558397;3,76293230;0,00305185
-214,66174397;3,80779433;0,00305185
-214,49790397;3,71807003;0,00305185
-214,33406397;3,76293230;0,00305185
-214,17022398;3,71807003;0,00305185
-214,00638398;3,76293230;0,00305185
-213,84254398;3,76293230;0,00305185
-213,67870398;3,67336035;0,45625171
-213,51486398;3,76293230;0,00305185
-213,35102398;3,76293230;0,00305185
-213,18718398;3,76293230;0,00305185
-213,02334398;3,71807003;0,00305185
-212,85950398;3,76293230;0,00305185
-212,69566398;3,71807003;0,45625171
-212,53182399;3,71807003;0,00305185
-212,36798399;3,76293230;0,00305185
-212,20414399;3,71807003;0,00305185
-212,04030399;3,76293230;0,91097748
-211,87646399;3,76293230;0,00305185
-211,71262399;3,71807003;0,00305185
-211,54878399;3,71807003;0,00305185
-211,38494399;3,76293230;0,91097748
-211,22110399;3,76293230;0,00305185
-211,05726399;3,71807003;0,00305185
-210,89342400;3,67336035;-0,90639967
-210,72958400;3,76293230;0,00305185
-210,56574400;3,76293230;0,00305185
-210,40190400;3,76293230;0,00305185
-210,23806400;3,71807003;0,00305185
-210,07422400;3,76293230;0,00305185
-209,91038400;3,71807003;0,00305185
-209,74654400;3,67336035;0,00305185
-209,58270400;3,71807003;0,00305185
-209,41886400;3,76293230;0,00305185
-209,25502400;3,76293230;0,00305185
-209,09118401;3,71807003;0,00305185
-208,92734401;3,76293230;0,00305185
-208,76350401;3,76293230;0,00305185
-208,59966401;3,76293230;0,00305185
-208,43582401;3,71807003;0,00305185
-208,27198401;3,71807003;0,00305185
-208,10814401;3,76293230;0,00305185
-207,94430401;3,76293230;0,00305185
-207,78046401;3,71807003;0,00305185
-207,61662401;3,76293230;0,00305185
-207,45278402;3,76293230;0,00305185
-207,28894402;3,76293230;0,00305185
-207,12510402;3,71807003;0,00305185
-206,96126402;3,71807003;0,00305185
-206,79742402;3,76293230;0,00305185
-206,63358402;3,76293230;0,00305185
-206,46974402;3,71807003;0,00305185
-206,30590402;3,76293230;0,45625171
-206,14206402;3,76293230;0,00305185
-205,97822402;3,76293230;0,00305185
-205,81438403;3,62849808;0,45625171
-205,65054403;3,71807003;0,00305185
-205,48670403;3,76293230;0,00305185
-205,32286403;3,76293230;0,00305185
-205,15902403;3,71807003;0,00305185
-204,99518403;3,71807003;0,00305185
-204,83134403;3,76293230;0,00305185
-204,66750403;3,71807003;0,00305185
-204,50366403;3,76293230;0,00305185
-204,33982403;3,76293230;0,00305185
-204,17598404;3,76293230;0,00305185
-204,01214404;3,71807003;0,00305185
-203,84830404;3,76293230;0,00305185
-203,68446404;3,76293230;0,00305185
-203,52062404;3,71807003;0,00305185
-203,35678404;3,76293230;0,00305185
-203,19294404;3,76293230;0,00305185
-203,02910404;3,67336035;0,00305185
-202,86526404;3,76293230;0,00305185
-202,70142404;3,71807003;0,00305185
-202,53758405;3,76293230;0,00305185
-202,37374405;3,76293230;0,00305185
-202,20990405;3,71807003;0,00305185
-202,04606405;3,76293230;0,00305185
-201,88222405;3,76293230;0,00305185
-201,71838405;3,76293230;0,00305185
-201,55454405;3,76293230;0,00305185
-201,39070405;3,76293230;0,00305185
-201,22686405;3,76293230;0,00305185
-201,06302405;3,76293230;0,00305185
-200,89918406;3,76293230;0,00305185
-200,73534406;3,71807003;0,00305185
-200,57150406;3,71807003;0,00305185
-200,40766406;3,71807003;0,00305185
-200,24382406;3,76293230;0,00305185
-200,07998406;3,76293230;0,00305185
-199,91614406;3,89736629;0,00305185
-199,75230406;3,76293230;0,00305185
-199,58846406;3,76293230;0,00305185
-199,42462406;3,76293230;-0,45167392
-199,26078407;3,76293230;0,00305185
-199,09694407;3,71807003;0,00305185
-198,93310407;3,76293230;0,00305185
-198,76926407;3,71807003;0,00305185
-198,60542407;3,71807003;0,00305185
-198,44158407;3,76293230;0,00305185
-198,27774407;3,76293230;0,00305185
-198,11390407;3,76293230;0,00305185
-197,95006407;3,76293230;0,00305185
-197,78622407;3,71807003;0,00305185
-197,62238408;3,67336035;0,00305185
-197,45854408;3,76293230;0,00305185
-197,29470408;3,76293230;0,00305185
-197,13086408;3,76293230;0,00305185
-196,96702408;3,76293230;0,00305185
-196,80318408;3,76293230;0,00305185
-196,63934408;3,76293230;0,00305185
-196,47550408;3,71807003;0,00305185
-196,31166408;3,76293230;0,00305185
-196,14782408;3,71807003;0,00305185
-195,98398409;3,76293230;0,00305185
-195,82014409;3,76293230;0,00305185
-195,65630409;3,76293230;0,00305185
-195,49246409;3,71807003;0,00305185
-195,32862409;3,76293230;0,00305185
-195,16478409;3,76293230;0,00305185
-195,00094409;3,71807003;0,00305185
-194,83710409;3,71807003;0,00305185
-194,67326409;3,71807003;0,00305185
-194,50942409;3,76293230;0,00305185
-194,34558410;3,71807003;0,00305185
-194,18174410;3,71807003;0,00305185
-194,01790410;3,76293230;0,00305185
-193,85406410;3,76293230;0,00305185
-193,69022410;3,76293230;0,00305185
-193,52638410;3,76293230;0,00305185
-193,36254410;3,80779433;0,45625171
-193,19870410;3,71807003;0,00305185
-193,03486410;3,76293230;0,00305185
-192,87102410;3,76293230;0,00305185
-192,70718411;3,76293230;0,00305185
-192,54334411;3,76293230;0,00305185
-192,37950411;3,76293230;0,91097748
-192,21566411;3,71807003;0,00305185
-192,05182411;3,76293230;0,00305185
-191,88798411;3,76293230;0,00305185
-191,72414411;3,71807003;0,00305185
-191,56030411;3,76293230;0,00305185
-191,39646411;3,76293230;0,00305185
-191,23262411;3,71807003;0,00305185
-191,06878412;3,76293230;0,00305185
-190,90494412;3,76293230;0,00305185
-190,74110412;3,71807003;0,00305185
-190,57726412;3,71807003;0,00305185
-190,41342412;3,76293230;0,00305185
-190,24958412;3,76293230;0,00305185
-190,08574412;3,71807003;0,00305185
-189,92190412;3,71807003;0,00305185
-189,75806412;3,71807003;0,00305185
-189,59422412;3,71807003;0,00305185
-189,43038413;3,67336035;0,00305185
-189,26654413;3,71807003;0,00305185
-189,10270413;3,76293230;0,00305185
-188,93886413;3,80779433;0,00305185
-188,77502413;3,76293230;0,45625171
-188,61118413;3,76293230;0,00305185
-188,44734413;3,71807003;0,00305185
-188,28350413;3,71807003;0,00305185
-188,11966413;3,71807003;0,00305185
-187,95582413;3,71807003;0,00305185
-187,79198414;3,76293230;0,00305185
-187,62814414;3,71807003;0,00305185
-187,46430414;3,76293230;0,00305185
-187,30046414;3,71807003;0,00305185
-187,13662414;3,76293230;0,00305185
-186,97278414;3,76293230;0,00305185
-186,80894414;3,71807003;0,00305185
-186,64510414;3,76293230;0,00305185
-186,48126414;3,76293230;0,00305185
-186,31742414;3,71807003;0,00305185
-186,15358415;3,76293230;0,00305185
-185,98974415;3,76293230;0,00305185
-185,82590415;3,71807003;0,00305185
-185,66206415;3,71807003;0,00305185
-185,49822415;3,71807003;0,00305185
-185,33438415;3,71807003;0,00305185
-185,17054415;3,71807003;0,00305185
-185,00670415;3,76293230;0,00305185
-184,84286415;3,71807003;0,00305185
-184,67902415;3,71807003;0,00305185
-184,51518416;3,71807003;0,00305185
-184,35134416;3,76293230;0,00305185
-184,18750416;3,76293230;0,00305185
-184,02366416;3,76293230;0,00305185
-183,85982416;3,76293230;-0,45167392
-183,69598416;3,71807003;0,00305185
-183,53214416;3,76293230;0,00305185
-183,36830416;3,76293230;0,00305185
-183,20446416;3,76293230;0,00305185
-183,04062416;3,71807003;0,00305185
-182,87678417;3,76293230;0,00305185
-182,71294417;3,71807003;0,00305185
-182,54910417;3,76293230;0,00305185
-182,38526417;3,71807003;0,00305185
-182,22142417;3,71807003;0,00305185
-182,05758417;3,71807003;0,00305185
-181,89374417;3,71807003;0,00305185
-181,72990417;3,71807003;0,00305185
-181,56606417;3,71807003;0,00305185
-181,40222417;3,76293230;0,00305185
-181,23838418;3,76293230;0,45625171
-181,07454418;3,71807003;0,00305185
-180,91070418;3,71807003;0,00305185
-180,74686418;3,76293230;0,00305185
-180,58302418;3,71807003;0,00305185
-180,41918418;3,76293230;0,00305185
-180,25534418;3,76293230;0,00305185
-180,09150418;3,76293230;0,00305185
-179,92766418;3,71807003;0,00305185
-179,76382418;3,76293230;0,00305185
-179,59998419;3,71807003;0,00305185
-179,43614419;3,76293230;-0,45167392
-179,27230419;3,71807003;0,00305185
-179,10846419;3,76293230;0,00305185
-178,94462419;3,76293230;0,00305185
-178,78078419;3,71807003;0,00305185
-178,61694419;3,67336035;0,00305185
-178,45310419;3,67336035;0,00305185
-178,28926419;3,76293230;0,00305185
-178,12542419;3,71807003;0,00305185
-177,96158420;3,80779433;0,00305185
-177,79774420;3,71807003;0,00305185
-177,63390420;3,71807003;0,00305185
-177,47006420;3,76293230;0,00305185
-177,30622420;3,76293230;0,00305185
-177,14238420;3,71807003;0,00305185
-176,97854420;3,71807003;0,00305185
-176,81470420;3,67336035;0,45625171
-176,65086420;3,71807003;0,00305185
-176,48702420;3,76293230;0,00305185
-176,32318421;3,76293230;0,00305185
-176,15934421;3,71807003;0,00305185
-175,99550421;3,71807003;0,00305185
-175,83166421;3,71807003;0,00305185
-175,66782421;3,76293230;0,00305185
-175,50398421;3,76293230;0,00305185
-175,34014421;3,71807003;0,00305185
-175,17630421;3,76293230;0,00305185
-175,01246421;3,76293230;0,00305185
-174,84862421;3,76293230;0,00305185
-174,68478422;3,76293230;0,00305185
-174,52094422;3,76293230;0,00305185
-174,35710422;3,71807003;0,00305185
-174,19326422;3,76293230;0,00305185
-174,02942422;3,76293230;0,00305185
-173,86558422;3,76293230;0,00305185
-173,70174422;3,76293230;0,00305185
-173,53790422;3,76293230;0,00305185
-173,37406422;3,58378863;0,00305185
-173,21022422;3,76293230;0,00305185
-173,04638423;3,76293230;0,00305185
-172,88254423;3,62849808;0,00305185
-172,71870423;3,76293230;0,00305185
-172,55486423;3,71807003;0,00305185
-172,39102423;3,76293230;-0,90639967
-172,22718423;3,76293230;0,00305185
-172,06334423;3,76293230;0,00305185
-171,89950423;3,71807003;0,00305185
-171,73566423;3,76293230;0,00305185
-171,57182423;3,76293230;0,00305185
-171,40798423;3,76293230;0,00305185
-171,24414424;3,76293230;0,00305185
-171,08030424;3,76293230;0,00305185
-170,91646424;3,76293230;0,00305185
-170,75262424;3,76293230;0,00305185
-170,58878424;3,80779433;-0,45167392
-170,42494424;3,76293230;0,00305185
-170,26110424;3,71807003;0,00305185
-170,09726424;3,76293230;0,00305185
-169,93342424;3,76293230;0,00305185
-169,76958424;3,76293230;0,00305185
-169,60574425;3,76293230;-0,45167392
-169,44190425;3,76293230;0,00305185
-169,27806425;3,76293230;0,00305185
-169,11422425;3,76293230;0,00305185
-168,95038425;3,67336035;0,00305185
-168,78654425;3,71807003;0,00305185
-168,62270425;3,76293230;0,00305185
-168,45886425;3,62849808;0,00305185
-168,29502425;3,71807003;-0,45167392
-168,13118425;3,76293230;0,00305185
-167,96734426;3,67336035;0,00305185
-167,80350426;3,76293230;0,00305185
-167,63966426;3,76293230;0,00305185
-167,47582426;3,76293230;-0,45167392
-167,31198426;3,67336035;0,00305185
-167,14814426;3,76293230;0,00305185
-166,98430426;3,85250401;0,00305185
-166,82046426;3,76293230;0,00305185
-166,65662426;3,67336035;-0,45167392
-166,49278426;3,76293230;0,00305185
-166,32894427;3,71807003;0,00305185
-166,16510427;3,76293230;0,00305185
-166,00126427;3,71807003;0,00305185
-165,83742427;3,71807003;0,00305185
-165,67358427;3,71807003;0,00305185
-165,50974427;3,76293230;0,00305185
-165,34590427;3,76293230;0,00305185
-165,18206427;3,76293230;0,00305185
-165,01822427;3,71807003;0,00305185
-164,85438427;3,71807003;0,00305185
-164,69054428;3,71807003;0,00305185
-164,52670428;3,71807003;0,00305185
-164,36286428;3,71807003;0,00305185
-164,19902428;3,76293230;0,00305185
-164,03518428;3,76293230;0,00305185
-163,87134428;3,76293230;0,00305185
-163,70750428;3,71807003;0,00305185
-163,54366428;3,71807003;0,00305185
-163,37982428;3,76293230;0,00305185
-163,21598428;3,76293230;0,00305185
-163,05214429;3,76293230;-0,45167392
-162,88830429;3,76293230;0,00305185
-162,72446429;3,71807003;0,00305185
-162,56062429;3,76293230;0,00305185
-162,39678429;3,76293230;0,00305185
-162,23294429;3,76293230;0,00305185
-162,06910429;3,76293230;0,00305185
-161,90526429;3,71807003;0,00305185
-161,74142429;3,71807003;0,00305185
-161,57758429;3,76293230;0,00305185
-161,41374430;3,76293230;0,00305185
-161,24990430;3,76293230;0,00305185
-161,08606430;3,76293230;0,00305185
-160,92222430;3,76293230;0,00305185
-160,75838430;3,76293230;-0,45167392
-160,59454430;3,71807003;0,00305185
-160,43070430;3,76293230;0,00305185
-160,26686430;3,76293230;0,00305185
-160,10302430;3,76293230;0,00305185
-159,93918430;3,76293230;0,00305185
-159,77534431;3,76293230;0,00305185
-159,61150431;3,76293230;0,00305185
-159,44766431;3,76293230;0,00305185
-159,28382431;3,76293230;0,00305185
-159,11998431;3,76293230;0,00305185
-158,95614431;3,71807003;0,00305185
-158,79230431;3,71807003;0,00305185
-158,62846431;3,71807003;0,00305185
-158,46462431;3,71807003;0,00305185
-158,30078431;3,76293230;0,00305185
-158,13694432;3,76293230;0,00305185
-157,97310432;3,76293230;0,00305185
-157,80926432;3,71807003;0,00305185
-157,64542432;3,76293230;0,00305185
-157,48158432;3,71807003;0,00305185
-157,31774432;3,76293230;0,00305185
-157,15390432;3,76293230;0,00305185
-156,99006432;3,67336035;0,00305185
-156,82622432;3,76293230;0,00305185
-156,66238432;3,71807003;0,00305185
-156,49854433;3,71807003;1,36570334
-156,33470433;3,76293230;0,00305185
-156,17086433;3,76293230;0,00305185
-156,00702433;3,71807003;0,00305185
-155,84318433;3,71807003;0,00305185
-155,67934433;3,71807003;0,00305185
-155,51550433;3,76293230;0,00305185
-155,35166433;3,71807003;0,00305185
-155,18782433;3,76293230;0,00305185
-155,02398433;3,71807003;0,00305185
-154,86014434;3,76293230;0,00305185
-154,69630434;3,76293230;0,00305185
-154,53246434;3,76293230;0,00305185
-154,36862434;3,71807003;-0,45167392
-154,20478434;3,67336035;-0,45167392
-154,04094434;3,76293230;0,00305185
-153,87710434;3,71807003;0,00305185
-153,71326434;3,76293230;0,00305185
-153,54942434;3,76293230;-0,45167392
-153,38558434;3,71807003;0,00305185
-153,22174435;3,76293230;0,00305185
-153,05790435;3,76293230;0,00305185
-152,89406435;3,71807003;0,00305185
-152,73022435;3,71807003;0,00305185
-152,56638435;3,71807003;0,00305185
-152,40254435;3,71807003;0,00305185
-152,23870435;3,76293230;0,00305185
-152,07486435;3,71807003;0,00305185
-151,91102435;3,76293230;-0,45167392
-151,74718435;3,76293230;0,00305185
-151,58334436;3,76293230;-0,45167392
-151,41950436;3,67336035;0,00305185
-151,25566436;3,76293230;-0,45167392
-151,09182436;3,71807003;-0,45167392
-150,92798436;3,94207597;-0,45167392
-150,76414436;3,76293230;0,00305185
-150,60030436;3,71807003;0,00305185
-150,43646436;3,76293230;0,00305185
-150,27262436;3,67336035;0,00305185
-150,10878436;3,76293230;0,00305185
-149,94494437;3,76293230;-0,45167392
-149,78110437;3,76293230;-0,45167392
-149,61726437;3,76293230;-0,45167392
-149,45342437;3,76293230;-0,45167392
-149,28958437;3,76293230;0,00305185
-149,12574437;3,76293230;-0,45167392
-148,96190437;3,76293230;-0,45167392
-148,79806437;3,76293230;-0,45167392
-148,63422437;3,76293230;-0,45167392
-148,47038437;3,76293230;-0,45167392
-148,30654438;3,76293230;-0,45167392
-148,14270438;3,71807003;-0,45167392
-147,97886438;3,76293230;-0,45167392
-147,81502438;3,76293230;-0,45167392
-147,65118438;3,76293230;-0,45167392
-147,48734438;3,71807003;0,00305185
-147,32350438;3,76293230;-0,45167392
-147,15966438;3,76293230;0,00305185
-146,99582438;3,71807003;-0,45167392
-146,83198438;3,71807003;-0,45167392
-146,66814439;3,71807003;0,00305185
-146,50430439;3,71807003;-0,45167392
-146,34046439;3,76293230;0,00305185
-146,17662439;3,76293230;0,00305185
-146,01278439;3,76293230;-0,45167392
-145,84894439;3,76293230;-0,45167392
-145,68510439;3,71807003;-0,45167392
-145,52126439;3,76293230;-0,45167392
-145,35742439;3,71807003;-0,45167392
-145,19358439;3,71807003;-0,45167392
-145,02974440;3,76293230;-0,45167392
-144,86590440;3,71807003;-0,45167392
-144,70206440;3,76293230;-0,45167392
-144,53822440;3,76293230;-0,45167392
-144,37438440;3,76293230;-0,45167392
-144,21054440;3,76293230;-0,45167392
-144,04670440;3,85250401;-0,45167392
-143,88286440;3,76293230;-0,45167392
-143,71902440;3,71807003;-0,45167392
-143,55518440;3,71807003;-0,45167392
-143,39134441;3,85250401;-1,36112559
-143,22750441;3,76293230;-0,90639967
-143,06366441;3,76293230;-0,45167392
-142,89982441;3,76293230;-0,45167392
-142,73598441;3,76293230;-0,45167392
-142,57214441;3,76293230;-0,45167392
-142,40830441;3,76293230;-0,45167392
-142,24446441;3,71807003;-0,45167392
-142,08062441;3,76293230;-0,45167392
-141,91678441;3,71807003;-0,45167392
-141,75294442;3,76293230;-0,45167392
-141,58910442;3,76293230;-0,45167392
-141,42526442;3,76293230;-0,45167392
-141,26142442;3,76293230;-0,45167392
-141,09758442;3,76293230;-0,45167392
-140,93374442;3,76293230;-0,90639967
-140,76990442;3,71807003;-0,45167392
-140,60606442;3,76293230;-0,45167392
-140,44222442;3,67336035;-0,90639967
-140,27838442;3,71807003;-0,45167392
-140,11454443;3,71807003;-0,45167392
-139,95070443;3,76293230;0,00305185
-139,78686443;3,76293230;-0,90639967
-139,62302443;3,76293230;-0,45167392
-139,45918443;3,76293230;-0,45167392
-139,29534443;3,76293230;-0,90639967
-139,13150443;3,76293230;-0,45167392
-138,96766443;3,71807003;-0,45167392
-138,80382443;3,76293230;-0,45167392
-138,63998443;3,71807003;-0,45167392
-138,47614444;3,71807003;-0,90639967
-138,31230444;3,71807003;-0,45167392
-138,14846444;3,71807003;-0,45167392
-137,98462444;3,71807003;-0,90639967
-137,82078444;3,76293230;-1,81432533
-137,65694444;3,71807003;-0,45167392
-137,49310444;3,71807003;-0,45167392
-137,32926444;3,71807003;-0,45167392
-137,16542444;3,76293230;-0,90639967
-137,00158444;3,71807003;-0,45167392
-136,83774445;3,71807003;-0,90639967
-136,67390445;3,71807003;-0,90639967
-136,51006445;3,76293230;-0,45167392
-136,34622445;3,76293230;-0,90639967
-136,18238445;3,76293230;-0,90639967
-136,01854445;3,67336035;-0,90639967
-135,85470445;3,76293230;-0,90639967
-135,69086445;3,67336035;-0,90639967
-135,52702445;3,71807003;-0,90639967
-135,36318445;3,76293230;-0,90639967
-135,19934446;3,76293230;-0,90639967
-135,03550446;3,71807003;-0,90639967
-134,87166446;3,76293230;-0,90639967
-134,70782446;3,71807003;-0,90639967
-134,54398446;3,76293230;-1,36112559
-134,38014446;3,71807003;-0,90639967
-134,21630446;3,71807003;-0,90639967
-134,05246446;3,85250401;-0,90639967
-133,88862446;3,71807003;-0,90639967
-133,72478446;3,71807003;-0,90639967
-133,56094446;3,76293230;-0,90639967
-133,39710447;3,76293230;-0,90639967
-133,23326447;3,76293230;-0,90639967
-133,06942447;3,76293230;-0,90639967
-132,90558447;3,76293230;-0,45167392
-132,74174447;3,71807003;-0,90639967
-132,57790447;3,71807003;-0,90639967
-132,41406447;3,76293230;-0,90639967
-132,25022447;3,76293230;-0,90639967
-132,08638447;3,67336035;-0,45167392
-131,92254447;3,76293230;-0,90639967
-131,75870448;3,76293230;-0,90639967
-131,59486448;3,76293230;-0,90639967
-131,43102448;3,71807003;-0,90639967
-131,26718448;3,76293230;-0,90639967
-131,10334448;3,71807003;-0,90639967
-130,93950448;3,76293230;-0,90639967
-130,77566448;3,71807003;-0,90639967
-130,61182448;3,71807003;-0,90639967
-130,44798448;3,71807003;-0,90639967
-130,28414448;3,58378863;-0,45167392
-130,12030449;3,76293230;-0,90639967
-129,95646449;3,67336035;-0,45167392
-129,79262449;3,71807003;-0,90639967
-129,62878449;3,76293230;-0,90639967
-129,46494449;3,76293230;-0,45167392
-129,30110449;3,71807003;-0,90639967
-129,13726449;3,76293230;-0,90639967
-128,97342449;3,76293230;-0,45167392
-128,80958449;3,76293230;-0,90639967
-128,64574449;3,76293230;-0,90639967
-128,48190450;3,71807003;-0,90639967
-128,31806450;3,76293230;-0,90639967
-128,15422450;3,71807003;-0,90639967
-127,99038450;3,76293230;-0,45167392
-127,82654450;3,76293230;-0,90639967
-127,66270450;3,76293230;-0,45167392
-127,49886450;3,76293230;-0,45167392
-127,33502450;3,71807003;-0,90639967
-127,17118450;3,71807003;-0,45167392
-127,00734450;3,71807003;-0,90639967
-126,84350451;3,71807003;-0,90639967
-126,67966451;3,76293230;-0,90639967
-126,51582451;3,76293230;-0,90639967
-126,35198451;3,76293230;-0,90639967
-126,18814451;3,76293230;-0,90639967
-126,02430451;3,76293230;-0,90639967
-125,86046451;3,76293230;-0,45167392
-125,69662451;3,71807003;-0,45167392
-125,53278451;3,71807003;-0,45167392
-125,36894451;3,71807003;-0,45167392
-125,20510452;3,76293230;-0,45167392
-125,04126452;3,71807003;-0,90639967
-124,87742452;3,76293230;-0,90639967
-124,71358452;3,76293230;-0,45167392
-124,54974452;3,76293230;-0,45167392
-124,38590452;3,76293230;-0,45167392
-124,22206452;3,76293230;-0,45167392
-124,05822452;3,76293230;-0,45167392
-123,89438452;3,71807003;-0,45167392
-123,73054452;3,71807003;-0,45167392
-123,56670453;3,71807003;-0,45167392
-123,40286453;3,71807003;-0,45167392
-123,23902453;3,76293230;-0,90639967
-123,07518453;3,76293230;-0,45167392
-122,91134453;3,71807003;-0,45167392
-122,74750453;3,76293230;-0,45167392
-122,58366453;3,71807003;-0,45167392
-122,41982453;3,71807003;-0,45167392
-122,25598453;3,76293230;-0,90639967
-122,09214453;3,71807003;-0,90639967
-121,92830454;3,76293230;-0,45167392
-121,76446454;3,76293230;-0,45167392
-121,60062454;3,76293230;-0,90639967
-121,43678454;3,71807003;-0,45167392
-121,27294454;3,71807003;-0,45167392
-121,10910454;3,71807003;-0,90639967
-120,94526454;3,76293230;-0,90639967
-120,78142454;3,76293230;-0,45167392
-120,61758454;3,71807003;-0,90639967
-120,45374454;3,76293230;-0,45167392
-120,28990455;3,76293230;-0,45167392
-120,12606455;3,76293230;-0,45167392
-119,96222455;3,71807003;-0,45167392
-119,79838455;3,76293230;-0,45167392
-119,63454455;3,76293230;-0,45167392
-119,47070455;3,76293230;-0,45167392
-119,30686455;3,71807003;-0,45167392
-119,14302455;3,71807003;-0,45167392
-118,97918455;3,71807003;-0,45167392
-118,81534455;3,71807003;-0,45167392
-118,65150456;3,76293230;-0,90639967
-118,48766456;3,76293230;-0,45167392
-118,32382456;3,71807003;-0,45167392
-118,15998456;3,76293230;-0,45167392
-117,99614456;3,76293230;-1,81432533
-117,83230456;3,76293230;-0,45167392
-117,66846456;3,76293230;-0,90639967
-117,50462456;3,71807003;-0,45167392
-117,34078456;3,76293230;-0,45167392
-117,17694456;3,76293230;-0,45167392
-117,01310457;3,76293230;-0,45167392
-116,84926457;3,76293230;-0,90639967
-116,68542457;3,71807003;-0,45167392
-116,52158457;3,76293230;-0,90639967
-116,35774457;3,71807003;-0,45167392
-116,19390457;3,76293230;-0,45167392
-116,03006457;3,76293230;-0,90639967
-115,86622457;3,76293230;-0,45167392
-115,70238457;3,62849808;-1,36112559
-115,53854457;3,76293230;-0,45167392
-115,37470458;3,67336035;-0,45167392
-115,21086458;3,76293230;-0,45167392
-115,04702458;3,76293230;-0,45167392
-114,88318458;3,71807003;-0,45167392
-114,71934458;3,76293230;-0,45167392
-114,55550458;3,76293230;-0,45167392
-114,39166458;3,76293230;-0,45167392
-114,22782458;3,71807003;-0,45167392
-114,06398458;3,76293230;-0,45167392
-113,90014458;3,76293230;-0,45167392
-113,73630459;3,71807003;-0,45167392
-113,57246459;3,76293230;-0,90639967
-113,40862459;3,76293230;-0,45167392
-113,24478459;3,76293230;-0,45167392
-113,08094459;3,76293230;-0,45167392
-112,91710459;3,76293230;-0,45167392
-112,75326459;3,76293230;-0,45167392
-112,58942459;3,67336035;-0,90639967
-112,42558459;3,71807003;-0,45167392
-112,26174459;3,76293230;-0,45167392
-112,09790460;3,71807003;-0,45167392
-111,93406460;3,76293230;-0,45167392
-111,77022460;3,76293230;-0,45167392
-111,60638460;3,76293230;0,00305185
-111,44254460;3,76293230;-0,45167392
-111,27870460;3,76293230;-0,45167392
-111,11486460;3,76293230;-0,45167392
-110,95102460;3,76293230;-0,45167392
-110,78718460;3,76293230;-0,45167392
-110,62334460;3,76293230;-0,45167392
-110,45950461;3,76293230;-0,45167392
-110,29566461;3,76293230;-0,45167392
-110,13182461;3,76293230;-0,45167392
-109,96798461;3,76293230;-0,45167392
-109,80414461;3,76293230;-0,45167392
-109,64030461;3,76293230;-0,45167392
-109,47646461;3,71807003;-0,45167392
-109,31262461;3,76293230;-0,45167392
-109,14878461;3,71807003;-0,45167392
-108,98494461;3,71807003;-0,45167392
-108,82110462;3,76293230;-0,45167392
-108,65726462;3,76293230;-0,45167392
-108,49342462;3,76293230;-0,45167392
-108,32958462;3,76293230;-0,45167392
-108,16574462;3,76293230;-0,45167392
-108,00190462;3,76293230;-0,45167392
-107,83806462;3,76293230;-0,45167392
-107,67422462;3,76293230;-0,45167392
-107,51038462;3,71807003;-0,45167392
-107,34654462;3,76293230;-0,45167392
-107,18270463;3,76293230;-0,45167392
-107,01886463;3,58378863;-0,45167392
-106,85502463;3,76293230;-0,45167392
-106,69118463;3,71807003;-0,45167392
-106,52734463;3,85250401;-1,36112559
-106,36350463;3,76293230;-0,45167392
-106,19966463;3,76293230;-0,45167392
-106,03582463;3,76293230;-0,45167392
-105,87198463;3,76293230;-0,45167392
-105,70814463;3,76293230;-0,45167392
-105,54430464;3,76293230;-0,45167392
-105,38046464;3,76293230;-0,45167392
-105,21662464;3,71807003;-0,45167392
-105,05278464;3,76293230;-0,45167392
-104,88894464;3,76293230;-0,45167392
-104,72510464;3,76293230;-0,45167392
-104,56126464;3,71807003;-0,45167392
-104,39742464;3,76293230;-0,45167392
-104,23358464;3,71807003;-0,45167392
-104,06974464;3,76293230;-0,45167392
-103,90590465;3,76293230;-0,45167392
-103,74206465;3,76293230;-0,45167392
-103,57822465;3,76293230;-0,45167392
-103,41438465;3,76293230;-0,45167392
-103,25054465;3,71807003;-0,45167392
-103,08670465;3,76293230;-0,90639967
-102,92286465;3,71807003;-0,45167392
-102,75902465;3,76293230;-0,45167392
-102,59518465;3,76293230;-0,45167392
-102,43134465;3,71807003;-0,45167392
-102,26750466;3,76293230;-0,45167392
-102,10366466;3,76293230;-0,45167392
-101,93982466;3,76293230;-0,45167392
-101,77598466;3,76293230;-0,90639967
-101,61214466;3,76293230;-0,90639967
-101,44830466;3,71807003;-0,45167392
-101,28446466;3,76293230;-0,45167392
-101,12062466;3,76293230;-0,45167392
-100,95678466;3,71807003;-0,45167392
-100,79294466;3,76293230;-0,90639967
-100,62910467;3,85250401;-1,36112559
-100,46526467;3,71807003;-0,45167392
-100,30142467;3,76293230;-0,90639967
-100,13758467;3,76293230;-0,90639967
-99,97374467;3,76293230;-0,45167392
-99,80990467;3,76293230;-0,90639967
-99,64606467;3,76293230;-0,45167392
-99,48222467;3,71807003;-0,45167392
-99,31838467;3,62849808;-0,90639967
-99,15454467;3,76293230;-0,45167392
-98,99070468;3,71807003;-0,45167392
-98,82686468;3,71807003;-0,45167392
-98,66302468;3,71807003;-0,45167392
-98,49918468;3,76293230;-0,90639967
-98,33534468;3,71807003;-0,45167392
-98,17150468;3,76293230;-0,45167392
-98,00766468;3,76293230;-0,90639967
-97,84382468;3,71807003;-0,90639967
-97,67998468;3,71807003;-0,45167392
-97,51614468;3,76293230;-0,45167392
-97,35230469;3,71807003;-0,45167392
-97,18846469;3,76293230;-0,45167392
-97,02462469;3,71807003;-0,90639967
-96,86078469;3,71807003;-0,45167392
-96,69694469;3,76293230;-0,45167392
-96,53310469;3,76293230;-0,90639967
-96,36926469;3,76293230;-0,45167392
-96,20542469;3,76293230;-0,45167392
-96,04158469;3,71807003;-0,90639967
-95,87774469;3,76293230;-0,45167392
-95,71390470;3,67336035;-0,45167392
-95,55006470;3,67336035;-0,45167392
-95,38622470;3,67336035;-0,45167392
-95,22238470;3,71807003;-0,45167392
-95,05854470;3,67336035;-0,45167392
-94,89470470;3,76293230;-0,45167392
-94,73086470;3,71807003;-0,45167392
-94,56702470;3,76293230;-0,45167392
-94,40318470;3,71807003;-0,90639967
-94,23934470;3,76293230;-0,45167392
-94,07550470;3,76293230;-0,90639967
-93,91166471;3,76293230;-0,45167392
-93,74782471;3,76293230;-0,45167392
-93,58398471;3,76293230;-0,45167392
-93,42014471;3,76293230;-0,45167392
-93,25630471;3,76293230;-0,45167392
-93,09246471;3,76293230;-0,45167392
-92,92862471;3,76293230;-0,45167392
-92,76478471;3,76293230;-0,45167392
-92,60094471;3,76293230;-0,45167392
-92,43710471;3,76293230;-0,45167392
-92,27326472;3,76293230;-0,45167392
-92,10942472;3,76293230;-0,45167392
-91,94558472;3,76293230;-0,45167392
-91,78174472;3,76293230;-0,45167392
-91,61790472;3,76293230;-0,45167392
-91,45406472;3,71807003;-0,45167392
-91,29022472;3,76293230;-0,45167392
-91,12638472;3,71807003;-0,45167392
-90,96254472;3,76293230;-0,45167392
-90,79870472;3,76293230;-0,45167392
-90,63486473;3,71807003;-0,45167392
-90,47102473;3,71807003;-0,45167392
-90,30718473;3,76293230;-0,45167392
-90,14334473;3,76293230;-0,90639967
-89,97950473;3,71807003;-0,45167392
-89,81566473;3,76293230;-0,45167392
-89,65182473;3,67336035;0,00305185
-89,48798473;3,76293230;-0,45167392
-89,32414473;3,76293230;-0,45167392
-89,16030473;3,67336035;-1,81432533
-88,99646474;3,76293230;-0,45167392
-88,83262474;3,71807003;-0,45167392
-88,66878474;3,80779433;0,00305185
-88,50494474;3,71807003;-0,45167392
-88,34110474;3,76293230;0,00305185
-88,17726474;3,76293230;-0,45167392
-88,01342474;3,76293230;-0,45167392
-87,84958474;3,76293230;-0,45167392
-87,68574474;3,62849808;-0,45167392
-87,52190474;3,76293230;-0,45167392
-87,35806475;3,76293230;-0,45167392
-87,19422475;3,71807003;-0,45167392
-87,03038475;3,76293230;-0,45167392
-86,86654475;3,76293230;-0,45167392
-86,70270475;3,76293230;-0,45167392
-86,53886475;3,62849808;0,00305185
-86,37502475;3,76293230;-0,45167392
-86,21118475;3,76293230;-0,45167392
-86,04734475;3,76293230;-0,45167392
-85,88350475;3,71807003;-0,45167392
-85,71966476;3,71807003;-0,45167392
-85,55582476;3,71807003;-0,45167392
-85,39198476;3,67336035;0,00305185
-85,22814476;3,76293230;-0,45167392
-85,06430476;3,67336035;-0,45167392
-84,90046476;3,71807003;-0,45167392
-84,73662476;3,76293230;-0,45167392
-84,57278476;3,67336035;-0,45167392
-84,40894476;3,76293230;-0,45167392
-84,24510476;3,71807003;-0,45167392
-84,08126477;3,76293230;-1,81432533
-83,91742477;3,76293230;-0,45167392
-83,75358477;3,71807003;-0,45167392
-83,58974477;3,67336035;-0,90639967
-83,42590477;3,58378863;0,00305185
-83,26206477;3,76293230;-0,45167392
-83,09822477;3,76293230;-0,45167392
-82,93438477;3,76293230;-0,45167392
-82,77054477;3,76293230;-0,45167392
-82,60670477;3,71807003;-0,45167392
-82,44286478;3,76293230;-0,45167392
-82,27902478;3,71807003;-0,45167392
-82,11518478;3,71807003;-0,45167392
-81,95134478;3,76293230;-0,45167392
-81,78750478;3,76293230;-0,45167392
-81,62366478;3,76293230;-0,45167392
-81,45982478;3,71807003;-0,45167392
-81,29598478;3,71807003;-0,45167392
-81,13214478;3,71807003;-0,45167392
-80,96830478;3,76293230;-0,45167392
-80,80446479;3,76293230;-0,45167392
-80,64062479;3,76293230;0,00305185
-80,47678479;3,76293230;-0,45167392
-80,31294479;3,76293230;-0,45167392
-80,14910479;3,71807003;-0,45167392
-79,98526479;3,76293230;-0,45167392
-79,82142479;3,76293230;-0,45167392
-79,65758479;3,71807003;-0,45167392
-79,49374479;3,71807003;-0,45167392
-79,32990479;3,71807003;-0,45167392
-79,16606480;3,76293230;-0,45167392
-79,00222480;3,67336035;-0,45167392
-78,83838480;3,76293230;-0,45167392
-78,67454480;3,71807003;-0,45167392
-78,51070480;3,71807003;-0,45167392
-78,34686480;3,76293230;0,00305185
-78,18302480;3,67336035;-0,90639967
-78,01918480;3,76293230;0,00305185
-77,85534480;3,76293230;-0,45167392
-77,69150480;3,80779433;-0,45167392
-77,52766481;3,76293230;-0,45167392
-77,36382481;3,76293230;-0,45167392
-77,19998481;3,76293230;0,00305185
-77,03614481;3,76293230;-0,45167392
-76,87230481;3,76293230;0,00305185
-76,70846481;3,76293230;-0,45167392
-76,54462481;3,71807003;-0,45167392
-76,38078481;3,76293230;0,00305185
-76,21694481;3,76293230;-0,45167392
-76,05310481;3,76293230;0,00305185
-75,88926482;3,76293230;-0,45167392
-75,72542482;3,71807003;-0,45167392
-75,56158482;3,76293230;-0,45167392
-75,39774482;3,76293230;-0,45167392
-75,23390482;3,76293230;-0,45167392
-75,07006482;3,71807003;-0,45167392
-74,90622482;3,71807003;0,00305185
-74,74238482;3,76293230;-0,45167392
-74,57854482;3,76293230;-0,45167392
-74,41470482;3,76293230;-0,45167392
-74,25086483;3,76293230;0,00305185
-74,08702483;3,71807003;-0,45167392
-73,92318483;3,76293230;-0,45167392
-73,75934483;3,71807003;-0,45167392
-73,59550483;3,76293230;-0,45167392
-73,43166483;3,76293230;-0,45167392
-73,26782483;3,71807003;-0,45167392
-73,10398483;3,67336035;-0,45167392
-72,94014483;3,71807003;-0,45167392
-72,77630483;3,71807003;0,00305185
-72,61246484;3,71807003;0,00305185
-72,44862484;3,76293230;-0,45167392
-72,28478484;3,76293230;0,00305185
-72,12094484;3,76293230;-0,45167392
-71,95710484;3,76293230;-0,45167392
-71,79326484;3,76293230;-0,45167392
-71,62942484;3,71807003;0,00305185
-71,46558484;3,76293230;-0,45167392
-71,30174484;3,76293230;0,00305185
-71,13790484;3,76293230;-0,45167392
-70,97406485;3,76293230;0,00305185
-70,81022485;3,71807003;-0,45167392
-70,64638485;3,76293230;-0,45167392
-70,48254485;3,76293230;-0,45167392
-70,31870485;3,71807003;0,00305185
-70,15486485;3,76293230;0,00305185
-69,99102485;3,71807003;0,00305185
-69,82718485;3,67336035;0,00305185
-69,66334485;3,76293230;-0,45167392
-69,49950485;3,76293230;-0,45167392
-69,33566486;3,76293230;-0,45167392
-69,17182486;3,76293230;-0,45167392
-69,00798486;3,76293230;-0,45167392
-68,84414486;3,76293230;-0,45167392
-68,68030486;3,71807003;0,00305185
-68,51646486;3,76293230;-0,45167392
-68,35262486;3,76293230;-0,45167392
-68,18878486;3,67336035;0,00305185
-68,02494486;3,67336035;-0,45167392
-67,86110486;3,76293230;-0,45167392
-67,69726487;3,71807003;0,00305185
-67,53342487;3,76293230;-0,45167392
-67,36958487;3,76293230;0,00305185
-67,20574487;3,76293230;-0,90639967
-67,04190487;3,71807003;0,00305185
-66,87806487;3,71807003;-0,45167392
-66,71422487;3,58378863;0,00305185
-66,55038487;3,76293230;-0,45167392
-66,38654487;3,71807003;-0,45167392
-66,22270487;3,62849808;0,45625171
-66,05886488;3,76293230;0,00305185
-65,89502488;3,76293230;-0,45167392
-65,73118488;3,71807003;0,00305185
-65,56734488;3,76293230;-0,45167392
-65,40350488;3,76293230;-0,45167392
-65,23966488;3,71807003;0,00305185
-65,07582488;3,76293230;-0,45167392
-64,91198488;3,76293230;0,00305185
-64,74814488;3,76293230;-0,45167392
-64,58430488;3,76293230;0,00305185
-64,42046489;3,76293230;-0,45167392
-64,25662489;3,71807003;-0,45167392
-64,09278489;3,71807003;-0,45167392
-63,92894489;3,71807003;0,00305185
-63,76510489;3,76293230;0,00305185
-63,60126489;3,76293230;-0,45167392
-63,43742489;3,76293230;-0,45167392
-63,27358489;3,76293230;0,00305185
-63,10974489;3,76293230;0,00305185
-62,94590489;3,71807003;-0,45167392
-62,78206490;3,76293230;-0,45167392
-62,61822490;3,76293230;0,00305185
-62,45438490;3,76293230;0,00305185
-62,29054490;3,67336035;0,00305185
-62,12670490;3,71807003;0,00305185
-61,96286490;3,76293230;-0,45167392
-61,79902490;3,71807003;-0,45167392
-61,63518490;3,71807003;0,00305185
-61,47134490;3,71807003;0,00305185
-61,30750490;3,71807003;0,00305185
-61,14366491;3,76293230;-0,45167392
-60,97982491;3,71807003;0,00305185
-60,81598491;3,76293230;-0,45167392
-60,65214491;3,71807003;0,00305185
-60,48830491;3,71807003;-0,45167392
-60,32446491;3,62849808;0,00305185
-60,16062491;3,76293230;-0,45167392
-59,99678491;3,71807003;-0,45167392
-59,83294491;3,71807003;0,00305185
-59,66910491;3,67336035;-0,45167392
-59,50526492;3,76293230;0,00305185
-59,34142492;3,76293230;0,00305185
-59,17758492;3,71807003;0,00305185
-59,01374492;3,76293230;0,00305185
-58,84990492;3,71807003;-0,45167392
-58,68606492;3,76293230;-0,45167392
-58,52222492;3,76293230;-0,45167392
-58,35838492;3,71807003;-0,45167392
-58,19454492;3,76293230;0,00305185
-58,03070492;3,76293230;-0,45167392
-57,86686493;3,76293230;-0,45167392
-57,70302493;3,76293230;-0,45167392
-57,53918493;3,71807003;-0,45167392
-57,37534493;3,76293230;-0,45167392
-57,21150493;3,76293230;-0,45167392
-57,04766493;3,76293230;-0,45167392
-56,88382493;3,71807003;0,00305185
-56,71998493;3,76293230;-0,45167392
-56,55614493;3,76293230;-0,45167392
-56,39230493;3,76293230;-0,45167392
-56,22846493;3,76293230;-0,90639967
-56,06462494;3,71807003;-0,45167392
-55,90078494;3,76293230;-0,45167392
-55,73694494;3,76293230;0,45625171
-55,57310494;3,76293230;-0,45167392
-55,40926494;3,76293230;0,00305185
-55,24542494;3,80779433;-0,45167392
-55,08158494;3,71807003;-0,45167392
-54,91774494;3,76293230;-0,45167392
-54,75390494;3,71807003;0,00305185
-54,59006494;3,71807003;-0,45167392
-54,42622495;3,71807003;-0,45167392
-54,26238495;3,76293230;-0,45167392
-54,09854495;3,76293230;-0,45167392
-53,93470495;3,76293230;-0,45167392
-53,77086495;3,76293230;-0,45167392
-53,60702495;3,76293230;0,00305185
-53,44318495;3,58378863;0,00305185
-53,27934495;3,76293230;-0,45167392
-53,11550495;3,76293230;0,00305185
-52,95166495;3,76293230;-0,45167392
-52,78782496;3,76293230;-0,45167392
-52,62398496;3,71807003;-0,45167392
-52,46014496;3,76293230;-0,45167392
-52,29630496;3,76293230;-0,45167392
-52,13246496;3,76293230;-0,45167392
-51,96862496;3,71807003;-0,45167392
-51,80478496;3,71807003;0,00305185
-51,64094496;3,76293230;-0,45167392
-51,47710496;3,76293230;-0,45167392
-51,31326496;3,67336035;-0,45167392
-51,14942497;3,62849808;0,00305185
-50,98558497;3,71807003;-0,45167392
-50,82174497;3,76293230;-0,45167392
-50,65790497;3,62849808;-0,90639967
-50,49406497;3,76293230;-0,45167392
-50,33022497;3,71807003;-0,45167392
-50,16638497;3,76293230;0,00305185
-50,00254497;3,76293230;-0,45167392
-49,83870497;3,76293230;-0,45167392
-49,67486497;3,71807003;-0,45167392
-49,51102498;3,67336035;-0,45167392
-49,34718498;3,76293230;-0,45167392
-49,18334498;3,76293230;0,00305185
-49,01950498;3,76293230;-0,45167392
-48,85566498;3,76293230;-0,45167392
-48,69182498;3,76293230;-0,45167392
-48,52798498;3,76293230;-0,45167392
-48,36414498;3,76293230;-0,45167392
-48,20030498;3,76293230;-0,45167392
-48,03646498;3,76293230;-0,45167392
-47,87262499;3,71807003;-0,45167392
-47,70878499;3,67336035;-0,45167392
-47,54494499;3,71807003;-0,45167392
-47,38110499;3,76293230;0,00305185
-47,21726499;3,76293230;-0,45167392
-47,05342499;3,71807003;-0,45167392
-46,88958499;3,76293230;-0,45167392
-46,72574499;3,76293230;-0,45167392
-46,56190499;3,76293230;-0,45167392
-46,39806499;3,76293230;0,00305185
-46,23422500;3,76293230;-0,45167392
-46,07038500;3,71807003;-0,45167392
-45,90654500;3,58378863;0,00305185
-45,74270500;3,76293230;-0,45167392
-45,57886500;3,76293230;0,00305185
-45,41502500;3,76293230;-0,45167392
-45,25118500;3,71807003;0,00305185
-45,08734500;3,67336035;0,00305185
-44,92350500;3,71807003;0,00305185
-44,75966500;3,80779433;-0,45167392
-44,59582501;3,71807003;-0,45167392
-44,43198501;3,76293230;-0,45167392
-44,26814501;3,76293230;0,00305185
-44,10430501;3,71807003;-0,45167392
-43,94046501;3,76293230;-0,45167392
-43,77662501;3,76293230;0,00305185
-43,61278501;3,76293230;0,00305185
-43,44894501;3,76293230;-0,45167392
-43,28510501;3,76293230;0,00305185
-43,12126501;3,76293230;0,00305185
-42,95742502;3,76293230;-0,45167392
-42,79358502;3,71807003;0,00305185
-42,62974502;3,71807003;-0,45167392
-42,46590502;3,71807003;-0,45167392
-42,30206502;3,76293230;-0,45167392
-42,13822502;3,76293230;0,00305185
-41,97438502;3,71807003;-0,45167392
-41,81054502;3,71807003;-0,45167392
-41,64670502;3,76293230;0,00305185
-41,48286502;3,76293230;-0,45167392
-41,31902503;3,76293230;-0,45167392
-41,15518503;3,76293230;-0,45167392
-40,99134503;3,71807003;-0,45167392
-40,82750503;3,76293230;-0,45167392
-40,66366503;3,76293230;-0,45167392
-40,49982503;3,76293230;-0,45167392
-40,33598503;3,71807003;-0,45167392
-40,17214503;3,76293230;-0,45167392
-40,00830503;3,76293230;-0,45167392
-39,84446503;3,76293230;-0,45167392
-39,68062504;3,76293230;-0,45167392
-39,51678504;3,76293230;-0,45167392
-39,35294504;3,76293230;-0,45167392
-39,18910504;3,76293230;0,00305185
-39,02526504;3,71807003;-0,45167392
-38,86142504;3,76293230;-0,45167392
-38,69758504;3,80779433;-1,36112559
-38,53374504;3,76293230;-0,45167392
-38,36990504;3,76293230;-0,45167392
-38,20606504;3,76293230;-0,45167392
-38,04222505;3,76293230;-0,45167392
-37,87838505;3,76293230;-0,45167392
-37,71454505;3,76293230;-0,45167392
-37,55070505;3,71807003;0,00305185
-37,38686505;3,71807003;-0,45167392
-37,22302505;3,71807003;-0,45167392
-37,05918505;3,71807003;0,00305185
-36,89534505;3,71807003;-0,45167392
-36,73150505;3,71807003;0,00305185
-36,56766505;3,76293230;-0,45167392
-36,40382506;3,71807003;-0,45167392
-36,23998506;3,76293230;0,00305185
-36,07614506;3,76293230;-0,45167392
-35,91230506;3,71807003;-0,45167392
-35,74846506;3,71807003;0,00305185
-35,58462506;3,76293230;0,00305185
-35,42078506;3,76293230;-0,45167392
-35,25694506;3,67336035;0,00305185
-35,09310506;3,71807003;-0,45167392
-34,92926506;3,58378863;-0,45167392
-34,76542507;3,67336035;-0,45167392
-34,60158507;3,76293230;-0,45167392
-34,43774507;3,76293230;-0,45167392
-34,27390507;3,71807003;-0,45167392
-34,11006507;3,76293230;-0,45167392
-33,94622507;3,71807003;-0,45167392
-33,78238507;3,85250401;-0,90639967
-33,61854507;3,76293230;-0,45167392
-33,45470507;3,71807003;-0,45167392
-33,29086507;3,76293230;0,00305185
-33,12702508;3,76293230;-0,45167392
-32,96318508;3,76293230;-0,45167392
-32,79934508;3,76293230;-0,45167392
-32,63550508;3,76293230;-0,45167392
-32,47166508;3,71807003;-0,45167392
-32,30782508;3,76293230;-0,45167392
-32,14398508;3,76293230;-0,45167392
-31,98014508;3,76293230;-0,45167392
-31,81630508;3,76293230;-0,45167392
-31,65246508;3,71807003;-0,45167392
-31,48862509;3,76293230;-0,45167392
-31,32478509;3,76293230;-0,45167392
-31,16094509;3,76293230;-0,45167392
-30,99710509;3,76293230;-0,45167392
-30,83326509;3,76293230;-0,45167392
-30,66942509;3,76293230;-0,45167392
-30,50558509;3,76293230;-0,45167392
-30,34174509;3,76293230;-0,45167392
-30,17790509;3,71807003;0,00305185
-30,01406509;3,71807003;-0,45167392
-29,85022510;3,71807003;-0,45167392
-29,68638510;3,71807003;-0,45167392
-29,52254510;3,76293230;0,00305185
-29,35870510;3,71807003;0,00305185
-29,19486510;3,76293230;0,00305185
-29,03102510;3,76293230;-0,45167392
-28,86718510;3,76293230;0,00305185
-28,70334510;3,76293230;-0,45167392
-28,53950510;3,71807003;-0,45167392
-28,37566510;3,76293230;-0,45167392
-28,21182511;3,76293230;-0,45167392
-28,04798511;3,71807003;0,00305185
-27,88414511;3,76293230;-0,45167392
-27,72030511;3,76293230;0,00305185
-27,55646511;3,76293230;-0,45167392
-27,39262511;3,76293230;-0,45167392
-27,22878511;3,76293230;-0,45167392
-27,06494511;3,76293230;0,00305185
-26,90110511;3,76293230;-0,45167392
-26,73726511;3,76293230;-0,45167392
-26,57342512;3,76293230;-0,45167392
-26,40958512;3,71807003;-0,45167392
-26,24574512;3,71807003;-0,45167392
-26,08190512;3,76293230;-0,45167392
-25,91806512;3,71807003;-0,45167392
-25,75422512;3,71807003;-0,45167392
-25,59038512;3,76293230;-0,45167392
-25,42654512;3,76293230;-0,45167392
-25,26270512;3,76293230;-0,45167392
-25,09886512;3,71807003;-0,45167392
-24,93502513;3,76293230;-0,45167392
-24,77118513;3,71807003;-0,45167392
-24,60734513;3,76293230;-0,45167392
-24,44350513;3,76293230;-0,45167392
-24,27966513;3,76293230;-0,45167392
-24,11582513;3,71807003;-0,45167392
-23,95198513;3,76293230;-0,45167392
-23,78814513;3,71807003;0,00305185
-23,62430513;3,76293230;-0,45167392
-23,46046513;3,76293230;-0,45167392
-23,29662514;3,76293230;-0,45167392
-23,13278514;3,76293230;-0,45167392
-22,96894514;3,76293230;-0,45167392
-22,80510514;3,85250401;-0,90639967
-22,64126514;3,71807003;-0,45167392
-22,47742514;3,71807003;-0,45167392
-22,31358514;3,58378863;0,45625171
-22,14974514;3,71807003;-0,45167392
-21,98590514;3,76293230;-0,45167392
-21,82206514;3,71807003;0,00305185
-21,65822515;3,71807003;-0,45167392
-21,49438515;3,71807003;-0,45167392
-21,33054515;3,76293230;-0,45167392
-21,16670515;3,76293230;-0,45167392
-21,00286515;3,71807003;-0,45167392
-20,83902515;3,76293230;-0,45167392
-20,67518515;3,71807003;-0,45167392
-20,51134515;3,71807003;-0,45167392
-20,34750515;3,76293230;-0,45167392
-20,18366515;3,76293230;-0,45167392
-20,01982516;3,67336035;0,00305185
-19,85598516;3,71807003;-0,45167392
-19,69214516;3,76293230;-0,45167392
-19,52830516;3,76293230;-0,45167392
-19,36446516;3,76293230;-0,45167392
-19,20062516;3,71807003;-0,45167392
-19,03678516;3,76293230;-0,45167392
-18,87294516;3,76293230;-0,45167392
-18,70910516;3,71807003;-0,45167392
-18,54526516;3,67336035;-0,45167392
-18,38142516;3,76293230;-0,45167392
-18,21758517;3,71807003;-0,45167392
-18,05374517;3,71807003;0,00305185
-17,88990517;3,71807003;-0,45167392
-17,72606517;3,76293230;-0,45167392
-17,56222517;3,71807003;-0,45167392
-17,39838517;3,76293230;-0,45167392
-17,23454517;3,67336035;-0,45167392
-17,07070517;3,76293230;-0,45167392
-16,90686517;3,76293230;-0,45167392
-16,74302517;3,67336035;-0,90639967
-16,57918518;3,71807003;-0,45167392
-16,41534518;3,85250401;0,00305185
-16,25150518;3,76293230;-0,45167392
-16,08766518;3,76293230;-0,45167392
-15,92382518;3,76293230;-0,45167392
-15,75998518;3,71807003;-0,45167392
-15,59614518;3,71807003;-0,45167392
-15,43230518;3,76293230;-0,45167392
-15,26846518;3,76293230;-0,45167392
-15,10462518;3,76293230;-0,45167392
-14,94078519;3,76293230;-0,45167392
-14,77694519;3,71807003;-0,45167392
-14,61310519;3,71807003;-0,45167392
-14,44926519;3,71807003;-0,45167392
-14,28542519;3,71807003;-0,45167392
-14,12158519;3,76293230;-0,45167392
-13,95774519;3,76293230;-0,45167392
-13,79390519;3,76293230;-0,45167392
-13,63006519;3,76293230;-0,45167392
-13,46622519;3,71807003;-0,45167392
-13,30238520;3,76293230;-0,45167392
-13,13854520;3,71807003;-0,45167392
-12,97470520;3,76293230;-0,45167392
-12,81086520;3,76293230;-0,45167392
-12,64702520;3,76293230;-0,45167392
-12,48318520;3,71807003;0,00305185
-12,31934520;3,71807003;-0,45167392
-12,15550520;3,71807003;-0,45167392
-11,99166520;3,76293230;-0,45167392
-11,82782520;3,76293230;-0,45167392
-11,66398521;3,76293230;-0,45167392
-11,50014521;3,76293230;-0,45167392
-11,33630521;3,76293230;0,00305185
-11,17246521;3,76293230;-0,45167392
-11,00862521;3,76293230;-0,45167392
-10,84478521;3,67336035;-1,81432533
-10,68094521;3,71807003;-0,45167392
-10,51710521;3,76293230;-0,45167392
-10,35326521;3,76293230;-0,45167392
-10,18942521;3,76293230;-0,45167392
-10,02558522;3,76293230;-0,45167392
-9,86174522;3,71807003;-0,45167392
-9,69790522;3,71807003;-0,45167392
-9,53406522;3,76293230;-0,45167392
-9,37022522;3,71807003;-0,45167392
-9,20638522;3,76293230;-0,45167392
-9,04254522;3,76293230;-0,45167392
-8,87870522;3,76293230;-0,45167392
-8,71486522;3,76293230;-0,45167392
-8,55102522;3,71807003;-0,45167392
-8,38718523;3,76293230;-0,45167392
-8,22334523;3,76293230;-0,45167392
-8,05950523;3,71807003;-0,45167392
-7,89566523;3,76293230;-0,45167392
-7,73182523;3,76293230;-0,45167392
-7,56798523;3,76293230;-0,45167392
-7,40414523;3,71807003;-0,45167392
-7,24030523;3,76293230;-0,45167392
-7,07646523;3,76293230;-0,45167392
-6,91262523;3,76293230;-0,45167392
-6,74878524;3,76293230;-0,45167392
-6,58494524;3,71807003;-0,45167392
-6,42110524;3,76293230;-0,45167392
-6,25726524;3,76293230;-0,45167392
-6,09342524;3,76293230;-0,45167392
-5,92958524;3,76293230;-0,45167392
-5,76574524;3,85250401;-0,90639967
-5,60190524;3,71807003;-0,45167392
-5,43806524;3,76293230;-0,45167392
-5,27422524;3,67336035;-0,90639967
-5,11038525;3,71807003;-0,45167392
-4,94654525;3,71807003;0,00305185
-4,78270525;3,71807003;-0,45167392
-4,61886525;3,76293230;-0,45167392
-4,45502525;3,71807003;-0,45167392
-4,29118525;3,76293230;-0,45167392
-4,12734525;3,76293230;-0,45167392
-3,96350525;3,76293230;-0,45167392
-3,79966525;3,76293230;-0,45167392
-3,63582525;3,71807003;-0,45167392
-3,47198526;3,76293230;-0,45167392
-3,30814526;3,71807003;-0,45167392
-3,14430526;3,67336035;0,00305185
-2,98046526;3,76293230;-0,45167392
-2,81662526;3,76293230;-0,45167392
-2,65278526;3,76293230;-0,45167392
-2,48894526;3,71807003;0,00305185
-2,32510526;3,44935465;-0,45167392
-2,16126526;3,27005839;-0,45167392
-1,99742526;3,13577676;0,00305185
-1,83358527;3,13577676;-0,45167392
-1,66974527;3,13577676;-0,45167392
-1,50590527;3,13577676;0,00305185
-1,34206527;3,13577676;-0,45167392
-1,17822527;3,09091473;0,00305185
-1,01438527;3,13577676;-0,45167392
-0,85054527;3,13577676;0,00305185
-0,68670527;3,09091473;0,00305185
-0,52286527;3,09091473;0,00305185
-0,35902527;3,09091473;-0,45167392
-0,19518528;3,09091473;-0,45167392
-0,03134528;3,09091473;-0,45167392
0,13249472;3,04620504;-1,36112559
0,29633472;3,09091473;0,00305185
0,46017472;3,09091473;-0,45167392
0,62401472;3,09091473;0,00305185
0,78785472;3,09091473;0,00305185
0,95169472;3,09091473;-0,45167392
1,11553472;3,09091473;-0,45167392
1,27937472;3,09091473;0,00305185
1,44321471;3,04620504;-0,45167392
1,60705471;3,09091473;0,00305185
1,77089471;3,09091473;0,00305185
1,93473471;3,04620504;0,00305185
2,09857471;3,09091473;0,00305185
2,26241471;3,04620504;-0,45167392
2,42625471;3,09091473;0,00305185
2,59009471;3,04620504;-0,45167392
2,75393471;3,09091473;-0,45167392
2,91777471;3,09091473;0,00305185
3,08161470;3,09091473;-0,45167392
3,24545470;3,09091473;0,00305185
3,40929470;3,04620504;-0,45167392
3,57313470;3,04620504;0,00305185
3,73697470;3,09091473;0,00305185
3,90081470;3,04620504;0,00305185
4,06465470;3,09091473;0,00305185
4,22849470;3,04620504;0,00305185
4,39233470;3,09091473;0,00305185
4,55617470;3,04620504;-0,45167392
4,72001469;3,04620504;-0,45167392
4,88385469;3,04620504;0,00305185
5,04769469;3,04620504;0,00305185
5,21153469;3,04620504;-0,45167392
5,37537469;3,04620504;0,00305185
5,53921469;3,04620504;0,00305185
5,70305469;3,04620504;0,00305185
5,86689469;3,04620504;0,00305185
6,03073469;3,04620504;-0,45167392
6,19457469;3,04620504;0,00305185
6,35841468;3,04620504;0,00305185
6,52225468;3,04620504;-0,45167392
6,68609468;3,04620504;0,00305185
6,84993468;3,04620504;0,00305185
7,01377468;3,04620504;0,00305185
7,17761468;3,04620504;0,00305185
7,34145468;3,04620504;-0,45167392
7,50529468;3,04620504;0,00305185
7,66913468;3,04620504;0,00305185
7,83297468;3,04620504;0,00305185
7,99681467;3,04620504;0,00305185
8,16065467;3,04620504;0,00305185
8,32449467;3,04620504;0,00305185
8,48833467;3,04620504;0,00305185
8,65217467;3,04620504;0,00305185
8,81601467;3,04620504;0,00305185
8,97985467;3,04620504;0,00305185
9,14369467;3,04620504;-0,45167392
9,30753467;3,04620504;-0,45167392
9,47137467;3,04620504;0,00305185
9,63521466;3,04620504;0,00305185
9,79905466;3,04620504;-0,45167392
9,96289466;3,04620504;-0,45167392
10,12673466;3,04620504;0,00305185
10,29057466;3,04620504;-0,45167392
10,45441466;3,04620504;-0,45167392
10,61825466;3,00134277;-1,36112559
10,78209466;3,04620504;0,00305185
10,94593466;3,04620504;0,00305185
11,10977466;3,00134277;0,00305185
11,27361465;3,04620504;0,00305185
11,43745465;3,04620504;-0,45167392
11,60129465;3,04620504;-0,45167392
11,76513465;3,04620504;-0,45167392
11,92897465;3,04620504;0,00305185
12,09281465;3,04620504;0,00305185
12,25665465;3,04620504;0,00305185
12,42049465;3,04620504;-0,45167392
12,58433465;3,04620504;-0,45167392
12,74817465;2,95648050;-0,45167392
12,91201464;3,00134277;-0,45167392
13,07585464;2,95648050;-0,45167392
13,23969464;3,00134277;-0,45167392
13,40353464;3,04620504;-0,45167392
13,56737464;3,00134277;-0,45167392
13,73121464;3,04620504;0,00305185
13,89505464;3,00134277;0,00305185
14,05889464;3,04620504;-0,45167392
14,22273464;3,04620504;-0,45167392
14,38657464;3,04620504;-0,45167392
14,55041463;3,04620504;-0,45167392
14,71425463;3,00134277;0,00305185
14,87809463;3,04620504;-0,45167392
15,04193463;3,04620504;-0,45167392
15,20577463;3,04620504;0,00305185
15,36961463;3,00134277;0,00305185
15,53345463;3,00134277;0,00305185
15,69729463;3,04620504;-0,45167392
15,86113463;3,04620504;-0,45167392
16,02497463;3,00134277;-0,90639967
16,18881462;3,00134277;0,00305185
16,35265462;3,00134277;0,00305185
16,51649462;3,04620504;0,00305185
16,68033462;3,04620504;-0,45167392
16,84417462;3,04620504;0,00305185
17,00801462;3,04620504;0,00305185
17,17185462;3,04620504;-0,45167392
17,33569462;3,04620504;0,00305185
17,49953462;3,04620504;-0,45167392
17,66337462;3,04620504;-0,45167392
17,82721461;3,04620504;-0,45167392
17,99105461;3,04620504;0,00305185
18,15489461;3,04620504;0,00305185
18,31873461;3,04620504;-0,45167392
18,48257461;3,04620504;0,00305185
18,64641461;3,04620504;-0,45167392
18,81025461;3,04620504;0,00305185
18,97409461;3,00134277;-0,45167392
19,13793461;3,00134277;0,00305185
19,30177461;3,00134277;0,00305185
19,46561460;3,00134277;0,00305185
19,62945460;3,00134277;0,00305185
19,79329460;3,00134277;-0,45167392
19,95713460;3,00134277;-0,45167392
20,12097460;3,00134277;-0,45167392
20,28481460;3,04620504;0,00305185
20,44865460;3,00134277;0,00305185
20,61249460;3,00134277;-0,45167392
20,77633460;3,00134277;-0,45167392
20,94017460;3,00134277;-0,45167392
21,10401460;3,04620504;-0,45167392
21,26785459;2,95648050;-0,45167392
21,43169459;3,04620504;0,00305185
21,59553459;3,04620504;0,00305185
21,75937459;3,00134277;-0,45167392
21,92321459;3,00134277;-0,45167392
22,08705459;3,00134277;-1,81432533
22,25089459;3,00134277;-0,45167392
22,41473459;3,04620504;-0,45167392
22,57857459;3,04620504;0,00305185
22,74241459;3,00134277;-0,45167392
22,90625458;3,04620504;-0,45167392
23,07009458;3,00134277;-0,45167392
23,23393458;3,00134277;-0,90639967
23,39777458;3,04620504;0,00305185
23,56161458;3,04620504;-0,45167392
23,72545458;3,04620504;0,00305185
23,88929458;3,04620504;-0,45167392
24,05313458;3,04620504;0,00305185
24,21697458;3,04620504;0,00305185
24,38081458;3,04620504;0,00305185
24,54465457;3,04620504;0,00305185
24,70849457;3,04620504;-0,45167392
24,87233457;3,00134277;-0,45167392
25,03617457;3,04620504;0,00305185
25,20001457;3,04620504;-0,45167392
25,36385457;3,00134277;-0,45167392
25,52769457;3,04620504;0,00305185
25,69153457;3,04620504;0,00305185
25,85537457;3,04620504;-0,45167392
26,01921457;3,00134277;-0,45167392
26,18305456;3,04620504;0,00305185
26,34689456;2,95648050;-0,45167392
26,51073456;2,95648050;0,00305185
26,67457456;3,00134277;-0,45167392
26,83841456;3,04620504;-0,45167392
27,00225456;3,04620504;-0,45167392
27,16609456;3,04620504;-0,45167392
27,32993456;3,04620504;-0,45167392
27,49377456;3,00134277;0,00305185
27,65761456;3,04620504;0,00305185
27,82145455;3,04620504;-0,45167392
27,98529455;3,00134277;0,00305185
28,14913455;2,95648050;-0,45167392
28,31297455;3,04620504;-0,45167392
28,47681455;3,04620504;-0,45167392
28,64065455;3,04620504;-0,45167392
28,80449455;3,04620504;-0,45167392
28,96833455;3,04620504;0,00305185
29,13217455;3,04620504;0,00305185
29,29601455;3,04620504;-0,45167392
29,45985454;3,00134277;0,00305185
29,62369454;3,00134277;-0,45167392
29,78753454;3,00134277;0,00305185
29,95137454;3,00134277;-0,45167392
30,11521454;3,04620504;-0,45167392
30,27905454;3,00134277;-0,45167392
30,44289454;3,00134277;-0,45167392
30,60673454;3,00134277;-0,45167392
30,77057454;2,95648050;-0,45167392
30,93441454;3,00134277;0,00305185
31,09825453;3,00134277;-0,45167392
31,26209453;3,00134277;0,00305185
31,42593453;3,04620504;-0,45167392
31,58977453;3,00134277;-0,90639967
31,75361453;3,00134277;-1,36112559
31,91745453;3,00134277;-0,45167392
32,08129453;3,04620504;0,00305185
32,24513453;3,00134277;0,00305185
32,40897453;3,04620504;0,00305185
32,57281453;3,04620504;0,00305185
32,73665452;3,04620504;0,00305185
32,90049452;3,04620504;0,00305185
33,06433452;3,04620504;0,00305185
33,22817452;3,00134277;-0,45167392
33,39201452;3,00134277;0,00305185
33,55585452;3,00134277;0,00305185
33,71969452;3,04620504;0,00305185
33,88353452;3,04620504;-0,45167392
34,04737452;3,00134277;0,00305185
34,21121452;3,00134277;0,00305185
34,37505451;3,04620504;0,00305185
34,53889451;3,00134277;-0,45167392
34,70273451;2,95648050;0,00305185
34,86657451;3,00134277;0,00305185
35,03041451;3,00134277;0,00305185
35,19425451;3,00134277;-0,45167392
35,35809451;3,04620504;-0,45167392
35,52193451;3,00134277;0,00305185
35,68577451;3,00134277;0,00305185
35,84961451;3,00134277;0,00305185
36,01345450;3,04620504;-0,45167392
36,17729450;3,04620504;-0,45167392
36,34113450;3,04620504;0,00305185
36,50497450;3,04620504;0,00305185
36,66881450;3,04620504;-0,45167392
36,83265450;3,00134277;-0,45167392
36,99649450;3,00134277;-0,45167392
37,16033450;3,00134277;0,00305185
37,32417450;3,00134277;0,00305185
37,48801450;3,00134277;0,00305185
37,65185449;3,00134277;-0,45167392
37,81569449;3,00134277;0,00305185
37,97953449;2,95648050;0,00305185
38,14337449;3,00134277;0,00305185
38,30721449;3,00134277;0,00305185
38,47105449;3,00134277;-0,45167392
38,63489449;3,00134277;-0,45167392
38,79873449;3,04620504;0,00305185
38,96257449;3,00134277;0,00305185
39,12641449;3,04620504;0,00305185
39,29025448;3,04620504;0,00305185
39,45409448;3,04620504;0,00305185
39,61793448;3,04620504;-0,45167392
39,78177448;3,04620504;0,00305185
39,94561448;3,00134277;-0,45167392
40,10945448;3,00134277;-0,45167392
40,27329448;3,00134277;-0,45167392
40,43713448;3,00134277;-0,45167392
40,60097448;3,00134277;-0,45167392
40,76481448;3,00134277;-0,45167392
40,92865447;2,95648050;0,00305185
41,09249447;3,00134277;-0,45167392
41,25633447;3,00134277;0,00305185
41,42017447;3,00134277;-0,45167392
41,58401447;3,04620504;-0,45167392
41,74785447;3,00134277;-0,45167392
41,91169447;3,00134277;-0,45167392
42,07553447;3,04620504;-0,45167392
42,23937447;3,04620504;-0,45167392
42,40321447;3,04620504;0,00305185
42,56705446;3,04620504;-0,45167392
42,73089446;3,04620504;-0,45167392
42,89473446;3,04620504;-0,45167392
43,05857446;3,00134277;-0,45167392
43,22241446;3,00134277;-0,45167392
43,38625446;3,00134277;-0,45167392
43,55009446;3,00134277;-0,45167392
43,71393446;2,95648050;-0,45167392
43,87777446;3,00134277;-0,45167392
44,04161446;3,00134277;-0,45167392
44,20545445;3,00134277;-0,45167392
44,36929445;3,00134277;-0,45167392
44,53313445;2,95648050;-0,45167392
44,69697445;3,00134277;0,00305185
44,86081445;3,00134277;-0,45167392
45,02465445;3,04620504;0,91097748
45,18849445;3,04620504;0,00305185
45,35233445;3,04620504;-0,45167392
45,51617445;3,00134277;-0,45167392
45,68001445;3,00134277;0,00305185
45,84385444;3,00134277;0,00305185
46,00769444;3,04620504;-0,45167392
46,17153444;3,00134277;0,00305185
46,33537444;3,00134277;0,00305185
46,49921444;2,95648050;0,00305185
46,66305444;3,00134277;0,00305185
46,82689444;3,00134277;0,00305185
46,99073444;3,04620504;0,00305185
47,15457444;3,00134277;0,00305185
47,31841444;3,00134277;0,00305185
47,48225443;3,04620504;0,00305185
47,64609443;3,04620504;0,00305185
47,80993443;3,04620504;0,00305185
47,97377443;3,04620504;0,00305185
48,13761443;3,04620504;0,00305185
48,30145443;3,04620504;0,00305185
48,46529443;3,00134277;0,00305185
48,62913443;3,00134277;0,00305185
48,79297443;3,00134277;0,00305185
48,95681443;3,00134277;0,00305185
49,12065442;3,00134277;0,00305185
49,28449442;3,00134277;0,00305185
49,44833442;3,00134277;0,00305185
49,61217442;3,00134277;0,00305185
49,77601442;3,00134277;0,00305185
49,93985442;3,04620504;0,00305185
50,10369442;3,04620504;1,36570334
50,26753442;3,04620504;-0,45167392
50,43137442;3,04620504;-0,45167392
50,59521442;3,04620504;0,00305185
50,75905441;3,00134277;-0,45167392
50,92289441;3,00134277;-0,45167392
51,08673441;3,00134277;-0,45167392
51,25057441;3,00134277;-0,45167392
51,41441441;2,95648050;-0,45167392
51,57825441;3,00134277;-0,45167392
51,74209441;3,00134277;-0,45167392
51,90593441;3,04620504;-0,45167392
52,06977441;3,00134277;-0,45167392
52,23361441;3,04620504;-0,90639967
52,39745440;3,04620504;-0,45167392
52,56129440;3,04620504;-0,45167392
52,72513440;3,04620504;-0,45167392
52,88897440;3,00134277;-0,45167392
53,05281440;3,00134277;-0,45167392
53,21665440;3,00134277;-0,45167392
53,38049440;3,00134277;-0,45167392
53,54433440;3,00134277;-0,45167392
53,70817440;3,00134277;-0,45167392
53,87201440;3,00134277;-0,45167392
54,03585439;3,04620504;-0,45167392
54,19969439;3,00134277;-0,45167392
54,36353439;3,00134277;-0,45167392
54,52737439;3,00134277;-0,45167392
54,69121439;3,04620504;-0,45167392
54,85505439;3,04620504;-0,45167392
55,01889439;3,04620504;-0,45167392
55,18273439;3,00134277;-0,45167392
55,34657439;3,00134277;-0,45167392
55,51041439;3,00134277;-0,45167392
55,67425438;3,00134277;-0,45167392
55,83809438;3,00134277;0,00305185
56,00193438;2,95648050;-0,45167392
56,16577438;3,00134277;0,00305185
56,32961438;3,00134277;0,00305185
56,49345438;3,04620504;0,00305185
56,65729438;3,04620504;0,00305185
56,82113438;3,04620504;0,00305185
56,98497438;3,04620504;0,00305185
57,14881438;3,04620504;0,00305185
57,31265437;3,00134277;0,00305185
57,47649437;3,00134277;0,00305185
57,64033437;3,00134277;0,00305185
57,80417437;3,00134277;0,00305185
57,96801437;2,95648050;0,00305185
58,13185437;3,00134277;0,00305185
58,29569437;3,00134277;0,00305185
58,45953437;3,04620504;0,00305185
58,62337437;3,00134277;0,00305185
58,78721437;3,04620504;0,00305185
58,95105437;3,04620504;0,00305185
59,11489436;3,04620504;0,00305185
59,27873436;3,00134277;0,00305185
59,44257436;3,00134277;0,00305185
59,60641436;3,00134277;0,00305185
59,77025436;3,00134277;0,00305185
59,93409436;2,95648050;0,00305185
60,09793436;2,95648050;0,00305185
60,26177436;3,00134277;0,00305185
60,42561436;3,00134277;-0,45167392
60,58945436;3,00134277;-0,45167392
60,75329435;3,04620504;-0,45167392
60,91713435;3,04620504;-0,45167392
61,08097435;3,04620504;-0,45167392
61,24481435;3,00134277;-0,45167392
61,40865435;3,00134277;-0,45167392
61,57249435;2,95648050;-0,45167392
61,73633435;3,00134277;-0,45167392
61,90017435;2,95648050;-0,45167392
62,06401435;3,00134277;-0,45167392
62,22785435;3,00134277;-0,45167392
62,39169434;3,00134277;-0,45167392
62,55553434;3,00134277;-0,45167392
62,71937434;3,04620504;-0,90639967
62,88321434;3,04620504;-0,45167392
63,04705434;3,04620504;-0,45167392
63,21089434;3,00134277;-0,45167392
63,37473434;3,00134277;-0,45167392
63,53857434;3,00134277;-0,45167392
63,70241434;3,00134277;-0,45167392
63,86625434;2,95648050;-0,45167392
64,03009433;3,00134277;-0,45167392
64,19393433;3,00134277;-0,45167392
64,35777433;3,00134277;-0,45167392
64,52161433;3,00134277;-0,45167392
64,68545433;3,04620504;-0,45167392
64,84929433;3,04620504;-0,45167392
65,01313433;3,00134277;-0,45167392
65,17697433;3,00134277;-0,45167392
65,34081433;2,95648050;-0,45167392
65,50465433;3,00134277;-0,45167392
65,66849432;3,00134277;-0,45167392
65,83233432;3,00134277;-0,45167392
65,99617432;3,04620504;-0,45167392
66,16001432;3,00134277;-0,45167392
66,32385432;3,00134277;-0,45167392
66,48769432;3,04620504;-0,45167392
66,65153432;3,04620504;-0,45167392
66,81537432;3,04620504;0,00305185
66,97921432;3,00134277;-0,45167392
67,14305432;3,00134277;-0,45167392
67,30689431;2,95648050;-0,45167392
67,47073431;2,91177106;-1,81432533
67,63457431;3,00134277;-0,45167392
67,79841431;3,00134277;-0,45167392
67,96225431;3,00134277;0,00305185
68,12609431;3,00134277;-0,45167392
68,28993431;3,04620504;-0,45167392
68,45377431;3,04620504;-0,45167392
68,61761431;3,00134277;-0,45167392
68,78145431;3,00134277;-0,45167392
68,94529430;3,00134277;0,00305185
69,10913430;3,04620504;-0,45167392
69,27297430;2,95648050;-0,45167392
69,43681430;3,00134277;-0,45167392
69,60065430;3,00134277;-0,45167392
69,76449430;3,00134277;-0,45167392
69,92833430;3,00134277;-0,45167392
70,09217430;3,04620504;-0,45167392
70,25601430;3,04620504;-0,45167392
70,41985430;3,00134277;-0,45167392
70,58369429;3,00134277;-0,45167392
70,74753429;3,00134277;-0,45167392
70,91137429;3,00134277;-0,45167392
71,07521429;2,95648050;-0,45167392
71,23905429;3,00134277;-0,45167392
71,40289429;3,00134277;-0,45167392
71,56673429;3,00134277;0,00305185
71,73057429;3,04620504;-0,45167392
71,89441429;3,04620504;0,00305185
72,05825429;3,04620504;-0,45167392
72,22209428;3,00134277;-0,45167392
72,38593428;3,00134277;-0,45167392
72,54977428;2,95648050;-0,90639967
72,71361428;2,95648050;-0,45167392
72,87745428;3,00134277;-0,45167392
73,04129428;3,00134277;-0,45167392
73,20513428;3,00134277;-0,45167392
73,36897428;3,04620504;-0,45167392
73,53281428;3,04620504;-0,45167392
73,69665428;3,04620504;-0,45167392
73,86049427;3,00134277;-0,45167392
74,02433427;3,00134277;-0,45167392
74,18817427;3,00134277;-0,45167392
74,35201427;2,95648050;-0,45167392
74,51585427;3,00134277;-0,45167392
74,67969427;3,00134277;-0,90639967
74,84353427;3,00134277;-0,45167392
75,00737427;3,04620504;-0,90639967
75,17121427;3,04620504;-0,45167392
75,33505427;3,04620504;-0,45167392
75,49889426;3,00134277;-0,90639967
75,66273426;3,00134277;-0,45167392
75,82657426;3,00134277;-0,90639967
75,99041426;3,00134277;-0,45167392
76,15425426;3,00134277;-0,45167392
76,31809426;3,00134277;-0,90639967
76,48193426;3,00134277;-0,45167392
76,64577426;3,04620504;-0,45167392
76,80961426;3,04620504;-0,45167392
76,97345426;3,00134277;-0,45167392
77,13729425;3,00134277;-0,45167392
77,30113425;3,00134277;-0,45167392
77,46497425;2,95648050;-0,90639967
77,62881425;2,95648050;-0,45167392
77,79265425;3,04620504;-0,45167392
77,95649425;3,00134277;0,00305185
78,12033425;3,00134277;-0,45167392
78,28417425;3,04620504;-0,45167392
78,44801425;3,04620504;-0,45167392
78,61185425;3,00134277;-0,45167392
78,77569424;3,00134277;-0,45167392
78,93953424;2,95648050;-0,45167392
79,10337424;2,95648050;-0,45167392
79,26721424;3,00134277;-0,90639967
79,43105424;3,00134277;-0,45167392
79,59489424;3,00134277;-0,45167392
79,75873424;3,04620504;-0,45167392
79,92257424;3,04620504;-0,45167392
80,08641424;3,04620504;-0,45167392
80,25025424;3,00134277;-0,90639967
80,41409423;3,00134277;-0,45167392
80,57793423;3,00134277;-0,45167392
80,74177423;3,00134277;-0,45167392
80,90561423;3,00134277;-0,90639967
81,06945423;3,00134277;-0,90639967
81,23329423;3,04620504;-0,45167392
81,39713423;3,04620504;-0,45167392
81,56097423;3,04620504;-0,45167392
81,72481423;3,04620504;-0,45167392
81,88865423;3,04620504;-0,45167392
82,05249422;3,00134277;-0,45167392
82,21633422;2,95648050;-0,90639967
82,38017422;3,04620504;-0,45167392
82,54401422;3,00134277;-0,90639967
82,70785422;3,00134277;-0,45167392
82,87169422;3,04620504;-0,45167392
83,03553422;3,04620504;0,00305185
83,19937422;3,00134277;-0,45167392
83,36321422;3,04620504;-0,45167392
83,52705422;3,04620504;-0,45167392
83,69089421;2,95648050;-0,45167392
83,85473421;3,00134277;-0,45167392
84,01857421;3,04620504;-0,45167392
84,18241421;3,04620504;-0,45167392
84,34625421;3,04620504;-0,45167392
84,51009421;3,04620504;-0,45167392
84,67393421;3,00134277;-0,45167392
84,83777421;3,00134277;-0,45167392
85,00161421;3,00134277;-0,90639967
85,16545421;3,00134277;-0,45167392
85,32929420;3,00134277;-0,90639967
85,49313420;3,04620504;-0,90639967
85,65697420;3,04620504;-0,45167392
85,82081420;3,04620504;-0,90639967
85,98465420;3,04620504;-0,90639967
86,14849420;3,00134277;-0,90639967
86,31233420;3,00134277;-0,90639967
86,47617420;2,95648050;-0,90639967
86,64001420;3,00134277;-0,45167392
86,80385420;3,00134277;-0,90639967
86,96769419;3,00134277;-0,45167392
87,13153419;3,04620504;-0,45167392
87,29537419;3,04620504;-0,45167392
87,45921419;3,00134277;-0,45167392
87,62305419;3,00134277;-0,45167392
87,78689419;3,00134277;-0,45167392
87,95073419;3,00134277;-0,45167392
88,11457419;3,00134277;-0,45167392
88,27841419;3,00134277;-0,45167392
88,44225419;3,00134277;-0,45167392
88,60609418;3,04620504;0,00305185
88,76993418;3,04620504;0,00305185
88,93377418;3,00134277;0,00305185
89,09761418;3,00134277;0,00305185
89,26145418;3,04620504;0,00305185
89,42529418;3,04620504;0,45625171
89,58913418;3,00134277;0,00305185
89,75297418;3,00134277;0,00305185
89,91681418;3,04620504;-1,36112559
90,08065418;3,04620504;-0,45167392
90,24449417;3,00134277;0,00305185
90,40833417;2,95648050;-0,45167392
90,57217417;3,00134277;-0,45167392
90,73601417;2,95648050;-0,45167392
90,89985417;3,00134277;-0,90639967
91,06369417;3,00134277;-0,90639967
91,22753417;3,04620504;-0,90639967
91,39137417;3,04620504;-0,90639967
91,55521417;3,04620504;-0,90639967
91,71905417;3,00134277;-0,90639967
91,88289416;3,00134277;-0,90639967
92,04673416;2,95648050;-0,90639967
92,21057416;3,04620504;-0,90639967
92,37441416;3,00134277;-0,90639967
92,53825416;3,00134277;-0,90639967
92,70209416;3,04620504;-0,45167392
92,86593416;3,04620504;-0,45167392
93,02977416;3,00134277;-0,45167392
93,19361416;3,00134277;-0,45167392
93,35745416;3,00134277;-0,45167392
93,52129415;3,00134277;-0,45167392
93,68513415;3,00134277;0,00305185
93,84897415;3,00134277;0,00305185
94,01281415;3,04620504;0,00305185
94,17665415;3,04620504;0,45625171
94,34049415;3,00134277;0,00305185
94,50433415;3,00134277;0,45625171
94,66817415;3,00134277;0,00305185
94,83201415;2,95648050;0,00305185
94,99585415;3,04620504;0,45625171
95,15969414;3,00134277;0,00305185
95,32353414;3,04620504;0,00305185
95,48737414;3,04620504;0,00305185
95,65121414;3,00134277;0,00305185
95,81505414;3,00134277;0,00305185
95,97889414;3,00134277;-0,45167392
96,14273414;3,00134277;-0,45167392
96,30657414;3,00134277;-0,90639967
96,47041414;3,00134277;-1,36112559
96,63425414;3,04620504;-0,90639967
96,79809414;3,04620504;-1,36112559
96,96193413;3,00134277;-1,36112559
97,12577413;3,00134277;-1,81432533
97,28961413;2,95648050;-1,81432533
97,45345413;3,00134277;-1,81432533
97,61729413;3,00134277;-1,81432533
97,78113413;3,00134277;-1,36112559
97,94497413;3,04620504;-1,36112559
98,10881413;3,04620504;-1,36112559
98,27265413;3,00134277;-0,90639967
98,43649413;3,04620504;-0,90639967
98,60033412;2,95648050;-0,45167392
98,76417412;2,95648050;-0,45167392
98,92801412;3,04620504;0,00305185
99,09185412;3,00134277;0,00305185
99,25569412;3,04620504;0,00305185
99,41953412;3,04620504;0,45625171
99,58337412;3,00134277;0,45625171
99,74721412;3,00134277;0,91097748
99,91105412;2,95648050;0,91097748
100,07489412;3,00134277;0,91097748
100,23873411;3,00134277;0,91097748
100,40257411;3,04620504;0,91097748
100,56641411;3,04620504;0,00305185
100,73025411;3,00134277;0,00305185
100,89409411;3,00134277;-0,45167392
101,05793411;3,00134277;-0,45167392
101,22177411;3,00134277;-0,45167392
101,38561411;2,95648050;-0,45167392
101,54945411;3,00134277;-0,90639967
101,71329411;3,04620504;-1,36112559
101,87713410;3,04620504;-1,36112559
102,04097410;3,00134277;-1,81432533
102,20481410;2,95648050;-1,81432533
102,36865410;2,95648050;-1,81432533
102,53249410;3,00134277;-1,81432533
102,69633410;3,00134277;-1,81432533
102,86017410;3,04620504;-1,81432533
103,02401410;3,04620504;-1,81432533
103,18785410;3,00134277;-1,36112559
103,35169410;3,00134277;-1,36112559
103,51553409;3,00134277;-0,90639967
103,67937409;3,00134277;-0,90639967
103,84321409;3,00134277;-0,45167392
104,00705409;3,00134277;0,00305185
104,17089409;3,00134277;-0,45167392
104,33473409;3,04620504;0,00305185
104,49857409;3,04620504;0,45625171
104,66241409;3,00134277;0,91097748
104,82625409;3,00134277;1,36570334
104,99009409;3,00134277;1,36570334
105,15393408;3,00134277;1,36570334
105,31777408;3,04620504;1,36570334
105,48161408;3,04620504;0,91097748
105,64545408;3,00134277;0,91097748
105,80929408;3,04620504;0,91097748
105,97313408;2,95648050;0,45625171
106,13697408;3,00134277;0,00305185
106,30081408;3,04620504;0,00305185
106,46465408;3,00134277;-0,45167392
106,62849408;3,04620504;-0,90639967
106,79233407;3,04620504;-0,90639967
106,95617407;3,00134277;-1,81432533
107,12001407;2,95648050;-1,81432533
107,28385407;2,95648050;-1,81432533
107,44769407;3,00134277;-1,81432533
107,61153407;3,00134277;-2,26905107
107,77537407;3,04620504;-1,81432533
107,93921407;3,04620504;-1,81432533
108,10305407;3,00134277;-1,81432533
108,26689407;3,00134277;-0,90639967
108,43073406;2,95648050;-0,90639967
108,59457406;3,00134277;-0,45167392
108,75841406;3,00134277;-0,45167392
108,92225406;3,04620504;0,00305185
109,08609406;3,04620504;0,00305185
109,24993406;3,00134277;0,91097748
109,41377406;3,00134277;0,91097748
109,57761406;3,00134277;0,91097748
109,74145406;3,00134277;1,36570334
109,90529406;3,00134277;1,82042897
110,06913405;3,04620504;1,36570334
110,23297405;3,04620504;1,36570334
110,39681405;3,00134277;1,36570334
110,56065405;3,00134277;0,91097748
110,72449405;3,00134277;0,45625171
110,88833405;3,04620504;0,00305185
111,05217405;3,00134277;-0,45167392
111,21601405;3,04620504;-0,45167392
111,37985405;3,04620504;-1,81432533
111,54369405;3,00134277;-1,36112559
111,70753404;3,00134277;-2,26905107
111,87137404;3,00134277;-1,81432533
112,03521404;3,00134277;-2,26905107
112,19905404;3,00134277;-2,26905107
112,36289404;3,04620504;-2,26905107
112,52673404;3,04620504;-2,26905107
112,69057404;3,00134277;-1,81432533
112,85441404;2,95648050;-1,81432533
113,01825404;3,00134277;-1,36112559
113,18209404;3,00134277;-0,90639967
113,34593403;3,00134277;-0,45167392
113,50977403;3,00134277;0,00305185
113,67361403;3,04620504;0,45625171
113,83745403;3,00134277;0,91097748
114,00129403;3,00134277;1,36570334
114,16513403;3,00134277;1,82042897
114,32897403;2,95648050;1,82042897
114,49281403;3,00134277;1,82042897
114,65665403;3,04620504;1,36570334
114,82049403;3,04620504;1,82042897
114,98433402;3,00134277;1,36570334
115,14817402;3,00134277;0,91097748
115,31201402;3,00134277;0,45625171
115,47585402;3,00134277;-0,45167392
115,63969402;3,00134277;-0,45167392
115,80353402;3,04620504;-1,36112559
115,96737402;3,04620504;-1,81432533
116,13121402;3,00134277;-2,26905107
116,29505402;3,00134277;-2,72377706
116,45889402;3,00134277;-3,17850280
116,62273401;3,00134277;-3,17850280
116,78657401;3,00134277;-3,63322830
116,95041401;3,04620504;-3,17850280
117,11425401;3,04620504;-2,72377706
117,27809401;3,00134277;-2,72377706
117,44193401;3,00134277;-1,81432533
117,60577401;3,00134277;-1,81432533
117,76961401;3,00134277;-0,90639967
117,93345401;3,00134277;0,00305185
118,09729401;3,04620504;0,00305185
118,26113400;3,04620504;0,91097748
118,42497400;3,00134277;1,82042897
118,58881400;3,00134277;1,82042897
118,75265400;3,00134277;2,27362871
118,91649400;3,00134277;3,18308043
119,08033400;3,04620504;3,63780618
119,24417400;3,04620504;2,72835469
119,40801400;3,00134277;1,82042897
119,57185400;2,95648050;1,82042897
119,73569400;3,00134277;1,36570334
119,89953399;3,04620504;0,00305185
120,06337399;3,00134277;-0,45167392
120,22721399;3,04620504;-0,90639967
120,39105399;3,04620504;-1,81432533
120,55489399;3,00134277;-2,72377706
120,71873399;3,04620504;-3,63322830
120,88257399;2,95648050;-3,63322830
121,04641399;3,00134277;-4,08642864
121,21025399;2,95648050;-4,54115438
121,37409399;3,04620504;-4,08642864
121,53793398;3,04620504;-4,08642864
121,70177398;3,00134277;-3,63322830
121,86561398;3,00134277;-3,17850280
122,02945398;3,00134277;-2,72377706
122,19329398;3,00134277;-1,81432533
122,35713398;3,00134277;-0,45167392
122,52097398;3,04620504;0,00305185
122,68481398;3,00134277;0,91097748
122,84865398;3,00134277;1,82042897
123,01249398;3,00134277;2,72835469
123,17633397;3,00134277;3,18308043
123,34017397;2,95648050;3,63780618
123,50401397;3,04620504;3,63780618
123,66785397;3,04620504;3,63780618
123,83169397;3,04620504;3,63780618
123,99553397;3,00134277;2,72835469
124,15937397;3,04620504;1,82042897
124,32321397;3,00134277;0,91097748
124,48705397;3,00134277;0,00305185
124,65089397;3,04620504;-0,90639967
124,81473396;3,00134277;-2,26905107
124,97857396;3,00134277;-2,72377706
125,14241396;2,95648050;-4,08642864
125,30625396;3,00134277;-4,54115438
125,47009396;3,00134277;-5,45060539
125,63393396;3,04620504;-5,45060539
125,79777396;3,04620504;-5,45060539
125,96161396;3,04620504;-5,45060539
126,12545396;3,00134277;-4,54115438
126,28929396;3,00134277;-3,63322830
126,45313395;3,00134277;-2,72377706
126,61697395;3,00134277;-1,81432533
126,78081395;3,04620504;0,00305185
126,94465395;3,04620504;0,91097748
127,10849395;3,00134277;1,82042897
127,27233395;2,95648050;3,18308043
127,43617395;3,00134277;3,63780618
127,60001395;3,00134277;4,09100580
127,76385395;3,04620504;4,54420614
127,92769395;3,04620504;4,54420614
128,09153394;3,04620504;4,09100580
128,25537394;3,00134277;3,63780618
128,41921394;2,95648050;2,72835469
128,58305394;3,00134277;1,82042897
128,74689394;3,04620504;0,45625171
128,91073394;3,04620504;-0,45167392
129,07457394;3,00134277;-2,26905107
129,23841394;3,00134277;-3,63322830
129,40225394;3,00134277;-4,54115438
129,56609394;3,04620504;-5,45060539
129,72993393;3,04620504;-5,90380573
129,89377393;3,04620504;-6,35853148
130,05761393;3,00134277;-6,35853148
130,22145393;3,00134277;-5,90380573
130,38529393;3,00134277;-4,99587965
130,54913393;3,00134277;-4,08642864
130,71297393;3,00134277;-3,17850280
130,87681393;3,04620504;-1,36112559
131,04065393;3,04620504;0,00305185
131,20449393;3,00134277;1,82042897
131,36833392;3,00134277;3,18308043
131,53217392;3,00134277;3,63780618
131,69601392;3,00134277;4,99893188
131,85985392;3,04620504;5,45365763
132,02369392;3,04620504;5,45365763
132,18753392;3,00134277;6,36158323
132,35137392;3,00134277;5,45365763
132,51521392;3,00134277;4,54420614
132,67905392;3,00134277;3,18308043
132,84289392;3,04620504;1,82042897
133,00673391;3,04620504;0,00305185
133,17057391;2,95648050;-1,81432533
133,33441391;3,00134277;-3,63322830
133,49825391;3,00134277;-4,54115438
133,66209391;3,00134277;-6,35853148
133,82593391;3,04620504;-7,26798248
133,98977391;3,04620504;-7,26798248
134,15361391;3,00134277;-8,17590809
134,31745391;2,95648050;-8,17590809
134,48129391;3,00134277;-7,26798248
134,64513390;2,95648050;-6,35853148
134,80897390;3,04620504;-3,63322830
134,97281390;3,04620504;-2,72377706
135,13665390;3,00134277;-0,90639967
135,30049390;3,04620504;0,91097748
135,46433390;2,95648050;3,18308043
135,62817390;3,00134277;4,54420614
135,79201390;3,00134277;5,90838337
135,95585390;3,04620504;7,27103472
136,11969390;3,04620504;7,27103472
136,28353390;3,00134277;7,27103472
136,44737389;3,00134277;7,27103472
136,61121389;3,00134277;6,81630898
136,77505389;3,00134277;5,45365763
136,93889389;3,04620504;3,63780618
137,10273389;3,00134277;1,82042897
137,26657389;3,00134277;-0,45167392
137,43041389;3,00134277;-2,72377706
137,59425389;3,00134277;-4,54115438
137,75809389;3,00134277;-6,81325722
137,92193389;3,04620504;-7,72118282
138,08577388;3,04620504;-9,08536053
138,24961388;3,00134277;-9,08536053
138,41345388;2,95648050;-9,53855991
138,57729388;3,00134277;-9,08536053
138,74113388;3,00134277;-7,72118282
138,90497388;3,04620504;-5,45060539
139,06881388;3,00134277;-3,63322830
139,23265388;3,00134277;-1,81432533
139,39649388;3,04620504;1,36570334
139,56033388;3,00134277;3,18308043
139,72417387;3,00134277;4,99893188
139,88801387;3,04620504;7,27103472
140,05185387;3,04620504;7,72576046
140,21569387;3,00134277;8,63368702
140,37953387;3,04620504;9,08841228
140,54337387;3,00134277;8,63368702
140,70721387;2,95648050;7,27103472
140,87105387;3,04620504;6,36158323
141,03489387;3,04620504;4,09100580
141,19873387;3,00134277;1,82042897
141,36257386;3,00134277;-0,45167392
141,52641386;3,00134277;-3,17850280
141,69025386;3,00134277;-5,45060539
141,85409386;3,04620504;-7,72118282
142,01793386;3,00134277;-9,08536053
142,18177386;3,00134277;-9,99328613
142,34561386;2,95648050;-10,90273762
142,50945386;3,00134277;-10,44801140
142,67329386;3,00134277;-9,53855991
142,83713386;3,04620504;-7,72118282
143,00097385;3,00134277;-5,90380573
143,16481385;3,00134277;-3,63322830
143,32865385;3,00134277;-0,45167392
143,49249385;3,00134277;1,82042897
143,65633385;3,00134277;4,54420614
143,82017385;3,04620504;6,81630898
143,98401385;3,00134277;8,63368702
144,14785385;3,00134277;9,54313755
144,31169385;2,95648050;10,45106411
144,47553385;3,00134277;10,45106411
144,63937384;3,04620504;9,08841228
144,80321384;3,04620504;8,17895985
144,96705384;3,00134277;5,90838337
145,13089384;3,00134277;3,63780618
145,29473384;3,00134277;0,00305185
145,45857384;3,00134277;-2,72377706
145,62241384;3,04620504;-5,45060539
145,78625384;3,04620504;-7,26798248
145,95009384;3,00134277;-10,44801140
146,11393384;3,00134277;-11,81066322
146,27777383;2,95648050;-12,26538944
146,44161383;3,00134277;-12,72011471
146,60545383;3,04620504;-11,81066322
146,76929383;3,04620504;-9,99328613
146,93313383;3,00134277;-7,72118282
147,09697383;3,04620504;-4,08642864
147,26081383;2,95648050;-1,81432533
147,42465383;3,00134277;1,82042897
147,58849383;3,04620504;4,99893188
147,75233383;3,04620504;7,27103472
147,91617382;3,00134277;9,54313755
148,08001382;3,00134277;10,90578938
148,24385382;3,00134277;11,81524086
148,40769382;3,00134277;12,26844120
148,57153382;3,04620504;10,90578938
148,73537382;3,04620504;9,08841228
148,89921382;3,00134277;7,27103472
149,06305382;2,95648050;4,09100580
149,22689382;3,00134277;1,36570334
149,39073382;3,04620504;-2,26905107
149,55457381;3,04620504;-5,90380573
149,71841381;3,00134277;-9,08536053
149,88225381;3,00134277;-11,35746288
150,04609381;2,95648050;-12,72011471
150,20993381;3,00134277;-14,08276653
150,37377381;3,04620504;-13,62804031
150,53761381;3,04620504;-12,72011471
150,70145381;3,00134277;-10,90273762
150,86529381;3,04620504;-7,26798248
151,02913381;3,00134277;-4,54115438
151,19297380;3,00134277;-1,81432533
151,35681380;3,04620504;3,18308043
151,52065380;3,04620504;5,45365763
151,68449380;3,00134277;8,17895985
151,84833380;3,00134277;10,90578938
152,01217380;3,04620504;11,81524086
152,17601380;3,04620504;12,72316647
152,33985380;3,04620504;12,26844120
152,50369380;3,00134277;11,36051559
152,66753380;3,00134277;9,08841228
152,83137379;3,00134277;6,36158323
152,99521379;3,00134277;3,63780618
153,15905379;3,04620504;0,00305185
153,32289379;3,04620504;-3,63322830
153,48673379;3,04620504;-7,26798248
153,65057379;3,00134277;-10,44801140
153,81441379;2,95648050;-12,72011471
153,97825379;2,95648050;-14,53749180
154,14209379;3,04620504;-14,53749180
154,30593379;3,04620504;-14,53749180
154,46977378;3,04620504;-12,72011471
154,63361378;3,00134277;-10,44801140
154,79745378;3,00134277;-6,81325722
154,96129378;3,04620504;-3,63322830
155,12513378;3,04620504;0,45625171
155,28897378;3,00134277;4,54420614
155,45281378;3,00134277;7,72576046
155,61665378;3,00134277;10,90578938
155,78049378;3,00134277;12,72316647
155,94433378;3,04620504;13,63261795
156,10817377;3,04620504;13,63261795
156,27201377;3,00134277;12,72316647
156,43585377;3,04620504;10,90578938
156,59969377;3,00134277;8,17895985
156,76353377;2,95648050;4,09100580
156,92737377;3,04620504;0,91097748
157,09121377;3,00134277;-2,72377706
157,25505377;3,04620504;-5,45060539
157,41889377;3,00134277;-10,44801140
157,58273377;3,00134277;-12,72011471
157,74657376;3,00134277;-14,99221802
157,91041376;3,04620504;-15,44541740
158,07425376;3,00134277;-14,99221802
158,23809376;3,00134277;-13,62804031
158,40193376;3,00134277;-11,35746288
158,56577376;3,04620504;-7,72118282
158,72961376;3,04620504;-3,63322830
158,89345376;3,04620504;0,00305185
159,05729376;3,00134277;3,63780618
159,22113376;2,95648050;7,27103472
159,38497375;3,04620504;10,45106411
159,54881375;3,00134277;12,72316647
159,71265375;3,04620504;13,63261795
159,87649375;3,00134277;14,08581829
160,04033375;3,04620504;12,72316647
160,20417375;3,00134277;10,90578938
160,36801375;3,00134277;8,17895985
160,53185375;3,04620504;4,54420614
160,69569375;3,00134277;0,45625171
160,85953375;3,00134277;-3,63322830
161,02337374;3,00134277;-7,26798248
161,18721374;3,00134277;-10,44801140
161,35105374;3,00134277;-13,17483997
161,51489374;3,04620504;-14,53749180
161,67873374;3,00134277;-14,99221802
161,84257374;3,00134277;-14,53749180
162,00641374;3,00134277;-13,17483997
162,17025374;3,00134277;-10,44801140
162,33409374;3,04620504;-5,45060539
162,49793374;3,04620504;-2,72377706
162,66177373;3,00134277;0,91097748
162,82561373;3,04620504;5,45365763
162,98945373;3,04620504;8,63368702
163,15329373;3,00134277;10,90578938
163,31713373;3,04620504;12,72316647
163,48097373;3,00134277;13,63261795
163,64481373;3,00134277;12,72316647
163,80865373;3,00134277;11,36051559
163,97249373;3,00134277;9,08841228
164,13633373;3,04620504;5,90838337
164,30017372;3,00134277;2,27362871
164,46401372;3,00134277;-1,81432533
164,62785372;3,00134277;-5,45060539
164,79169372;3,00134277;-9,08536053
164,95553372;3,04620504;-11,81066322
165,11937372;3,04620504;-14,53749180
165,28321372;3,04620504;-14,99221802
165,44705372;3,00134277;-14,99221802
165,61089372;3,00134277;-13,62804031
165,77473372;3,00134277;-11,35746288
165,93857371;3,04620504;-7,72118282
166,10241371;3,00134277;-4,08642864
166,26625371;3,00134277;0,00305185
166,43009371;3,04620504;4,09100580
166,59393371;3,00134277;7,27103472
166,75777371;3,04620504;10,45106411
166,92161371;3,04620504;12,72316647
167,08545371;3,00134277;13,17789268
167,24929371;2,95648050;12,72316647
167,41313371;3,00134277;11,81524086
167,57697370;3,04620504;9,99633694
167,74081370;3,04620504;6,81630898
167,90465370;3,00134277;3,18308043
168,06849370;3,04620504;-0,90639967
168,23233370;3,00134277;-5,45060539
168,39617370;3,04620504;-8,63063431
168,56001370;3,04620504;-11,35746288
168,72385370;3,00134277;-14,08276653
168,88769370;3,00134277;-14,99221802
169,05153370;2,95648050;-14,53749180
169,21537369;3,00134277;-13,62804031
169,37921369;3,04620504;-10,90273762
169,54305369;3,04620504;-8,17590809
169,70689369;3,00134277;-4,08642864
169,87073369;3,00134277;-0,45167392
170,03457369;3,00134277;3,63780618
170,19841369;3,00134277;7,27103472
170,36225369;3,04620504;9,99633694
170,52609369;3,00134277;11,81524086
170,68993369;3,00134277;12,72316647
170,85377368;3,00134277;12,26844120
171,01761368;3,00134277;10,90578938
171,18145368;3,04620504;9,08841228
171,34529368;3,00134277;5,45365763
171,50913368;3,00134277;1,82042897
171,67297368;3,00134277;-1,81432533
171,83681368;3,00134277;-5,45060539
172,00065368;3,04620504;-9,08536053
172,16449368;3,04620504;-11,81066322
172,32833368;3,00134277;-12,72011471
172,49217367;3,00134277;-14,53749180
172,65601367;3,00134277;-14,08276653
172,81985367;3,04620504;-12,72011471
172,98369367;3,04620504;-9,53855991
173,14753367;3,00134277;-6,35853148
173,31137367;3,00134277;-2,72377706
173,47521367;3,04620504;1,36570334
173,63905367;3,04620504;4,99893188
173,80289367;3,00134277;7,27103472
173,96673367;3,00134277;10,90578938
174,13057367;3,00134277;11,81524086
174,29441366;3,00134277;12,26844120
174,45825366;3,00134277;11,36051559
174,62209366;3,04620504;9,99633694
174,78593366;2,95648050;7,27103472
174,94977366;3,00134277;3,63780618
175,11361366;3,00134277;0,00305185
175,27745366;3,00134277;-3,63322830
175,44129366;3,04620504;-7,26798248
175,60513366;3,04620504;-10,44801140
175,76897366;3,04620504;-12,72011471
175,93281365;3,00134277;-14,08276653
176,09665365;3,00134277;-14,53749180
176,26049365;3,04620504;-12,72011471
176,42433365;3,04620504;-10,90273762
176,58817365;3,00134277;-7,72118282
176,75201365;3,00134277;-4,08642864
176,91585365;3,04620504;-0,45167392
177,07969365;3,00134277;3,63780618
177,24353365;3,04620504;6,81630898
177,40737365;3,00134277;9,08841228
177,57121364;3,00134277;10,90578938
177,73505364;3,00134277;11,36051559
177,89889364;3,00134277;11,36051559
178,06273364;3,04620504;9,99633694
178,22657364;3,04620504;8,17895985
178,39041364;3,00134277;4,54420614
178,55425364;3,00134277;0,91097748
178,71809364;3,00134277;-2,72377706
178,88193364;3,04620504;-6,35853148
179,04577364;3,04620504;-9,08536053
179,20961363;3,00134277;-12,72011471
179,37345363;2,95648050;-12,72011471
179,53729363;3,00134277;-13,62804031
179,70113363;3,00134277;-12,72011471
179,86497363;3,04620504;-10,90273762
180,02881363;3,00134277;-7,72118282
180,19265363;3,00134277;-4,54115438
180,35649363;3,00134277;-0,90639967
180,52033363;3,00134277;2,72835469
180,68417363;3,04620504;5,45365763
180,84801362;3,00134277;8,17895985
181,01185362;3,00134277;10,45106411
181,17569362;3,00134277;11,36051559
181,33953362;3,04620504;10,90578938
181,50337362;3,04620504;9,08841228
181,66721362;3,00134277;7,27103472
181,83105362;3,00134277;4,09100580
181,99489362;3,04620504;0,91097748
182,15873362;3,04620504;-2,72377706
182,32257362;3,04620504;-5,90380573
182,48641361;3,00134277;-9,08536053
182,65025361;2,95648050;-11,81066322
182,81409361;3,00134277;-12,72011471
182,97793361;3,00134277;-13,17483997
183,14177361;3,04620504;-12,26538944
183,30561361;3,00134277;-10,90273762
183,46945361;3,00134277;-7,72118282
183,63329361;3,00134277;-4,54115438
183,79713361;3,00134277;-0,90639967
183,96097361;3,04620504;2,72835469
184,12481360;3,04620504;5,45365763
184,28865360;3,00134277;7,72576046
184,45249360;3,00134277;9,99633694
184,61633360;3,00134277;10,90578938
184,78017360;3,04620504;10,90578938
184,94401360;3,00134277;9,08841228
185,10785360;3,00134277;6,81630898
185,27169360;2,95648050;3,18308043
185,43553360;3,00134277;0,45625171
185,59937360;3,04620504;-2,72377706
185,76321359;3,04620504;-6,35853148
185,92705359;3,04620504;-9,08536053
186,09089359;3,04620504;-10,90273762
186,25473359;3,00134277;-11,81066322
186,41857359;3,04620504;-11,81066322
186,58241359;3,04620504;-10,44801140
186,74625359;3,00134277;-9,08536053
186,91009359;3,00134277;-6,35853148
187,07393359;3,00134277;-3,17850280
187,23777359;3,00134277;0,00305185
187,40161358;3,04620504;3,18308043
187,56545358;3,00134277;6,36158323
187,72929358;3,00134277;8,17895985
187,89313358;3,04620504;9,08841228
188,05697358;3,04620504;9,08841228
188,22081358;3,04620504;9,08841228
188,38465358;3,00134277;7,27103472
188,54849358;3,00134277;4,54420614
188,71233358;3,04620504;1,82042897
188,87617358;3,00134277;-0,90639967
189,04001357;3,04620504;-4,08642864
189,20385357;3,00134277;-7,26798248
189,36769357;3,04620504;-9,53855991
189,53153357;3,00134277;-10,90273762
189,69537357;3,00134277;-11,35746288
189,85921357;3,04620504;-10,90273762
190,02305357;3,04620504;-8,63063431
190,18689357;3,00134277;-7,26798248
190,35073357;3,00134277;-4,08642864
190,51457357;3,00134277;-1,36112559
190,67841356;3,04620504;1,82042897
190,84225356;3,00134277;4,54420614
191,00609356;2,95648050;6,81630898
191,16993356;3,00134277;7,27103472
191,33377356;3,00134277;9,08841228
191,49761356;3,04620504;8,63368702
191,66145356;3,00134277;7,27103472
191,82529356;3,00134277;5,45365763
191,98913356;3,00134277;3,18308043
192,15297356;3,00134277;0,00305185
192,31681355;3,04620504;-3,17850280
192,48065355;3,00134277;-5,45060539
192,64449355;3,00134277;-8,17590809
192,80833355;3,00134277;-9,99328613
192,97217355;3,00134277;-10,90273762
193,13601355;3,04620504;-10,44801140
193,29985355;3,00134277;-9,08536053
193,46369355;3,00134277;-7,26798248
193,62753355;3,04620504;-4,54115438
193,79137355;3,00134277;-1,81432533
193,95521354;3,04620504;0,91097748
194,11905354;3,00134277;3,63780618
194,28289354;2,95648050;5,45365763
194,44673354;3,00134277;7,27103472
194,61057354;3,00134277;7,72576046
194,77441354;3,04620504;7,27103472
194,93825354;3,04620504;6,81630898
195,10209354;3,04620504;4,54420614
195,26593354;3,00134277;2,27362871
195,42977354;3,00134277;0,00305185
195,59361353;3,04620504;-3,17850280
195,75745353;3,04620504;-4,99587965
195,92129353;3,00134277;-7,72118282
196,08513353;3,00134277;-9,08536053
196,24897353;3,00134277;-9,99328613
196,41281353;3,04620504;-9,53855991
196,57665353;2,95648050;-8,17590809
196,74049353;3,00134277;-7,26798248
196,90433353;3,00134277;-4,08642864
197,06817353;3,00134277;-1,81432533
197,23201352;3,04620504;0,91097748
197,39585352;3,00134277;3,63780618
197,55969352;3,00134277;5,45365763
197,72353352;3,00134277;6,81630898
197,88737352;3,04620504;6,81630898
198,05121352;3,04620504;7,27103472
198,21505352;3,00134277;6,36158323
198,37889352;3,00134277;4,09100580
198,54273352;3,00134277;1,82042897
198,70657352;3,00134277;-0,45167392
198,87041351;3,04620504;-3,63322830
199,03425351;3,04620504;-5,45060539
199,19809351;3,00134277;-7,72118282
199,36193351;3,00134277;-9,08536053
199,52577351;3,04620504;-9,53855991
199,68961351;3,04620504;-9,08536053
199,85345351;3,00134277;-7,72118282
200,01729351;3,00134277;-6,35853148
200,18113351;3,04620504;-3,63322830
200,34497351;3,04620504;-0,90639967
200,50881350;3,04620504;1,36570334
200,67265350;3,00134277;3,63780618
200,83649350;3,00134277;5,45365763
201,00033350;3,00134277;6,36158323
201,16417350;3,04620504;6,81630898
201,32801350;3,04620504;6,36158323
201,49185350;3,00134277;4,54420614
201,65569350;3,00134277;3,18308043
201,81953350;3,00134277;0,91097748
201,98337350;3,00134277;-1,81432533
202,14721349;3,04620504;-3,63322830
202,31105349;3,00134277;-5,90380573
202,47489349;3,00134277;-7,72118282
202,63873349;3,00134277;-9,08536053
202,80257349;3,04620504;-9,08536053
202,96641349;3,04620504;-7,72118282
203,13025349;3,00134277;-6,81325722
203,29409349;3,04620504;-4,54115438
203,45793349;3,04620504;-1,81432533
203,62177349;3,04620504;0,45625171
203,78561348;3,04620504;2,72835469
203,94945348;3,04620504;4,54420614
204,11329348;3,00134277;5,90838337
204,27713348;3,00134277;6,81630898
204,44097348;3,04620504;6,36158323
204,60481348;3,00134277;5,45365763
204,76865348;3,00134277;3,63780618
204,93249348;3,00134277;1,82042897
205,09633348;3,00134277;-0,45167392
205,26017348;3,04620504;-3,17850280
205,42401347;3,00134277;-5,45060539
205,58785347;3,00134277;-7,26798248
205,75169347;3,00134277;-8,63063431
205,91553347;3,04620504;-9,08536053
206,07937347;3,04620504;-8,63063431
206,24321347;3,04620504;-7,26798248
206,40705347;3,00134277;-5,45060539
206,57089347;3,00134277;-3,17850280
206,73473347;3,00134277;-0,45167392
206,89857347;3,04620504;1,82042897
207,06241346;3,00134277;3,63780618
207,22625346;3,04620504;5,45365763
207,39009346;3,00134277;6,36158323
207,55393346;3,04620504;6,81630898
207,71777346;3,04620504;5,45365763
207,88161346;3,04620504;4,54420614
208,04545346;3,04620504;2,72835469
208,20929346;3,00134277;0,00305185
208,37313346;3,00134277;-1,81432533
208,53697346;3,04620504;-4,99587965
208,70081345;3,00134277;-7,26798248
208,86465345;3,00134277;-8,17590809
209,02849345;3,00134277;-9,08536053
209,19233345;3,04620504;-9,08536053
209,35617345;3,04620504;-7,72118282
209,52001345;3,00134277;-5,90380573
209,68385345;3,04620504;-3,63322830
209,84769345;3,04620504;-0,90639967
210,01153345;3,04620504;1,36570334
210,17537345;3,04620504;3,63780618
210,33921344;3,00134277;5,45365763
210,50305344;3,00134277;6,81630898
210,66689344;3,04620504;7,27103472
210,83073344;3,04620504;6,81630898
210,99457344;3,00134277;5,45365763
211,15841344;3,04620504;3,63780618
211,32225344;3,00134277;0,91097748
211,48609344;3,00134277;-1,81432533
211,64993344;3,04620504;-4,54115438
211,81377344;3,04620504;-6,81325722
211,97761344;3,04620504;-8,63063431
212,14145343;3,00134277;-9,99328613
212,30529343;3,04620504;-9,53855991
212,46913343;3,04620504;-8,63063431
212,63297343;3,00134277;-6,81325722
212,79681343;3,00134277;-4,99587965
212,96065343;3,00134277;-2,26905107
213,12449343;3,04620504;0,91097748
213,28833343;3,04620504;3,63780618
213,45217343;3,00134277;5,45365763
213,61601343;2,95648050;7,27103472
213,77985342;3,00134277;7,27103472
213,94369342;3,04620504;7,27103472
214,10753342;3,00134277;6,36158323
214,27137342;3,00134277;4,09100580
214,43521342;3,00134277;1,36570334
214,59905342;3,00134277;-0,90639967
214,76289342;3,04620504;-4,08642864
214,92673342;3,00134277;-6,81325722
215,09057342;3,00134277;-8,63063431
215,25441342;3,00134277;-9,99328613
215,41825341;3,00134277;-10,44801140
215,58209341;3,04620504;-9,53855991
215,74593341;3,00134277;-7,72118282
215,90977341;3,00134277;-5,45060539
216,07361341;3,04620504;-2,72377706
216,23745341;3,00134277;0,00305185
216,40129341;3,00134277;1,82042897
216,56513341;3,00134277;5,45365763
216,72897341;2,95648050;7,27103472
216,89281341;3,04620504;8,17895985
217,05665340;3,04620504;8,17895985
217,22049340;3,00134277;6,81630898
217,38433340;3,04620504;5,45365763
217,54817340;3,00134277;2,27362871
217,71201340;3,04620504;-0,45167392
217,87585340;3,04620504;-3,63322830
218,03969340;3,04620504;-6,81325722
218,20353340;3,04620504;-8,17590809
218,36737340;3,00134277;-10,44801140
218,53121340;3,04620504;-10,90273762
218,69505339;3,04620504;-10,90273762
218,85889339;3,04620504;-8,63063431
219,02273339;3,00134277;-6,35853148
219,18657339;3,00134277;-3,63322830
219,35041339;3,00134277;0,00305185
219,51425339;3,04620504;3,63780618
219,67809339;3,00134277;5,45365763
219,84193339;2,95648050;7,72576046
220,00577339;3,04620504;9,08841228
220,16961339;3,04620504;9,08841228
220,33345338;3,04620504;7,72576046
220,49729338;3,04620504;5,90838337
220,66113338;3,04620504;3,18308043
220,82497338;2,95648050;-0,90639967
220,98881338;3,04620504;-3,17850280
221,15265338;3,04620504;-6,35853148
221,31649338;3,04620504;-9,08536053
221,48033338;3,00134277;-10,90273762
221,64417338;3,00134277;-11,35746288
221,80801338;3,04620504;-10,90273762
221,97185337;3,00134277;-9,53855991
222,13569337;3,00134277;-7,26798248
222,29953337;3,00134277;-3,63322830
222,46337337;3,00134277;-0,45167392
222,62721337;3,04620504;3,63780618
222,79105337;3,00134277;5,90838337
222,95489337;2,95648050;8,63368702
223,11873337;3,00134277;9,54313755
223,28257337;3,04620504;9,99633694
223,44641337;3,04620504;9,08841228
223,61025336;3,00134277;6,81630898
223,77409336;3,00134277;3,63780618
223,93793336;3,00134277;0,45625171
224,10177336;3,09091473;-2,72377706
224,26561336;3,04620504;-6,35853148
224,42945336;3,00134277;-9,08536053
224,59329336;2,95648050;-11,81066322
224,75713336;3,04620504;-12,26538944
224,92097336;3,04620504;-11,81066322
225,08481336;3,00134277;-10,44801140
225,24865335;3,00134277;-7,26798248
225,41249335;3,00134277;-4,54115438
225,57633335;3,04620504;-0,45167392
225,74017335;3,04620504;3,18308043
225,90401335;3,04620504;6,36158323
226,06785335;3,00134277;8,63368702
226,23169335;3,00134277;10,45106411
226,39553335;3,04620504;10,45106411
226,55937335;3,04620504;9,08841228
226,72321335;3,00134277;7,27103472
226,88705334;3,00134277;4,09100580
227,05089334;3,00134277;0,91097748
227,21473334;3,04620504;-2,72377706
227,37857334;3,00134277;-6,81325722
227,54241334;3,00134277;-9,99328613
227,70625334;3,00134277;-11,81066322
227,87009334;3,00134277;-12,72011471
228,03393334;3,04620504;-12,72011471
228,19777334;3,00134277;-10,90273762
228,36161334;3,00134277;-8,17590809
228,52545333;3,04620504;-4,08642864
228,68929333;3,04620504;0,00305185
228,85313333;3,04620504;3,63780618
229,01697333;3,00134277;6,81630898
229,18081333;3,00134277;9,54313755
229,34465333;3,00134277;10,90578938
229,50849333;3,04620504;11,81524086
229,67233333;3,04620504;10,45106411
229,83617333;3,00134277;7,72576046
230,00001333;3,00134277;4,54420614
230,16385332;2,95648050;0,45625171
230,32769332;3,04620504;-3,63322830
230,49153332;3,00134277;-7,26798248
230,65537332;3,04620504;-10,44801140
230,81921332;3,00134277;-12,72011471
230,98305332;3,04620504;-13,62804031
231,14689332;3,04620504;-12,72011471
231,31073332;3,04620504;-10,90273762
231,47457332;3,00134277;-8,17590809
231,63841332;3,04620504;-4,08642864
231,80225331;3,04620504;0,00305185
231,96609331;3,00134277;3,63780618
232,12993331;3,04620504;8,17895985
232,29377331;3,00134277;10,45106411
232,45761331;3,00134277;11,81524086
232,62145331;3,04620504;11,81524086
232,78529331;3,04620504;10,45106411
232,94913331;3,00134277;7,72576046
233,11297331;3,00134277;4,54420614
233,27681331;3,04620504;0,45625171
233,44065330;3,04620504;-4,08642864
233,60449330;3,00134277;-7,72118282
233,76833330;2,95648050;-10,90273762
233,93217330;3,00134277;-13,17483997
234,09601330;3,04620504;-13,62804031
234,25985330;3,04620504;-13,17483997
234,42369330;3,00134277;-11,35746288
234,58753330;2,95648050;-8,63063431
234,75137330;3,04620504;-3,63322830
234,91521330;3,04620504;0,45625171
235,07905329;3,00134277;4,54420614
235,24289329;3,04620504;9,08841228
235,40673329;3,00134277;10,90578938
235,57057329;3,04620504;12,26844120
235,73441329;3,04620504;12,72316647
235,89825329;3,00134277;10,90578938
236,06209329;2,95648050;7,27103472
236,22593329;3,04620504;4,09100580
236,38977329;3,04620504;0,00305185
236,55361329;3,00134277;-4,54115438
236,71745328;3,00134277;-9,08536053
236,88129328;3,00134277;-12,26538944
237,04513328;3,04620504;-14,53749180
237,20897328;3,04620504;-14,53749180
237,37281328;3,00134277;-13,62804031
237,53665328;3,00134277;-11,35746288
237,70049328;3,04620504;-7,72118282
237,86433328;3,04620504;-2,72377706
238,02817328;3,04620504;1,82042897
238,19201328;3,00134277;5,45365763
238,35585327;3,00134277;9,54313755
238,51969327;3,00134277;11,81524086
238,68353327;3,04620504;13,17789268
238,84737327;3,04620504;12,72316647
239,01121327;3,04620504;10,90578938
239,17505327;2,95648050;7,27103472
239,33889327;3,00134277;3,63780618
239,50273327;3,04620504;-1,36112559
239,66657327;3,04620504;-5,45060539
239,83041327;2,95648050;-9,99328613
239,99425326;3,00134277;-12,72011471
240,15809326;3,04620504;-14,99221802
240,32193326;3,04620504;-14,99221802
240,48577326;3,00134277;-13,62804031
240,64961326;3,00134277;-11,35746288
240,81345326;3,04620504;-6,81325722
240,97729326;3,04620504;-1,81432533
241,14113326;3,04620504;3,18308043
241,30497326;3,00134277;7,27103472
241,46881326;3,00134277;10,90578938
241,63265325;3,04620504;12,72316647
241,79649325;3,04620504;14,08581829
241,96033325;3,00134277;12,72316647
242,12417325;3,00134277;10,90578938
242,28801325;3,00134277;6,81630898
242,45185325;3,04620504;2,27362871
242,61569325;3,00134277;-3,17850280
242,77953325;3,00134277;-7,26798248
242,94337325;3,00134277;-11,35746288
243,10721325;3,04620504;-14,53749180
243,27105324;3,04620504;-16,35486984
243,43489324;3,04620504;-15,44541740
243,59873324;2,95648050;-14,08276653
243,76257324;3,00134277;-10,44801140
243,92641324;3,04620504;-5,45060539
244,09025324;3,04620504;-0,45167392
244,25409324;3,04620504;4,54420614
244,41793324;3,04620504;9,08841228
244,58177324;3,04620504;12,72316647
244,74561324;3,04620504;14,54054356
244,90945323;3,00134277;14,54054356
245,07329323;3,00134277;13,17789268
245,23713323;3,00134277;9,99633694
245,40097323;3,00134277;5,90838337
245,56481323;3,04620504;0,91097748
245,72865323;3,00134277;-4,08642864
245,89249323;2,95648050;-9,08536053
246,05633323;3,00134277;-12,72011471
246,22017323;3,04620504;-15,44541740
246,38401323;3,04620504;-16,35486984
246,54785322;3,00134277;-15,44541740
246,71169322;3,00134277;-13,17483997
246,87553322;3,04620504;-9,08536053
247,03937322;3,04620504;-4,08642864
247,20321322;3,00134277;1,36570334
247,36705322;2,95648050;6,36158323
247,53089322;3,00134277;10,90578938
247,69473322;3,04620504;14,08581829
247,85857322;3,04620504;15,44999504
248,02241322;3,00134277;14,54054356
248,18625321;3,04620504;12,26844120
248,35009321;3,00134277;9,08841228
248,51393321;3,04620504;4,09100580
248,67777321;3,04620504;-0,90639967
248,84161321;3,00134277;-6,35853148
249,00545321;3,04620504;-10,90273762
249,16929321;3,04620504;-14,53749180
249,33313321;3,04620504;-16,35486984
249,49697321;3,04620504;-16,80959511
249,66081321;3,04620504;-15,44541740
249,82465320;3,00134277;-12,72011471
249,98849320;3,04620504;-7,26798248
250,15233320;3,00134277;-2,26905107
250,31617320;3,04620504;3,63780618
