Tempo;Canal A;Canal B
(ms);(V);(mV)

-250,31584501;3,76293230;-0,45167392
-250,15200501;3,76293230;0,00305185
-249,98816501;3,71807003;0,00305185
-249,82432502;3,76293230;0,00305185
-249,66048502;3,76293230;0,00305185
-249,49664502;3,76293230;0,00305185
-249,33280502;3,67336035;0,00305185
-249,16896502;3,71807003;-0,45167392
-249,00512502;3,71807003;0,00305185
-248,84128502;3,76293230;0,00305185
-248,67744502;3,76293230;-0,45167392
-248,51360502;3,76293230;0,00305185
-248,34976502;3,71807003;0,00305185
-248,18592503;3,76293230;0,00305185
-248,02208503;3,71807003;0,00305185
-247,85824503;3,76293230;0,00305185
-247,69440503;3,71807003;0,00305185
-247,53056503;3,71807003;0,00305185
-247,36672503;3,71807003;0,00305185
-247,20288503;3,76293230;0,00305185
-247,03904503;3,71807003;0,00305185
-246,87520503;3,62849808;-0,45167392
-246,71136503;3,76293230;0,00305185
-246,54752504;3,76293230;0,00305185
-246,38368504;3,76293230;0,00305185
-246,21984504;3,76293230;0,00305185
-246,05600504;3,76293230;0,00305185
-245,89216504;3,71807003;0,00305185
-245,72832504;3,71807003;0,00305185
-245,56448504;3,76293230;0,00305185
-245,40064504;3,71807003;0,00305185
-245,23680504;3,71807003;0,00305185
-245,07296504;3,71807003;0,00305185
-244,90912505;3,71807003;-0,45167392
-244,74528505;3,76293230;0,00305185
-244,58144505;3,76293230;0,00305185
-244,41760505;3,76293230;-0,45167392
-244,25376505;3,76293230;0,00305185
-244,08992505;3,71807003;0,00305185
-243,92608505;3,76293230;0,00305185
-243,76224505;3,76293230;0,00305185
-243,59840505;3,76293230;0,00305185
-243,43456505;3,76293230;0,00305185
-243,27072506;3,71807003;0,00305185
-243,10688506;3,76293230;0,00305185
-242,94304506;3,76293230;0,00305185
-242,77920506;3,76293230;0,00305185
-242,61536506;3,76293230;0,00305185
-242,45152506;3,76293230;0,00305185
-242,28768506;3,76293230;0,00305185
-242,12384506;3,71807003;0,00305185
-241,96000506;3,71807003;0,00305185
-241,79616506;3,67336035;0,00305185
-241,63232507;3,76293230;0,00305185
-241,46848507;3,85250401;0,00305185
-241,30464507;3,71807003;0,00305185
-241,14080507;3,76293230;0,00305185
-240,97696507;3,85250401;0,00305185
-240,81312507;3,71807003;0,00305185
-240,64928507;3,76293230;0,00305185
-240,48544507;3,76293230;0,00305185
-240,32160507;3,71807003;0,00305185
-240,15776507;3,71807003;0,00305185
-239,99392508;3,71807003;0,00305185
-239,83008508;3,76293230;0,00305185
-239,66624508;3,71807003;0,00305185
-239,50240508;3,71807003;0,00305185
-239,33856508;3,71807003;0,00305185
-239,17472508;3,71807003;0,00305185
-239,01088508;3,76293230;0,00305185
-238,84704508;3,76293230;0,00305185
-238,68320508;3,76293230;0,00305185
-238,51936508;3,76293230;0,00305185
-238,35552509;3,76293230;0,00305185
-238,19168509;3,71807003;0,00305185
-238,02784509;3,76293230;0,00305185
-237,86400509;3,76293230;0,00305185
-237,70016509;3,71807003;0,00305185
-237,53632509;3,71807003;0,00305185
-237,37248509;3,71807003;0,00305185
-237,20864509;3,76293230;0,00305185
-237,04480509;3,71807003;0,00305185
-236,88096509;3,76293230;0,00305185
-236,71712510;3,71807003;0,00305185
-236,55328510;3,76293230;0,00305185
-236,38944510;3,67336035;0,00305185
-236,22560510;3,71807003;0,00305185
-236,06176510;3,76293230;0,00305185
-235,89792510;3,71807003;0,00305185
-235,73408510;3,76293230;0,00305185
-235,57024510;3,76293230;0,00305185
-235,40640510;3,76293230;0,00305185
-235,24256510;3,76293230;0,00305185
-235,07872511;3,76293230;0,00305185
-234,91488511;3,71807003;0,00305185
-234,75104511;3,71807003;0,00305185
-234,58720511;3,71807003;0,00305185
-234,42336511;3,71807003;0,00305185
-234,25952511;3,76293230;0,00305185
-234,09568511;3,76293230;0,00305185
-233,93184511;3,76293230;0,00305185
-233,76800511;3,71807003;0,00305185
-233,60416511;3,71807003;0,00305185
-233,44032512;3,71807003;0,00305185
-233,27648512;3,76293230;0,00305185
-233,11264512;3,71807003;0,00305185
-232,94880512;3,71807003;0,00305185
-232,78496512;3,76293230;0,00305185
-232,62112512;3,76293230;0,00305185
-232,45728512;3,67336035;0,00305185
-232,29344512;3,76293230;0,00305185
-232,12960512;3,71807003;0,00305185
-231,96576512;3,76293230;0,00305185
-231,80192513;3,71807003;0,00305185
-231,63808513;3,76293230;0,00305185
-231,47424513;3,71807003;0,00305185
-231,31040513;3,76293230;0,00305185
-231,14656513;3,71807003;0,00305185
-230,98272513;3,71807003;-0,45167392
-230,81888513;3,76293230;0,00305185
-230,65504513;3,71807003;0,00305185
-230,49120513;3,76293230;0,00305185
-230,32736513;3,76293230;0,00305185
-230,16352514;3,76293230;0,00305185
-229,99968514;3,58378863;-0,90639967
-229,83584514;3,76293230;0,00305185
-229,67200514;3,71807003;0,00305185
-229,50816514;3,71807003;0,00305185
-229,34432514;3,76293230;0,00305185
-229,18048514;3,76293230;0,00305185
-229,01664514;3,76293230;0,00305185
-228,85280514;3,76293230;0,00305185
-228,68896514;3,76293230;0,00305185
-228,52512515;3,71807003;0,00305185
-228,36128515;3,71807003;0,00305185
-228,19744515;3,71807003;-0,45167392
-228,03360515;3,71807003;0,00305185
-227,86976515;3,71807003;0,00305185
-227,70592515;3,76293230;0,00305185
-227,54208515;3,71807003;0,00305185
-227,37824515;3,76293230;0,00305185
-227,21440515;3,76293230;0,00305185
-227,05056515;3,76293230;0,00305185
-226,88672516;3,71807003;0,00305185
-226,72288516;3,71807003;0,00305185
-226,55904516;3,76293230;0,00305185
-226,39520516;3,71807003;0,00305185
-226,23136516;3,71807003;0,00305185
-226,06752516;3,76293230;-0,45167392
-225,90368516;3,76293230;0,00305185
-225,73984516;3,71807003;0,00305185
-225,57600516;3,71807003;0,00305185
-225,41216516;3,85250401;-0,45167392
-225,24832517;3,76293230;0,00305185
-225,08448517;3,76293230;0,00305185
-224,92064517;3,76293230;0,00305185
-224,75680517;3,71807003;0,00305185
-224,59296517;3,71807003;0,00305185
-224,42912517;3,76293230;0,00305185
-224,26528517;3,71807003;0,00305185
-224,10144517;3,71807003;-0,45167392
-223,93760517;3,71807003;-0,45167392
-223,77376517;3,71807003;0,00305185
-223,60992517;3,76293230;0,00305185
-223,44608518;3,76293230;0,00305185
-223,28224518;3,71807003;0,00305185
-223,11840518;3,76293230;0,00305185
-222,95456518;3,71807003;0,00305185
-222,79072518;3,76293230;0,00305185
-222,62688518;3,76293230;0,00305185
-222,46304518;3,71807003;0,00305185
-222,29920518;3,76293230;0,00305185
-222,13536518;3,71807003;0,00305185
-221,97152518;3,71807003;0,00305185
-221,80768519;3,76293230;0,00305185
-221,64384519;3,76293230;0,00305185
-221,48000519;3,67336035;0,00305185
-221,31616519;3,76293230;0,00305185
-221,15232519;3,76293230;0,00305185
-220,98848519;3,76293230;-0,45167392
-220,82464519;3,71807003;0,00305185
-220,66080519;3,71807003;0,00305185
-220,49696519;3,76293230;-0,45167392
-220,33312519;3,71807003;0,00305185
-220,16928520;3,76293230;0,00305185
-220,00544520;3,71807003;0,00305185
-219,84160520;3,67336035;0,00305185
-219,67776520;3,76293230;-0,45167392
-219,51392520;3,80779433;-0,45167392
-219,35008520;3,71807003;0,00305185
-219,18624520;3,71807003;0,00305185
-219,02240520;3,80779433;-0,45167392
-218,85856520;3,71807003;0,00305185
-218,69472520;3,76293230;0,00305185
-218,53088521;3,76293230;0,00305185
-218,36704521;3,76293230;0,00305185
-218,20320521;3,76293230;0,00305185
-218,03936521;3,76293230;0,00305185
-217,87552521;3,76293230;0,00305185
-217,71168521;3,71807003;0,00305185
-217,54784521;3,76293230;0,00305185
-217,38400521;3,71807003;0,00305185
-217,22016521;3,71807003;0,00305185
-217,05632521;3,76293230;0,00305185
-216,89248522;3,76293230;0,00305185
-216,72864522;3,76293230;0,00305185
-216,56480522;3,76293230;0,00305185
-216,40096522;3,67336035;0,00305185
-216,23712522;3,71807003;0,00305185
-216,07328522;3,71807003;0,00305185
-215,90944522;3,76293230;0,00305185
-215,74560522;3,71807003;0,00305185
-215,58176522;3,71807003;0,00305185
-215,41792522;3,76293230;0,00305185
-215,25408523;3,76293230;0,00305185
-215,09024523;3,76293230;0,00305185
-214,92640523;3,76293230;0,00305185
-214,76256523;3,71807003;0,00305185
-214,59872523;3,71807003;0,00305185
-214,43488523;3,71807003;0,00305185
-214,27104523;3,76293230;0,00305185
-214,10720523;3,71807003;0,00305185
-213,94336523;3,80779433;0,00305185
-213,77952523;3,71807003;0,00305185
-213,61568524;3,71807003;0,00305185
-213,45184524;3,71807003;0,00305185
-213,28800524;3,76293230;-1,81432533
-213,12416524;3,76293230;0,00305185
-212,96032524;3,76293230;0,00305185
-212,79648524;3,76293230;0,00305185
-212,63264524;3,71807003;0,00305185
-212,46880524;3,71807003;0,00305185
-212,30496524;3,71807003;0,00305185
-212,14112524;3,76293230;0,00305185
-211,97728525;3,76293230;0,00305185
-211,81344525;3,71807003;0,00305185
-211,64960525;3,71807003;0,00305185
-211,48576525;3,76293230;0,00305185
-211,32192525;3,76293230;0,00305185
-211,15808525;3,80779433;0,00305185
-210,99424525;3,76293230;0,00305185
-210,83040525;3,76293230;0,00305185
-210,66656525;3,71807003;0,00305185
-210,50272525;3,71807003;0,00305185
-210,33888526;3,76293230;0,00305185
-210,17504526;3,71807003;0,00305185
-210,01120526;3,71807003;-0,45167392
-209,84736526;3,71807003;0,00305185
-209,68352526;3,76293230;0,00305185
-209,51968526;3,67336035;0,00305185
-209,35584526;3,71807003;0,00305185
-209,19200526;3,76293230;0,00305185
-209,02816526;3,71807003;0,00305185
-208,86432526;3,71807003;0,00305185
-208,70048527;3,76293230;0,00305185
-208,53664527;3,85250401;-0,45167392
-208,37280527;3,71807003;-0,45167392
-208,20896527;3,71807003;0,00305185
-208,04512527;3,80779433;0,00305185
-207,88128527;3,76293230;0,00305185
-207,71744527;3,76293230;0,00305185
-207,55360527;3,67336035;0,00305185
-207,38976527;3,76293230;-0,45167392
-207,22592527;3,71807003;0,00305185
-207,06208528;3,76293230;0,00305185
-206,89824528;3,76293230;-0,45167392
-206,73440528;3,71807003;0,00305185
-206,57056528;3,71807003;-0,45167392
-206,40672528;3,76293230;0,00305185
-206,24288528;3,76293230;0,00305185
-206,07904528;3,71807003;-0,45167392
-205,91520528;3,71807003;0,00305185
-205,75136528;3,71807003;0,00305185
-205,58752528;3,71807003;0,00305185
-205,42368529;3,76293230;-0,45167392
-205,25984529;3,71807003;-0,45167392
-205,09600529;3,76293230;-0,45167392
-204,93216529;3,76293230;0,00305185
-204,76832529;3,76293230;-0,45167392
-204,60448529;3,71807003;0,00305185
-204,44064529;3,76293230;0,00305185
-204,27680529;3,71807003;-0,45167392
-204,11296529;3,71807003;0,00305185
-203,94912529;3,80779433;-0,45167392
-203,78528530;3,76293230;0,00305185
-203,62144530;3,76293230;0,00305185
-203,45760530;3,67336035;0,00305185
-203,29376530;3,76293230;-0,45167392
-203,12992530;3,76293230;-0,45167392
-202,96608530;3,67336035;0,00305185
-202,80224530;3,76293230;-0,45167392
-202,63840530;3,76293230;0,00305185
-202,47456530;3,76293230;0,00305185
-202,31072530;3,76293230;0,00305185
-202,14688531;3,76293230;0,00305185
-201,98304531;3,76293230;0,00305185
-201,81920531;3,71807003;0,00305185
-201,65536531;3,76293230;0,00305185
-201,49152531;3,76293230;0,00305185
-201,32768531;3,71807003;0,00305185
-201,16384531;3,76293230;-0,45167392
-201,00000531;3,76293230;0,00305185
-200,83616531;3,71807003;0,00305185
-200,67232531;3,76293230;0,00305185
-200,50848532;3,71807003;-0,45167392
-200,34464532;3,71807003;-0,45167392
-200,18080532;3,71807003;0,00305185
-200,01696532;3,76293230;-0,45167392
-199,85312532;3,71807003;-0,45167392
-199,68928532;3,62849808;0,00305185
-199,52544532;3,76293230;-0,45167392
-199,36160532;3,71807003;-0,45167392
-199,19776532;3,76293230;0,00305185
-199,03392532;3,76293230;-0,45167392
-198,87008533;3,71807003;0,00305185
-198,70624533;3,76293230;0,00305185
-198,54240533;3,76293230;-0,45167392
-198,37856533;3,71807003;0,00305185
-198,21472533;3,76293230;-0,45167392
-198,05088533;3,76293230;0,00305185
-197,88704533;3,76293230;-0,45167392
-197,72320533;3,76293230;0,00305185
-197,55936533;3,67336035;-0,45167392
-197,39552533;3,71807003;0,00305185
-197,23168534;3,76293230;-0,45167392
-197,06784534;3,67336035;1,36570334
-196,90400534;3,71807003;0,00305185
-196,74016534;3,71807003;0,00305185
-196,57632534;3,71807003;0,00305185
-196,41248534;3,76293230;0,00305185
-196,24864534;3,76293230;0,00305185
-196,08480534;3,76293230;0,00305185
-195,92096534;3,76293230;0,00305185
-195,75712534;3,76293230;0,00305185
-195,59328535;3,76293230;0,00305185
-195,42944535;3,71807003;0,00305185
-195,26560535;3,71807003;0,00305185
-195,10176535;3,76293230;0,00305185
-194,93792535;3,76293230;0,00305185
-194,77408535;3,76293230;0,00305185
-194,61024535;3,76293230;-0,45167392
-194,44640535;3,76293230;0,00305185
-194,28256535;3,76293230;0,00305185
-194,11872535;3,71807003;0,00305185
-193,95488536;3,71807003;0,00305185
-193,79104536;3,76293230;-0,45167392
-193,62720536;3,71807003;0,00305185
-193,46336536;3,76293230;0,00305185
-193,29952536;3,76293230;0,00305185
-193,13568536;3,76293230;0,00305185
-192,97184536;3,71807003;0,00305185
-192,80800536;3,71807003;0,00305185
-192,64416536;3,71807003;0,00305185
-192,48032536;3,76293230;0,00305185
-192,31648537;3,71807003;0,00305185
-192,15264537;3,76293230;-0,45167392
-191,98880537;3,58378863;-0,45167392
-191,82496537;3,76293230;0,00305185
-191,66112537;3,76293230;0,00305185
-191,49728537;3,71807003;0,00305185
-191,33344537;3,71807003;0,00305185
-191,16960537;3,76293230;0,00305185
-191,00576537;3,76293230;0,00305185
-190,84192537;3,71807003;0,00305185
-190,67808538;3,76293230;0,00305185
-190,51424538;3,76293230;0,00305185
-190,35040538;3,71807003;0,00305185
-190,18656538;3,76293230;0,00305185
-190,02272538;3,76293230;0,00305185
-189,85888538;3,76293230;0,00305185
-189,69504538;3,76293230;0,00305185
-189,53120538;3,71807003;0,00305185
-189,36736538;3,71807003;0,00305185
-189,20352538;3,71807003;0,00305185
-189,03968539;3,76293230;0,00305185
-188,87584539;3,71807003;0,00305185
-188,71200539;3,71807003;0,00305185
-188,54816539;3,71807003;0,00305185
-188,38432539;3,76293230;0,00305185
-188,22048539;3,71807003;0,00305185
-188,05664539;3,76293230;0,00305185
-187,89280539;3,71807003;0,00305185
-187,72896539;3,76293230;0,00305185
-187,56512539;3,76293230;0,00305185
-187,40128540;3,71807003;0,00305185
-187,23744540;3,71807003;0,00305185
-187,07360540;3,76293230;0,00305185
-186,90976540;3,76293230;0,00305185
-186,74592540;3,71807003;0,00305185
-186,58208540;3,71807003;0,00305185
-186,41824540;3,71807003;0,00305185
-186,25440540;3,76293230;0,00305185
-186,09056540;3,71807003;0,91097748
-185,92672540;3,71807003;0,00305185
-185,76288540;3,76293230;0,00305185
-185,59904541;3,76293230;0,00305185
-185,43520541;3,76293230;0,00305185
-185,27136541;3,76293230;0,00305185
-185,10752541;3,76293230;0,00305185
-184,94368541;3,76293230;0,00305185
-184,77984541;3,71807003;0,00305185
-184,61600541;3,71807003;0,00305185
-184,45216541;3,76293230;0,00305185
-184,28832541;3,76293230;0,00305185
-184,12448541;3,71807003;0,00305185
-183,96064542;3,71807003;0,00305185
-183,79680542;3,71807003;0,45625171
-183,63296542;3,76293230;0,00305185
-183,46912542;3,76293230;0,00305185
-183,30528542;3,76293230;0,00305185
-183,14144542;3,76293230;0,00305185
-182,97760542;3,71807003;0,00305185
-182,81376542;3,76293230;0,00305185
-182,64992542;3,71807003;0,00305185
-182,48608542;3,67336035;0,00305185
-182,32224543;3,76293230;0,00305185
-182,15840543;3,76293230;0,00305185
-181,99456543;3,76293230;0,00305185
-181,83072543;3,71807003;0,00305185
-181,66688543;3,76293230;0,00305185
-181,50304543;3,71807003;0,00305185
-181,33920543;3,76293230;0,00305185
-181,17536543;3,76293230;0,00305185
-181,01152543;3,71807003;0,00305185
-180,84768543;3,76293230;0,00305185
-180,68384544;3,71807003;0,00305185
-180,52000544;3,71807003;0,00305185
-180,35616544;3,71807003;0,00305185
-180,19232544;3,71807003;0,00305185
-180,02848544;3,71807003;0,00305185
-179,86464544;3,76293230;0,00305185
-179,70080544;3,76293230;0,00305185
-179,53696544;3,76293230;0,00305185
-179,37312544;3,71807003;0,00305185
-179,20928544;3,76293230;0,00305185
-179,04544545;3,80779433;-0,45167392
-178,88160545;3,76293230;0,00305185
-178,71776545;3,76293230;0,00305185
-178,55392545;3,71807003;0,00305185
-178,39008545;3,76293230;0,00305185
-178,22624545;3,71807003;0,00305185
-178,06240545;3,76293230;0,00305185
-177,89856545;3,71807003;0,00305185
-177,73472545;3,76293230;0,00305185
-177,57088545;3,76293230;0,00305185
-177,40704546;3,76293230;0,00305185
-177,24320546;3,76293230;0,00305185
-177,07936546;3,71807003;0,00305185
-176,91552546;3,76293230;0,00305185
-176,75168546;3,71807003;0,00305185
-176,58784546;3,76293230;0,00305185
-176,42400546;3,76293230;0,00305185
-176,26016546;3,76293230;0,00305185
-176,09632546;3,76293230;0,00305185
-175,93248546;3,76293230;0,00305185
-175,76864547;3,71807003;0,00305185
-175,60480547;3,76293230;0,00305185
-175,44096547;3,71807003;0,00305185
-175,27712547;3,76293230;0,00305185
-175,11328547;3,85250401;0,00305185
-174,94944547;3,76293230;0,00305185
-174,78560547;3,76293230;0,00305185
-174,62176547;3,76293230;0,91097748
-174,45792547;3,71807003;0,00305185
-174,29408547;3,71807003;0,00305185
-174,13024548;3,76293230;0,00305185
-173,96640548;3,71807003;0,00305185
-173,80256548;3,71807003;0,00305185
-173,63872548;3,71807003;0,00305185
-173,47488548;3,76293230;0,00305185
-173,31104548;3,71807003;0,00305185
-173,14720548;3,76293230;0,00305185
-172,98336548;3,71807003;0,00305185
-172,81952548;3,76293230;0,00305185
-172,65568548;3,76293230;0,00305185
-172,49184549;3,76293230;0,00305185
-172,32800549;3,76293230;0,00305185
-172,16416549;3,71807003;0,00305185
-172,00032549;3,76293230;0,00305185
-171,83648549;3,71807003;0,00305185
-171,67264549;3,76293230;0,00305185
-171,50880549;3,76293230;0,00305185
-171,34496549;3,71807003;0,00305185
-171,18112549;3,71807003;0,00305185
-171,01728549;3,67336035;0,45625171
-170,85344550;3,76293230;0,00305185
-170,68960550;3,71807003;0,00305185
-170,52576550;3,71807003;0,00305185
-170,36192550;3,76293230;0,00305185
-170,19808550;3,76293230;0,00305185
-170,03424550;3,80779433;-0,45167392
-169,87040550;3,76293230;0,00305185
-169,70656550;3,76293230;0,00305185
-169,54272550;3,67336035;0,00305185
-169,37888550;3,76293230;0,00305185
-169,21504551;3,76293230;0,00305185
-169,05120551;3,71807003;0,00305185
-168,88736551;3,76293230;0,00305185
-168,72352551;3,76293230;0,00305185
-168,55968551;3,76293230;0,00305185
-168,39584551;3,71807003;0,00305185
-168,23200551;3,71807003;0,00305185
-168,06816551;3,71807003;0,00305185
-167,90432551;3,71807003;0,00305185
-167,74048551;3,71807003;0,00305185
-167,57664552;3,76293230;0,00305185
-167,41280552;3,71807003;0,00305185
-167,24896552;3,76293230;0,00305185
-167,08512552;3,71807003;0,00305185
-166,92128552;3,76293230;0,00305185
-166,75744552;3,85250401;0,00305185
-166,59360552;3,71807003;0,00305185
-166,42976552;3,71807003;0,00305185
-166,26592552;3,76293230;0,00305185
-166,10208552;3,71807003;0,00305185
-165,93824553;3,76293230;0,00305185
-165,77440553;3,76293230;0,00305185
-165,61056553;3,76293230;0,00305185
-165,44672553;3,76293230;0,00305185
-165,28288553;3,71807003;0,00305185
-165,11904553;3,71807003;0,00305185
-164,95520553;3,76293230;0,00305185
-164,79136553;3,76293230;0,00305185
-164,62752553;3,76293230;0,00305185
-164,46368553;3,71807003;0,00305185
-164,29984554;3,71807003;0,00305185
-164,13600554;3,71807003;-0,45167392
-163,97216554;3,76293230;0,00305185
-163,80832554;3,71807003;0,00305185
-163,64448554;3,80779433;0,45625171
-163,48064554;3,76293230;0,00305185
-163,31680554;3,71807003;0,00305185
-163,15296554;3,67336035;0,00305185
-162,98912554;3,76293230;0,00305185
-162,82528554;3,76293230;0,00305185
-162,66144555;3,76293230;0,00305185
-162,49760555;3,71807003;0,00305185
-162,33376555;3,71807003;0,00305185
-162,16992555;3,76293230;0,00305185
-162,00608555;3,76293230;0,00305185
-161,84224555;3,76293230;0,00305185
-161,67840555;3,76293230;0,00305185
-161,51456555;3,71807003;0,00305185
-161,35072555;3,76293230;0,00305185
-161,18688555;3,76293230;0,00305185
-161,02304556;3,76293230;0,00305185
-160,85920556;3,71807003;0,00305185
-160,69536556;3,76293230;0,00305185
-160,53152556;3,71807003;0,00305185
-160,36768556;3,76293230;0,00305185
-160,20384556;3,76293230;0,00305185
-160,04000556;3,76293230;0,00305185
-159,87616556;3,71807003;0,00305185
-159,71232556;3,76293230;0,00305185
-159,54848556;3,76293230;0,00305185
-159,38464557;3,76293230;0,00305185
-159,22080557;3,76293230;0,00305185
-159,05696557;3,71807003;-0,45167392
-158,89312557;3,71807003;0,00305185
-158,72928557;3,76293230;0,00305185
-158,56544557;3,76293230;0,00305185
-158,40160557;3,76293230;0,00305185
-158,23776557;3,76293230;0,00305185
-158,07392557;3,67336035;0,00305185
-157,91008557;3,71807003;0,00305185
-157,74624558;3,71807003;0,00305185
-157,58240558;3,71807003;0,00305185
-157,41856558;3,76293230;0,00305185
-157,25472558;3,76293230;0,00305185
-157,09088558;3,76293230;0,00305185
-156,92704558;3,76293230;0,00305185
-156,76320558;3,71807003;0,00305185
-156,59936558;3,76293230;0,00305185
-156,43552558;3,71807003;0,00305185
-156,27168558;3,76293230;0,00305185
-156,10784559;3,76293230;0,00305185
-155,94400559;3,76293230;0,00305185
-155,78016559;3,76293230;0,00305185
-155,61632559;3,71807003;0,00305185
-155,45248559;3,71807003;0,00305185
-155,28864559;3,76293230;0,00305185
-155,12480559;3,76293230;0,00305185
-154,96096559;3,71807003;0,00305185
-154,79712559;3,71807003;0,00305185
-154,63328559;3,76293230;0,00305185
-154,46944560;3,76293230;0,00305185
-154,30560560;3,71807003;0,00305185
-154,14176560;3,76293230;-0,45167392
-153,97792560;3,76293230;0,00305185
-153,81408560;3,76293230;0,00305185
-153,65024560;3,76293230;0,00305185
-153,48640560;3,76293230;0,00305185
-153,32256560;3,71807003;0,00305185
-153,15872560;3,76293230;0,00305185
-152,99488560;3,76293230;0,00305185
-152,83104561;3,71807003;0,00305185
-152,66720561;3,80779433;0,00305185
-152,50336561;3,71807003;0,00305185
-152,33952561;3,71807003;0,00305185
-152,17568561;3,76293230;0,00305185
-152,01184561;3,76293230;0,00305185
-151,84800561;3,76293230;0,00305185
-151,68416561;3,76293230;0,00305185
-151,52032561;3,76293230;0,00305185
-151,35648561;3,76293230;0,00305185
-151,19264562;3,71807003;0,00305185
-151,02880562;3,76293230;0,00305185
-150,86496562;3,76293230;0,00305185
-150,70112562;3,71807003;0,00305185
-150,53728562;3,71807003;0,00305185
-150,37344562;3,76293230;0,00305185
-150,20960562;3,76293230;0,00305185
-150,04576562;3,71807003;0,00305185
-149,88192562;3,71807003;0,00305185
-149,71808562;3,71807003;0,00305185
-149,55424563;3,76293230;0,00305185
-149,39040563;3,76293230;0,00305185
-149,22656563;3,71807003;0,00305185
-149,06272563;3,76293230;0,00305185
-148,89888563;3,71807003;0,00305185
-148,73504563;3,76293230;0,00305185
-148,57120563;3,58378863;0,91097748
-148,40736563;3,76293230;0,00305185
-148,24352563;3,76293230;0,00305185
-148,07968563;3,76293230;0,00305185
-147,91584563;3,76293230;0,00305185
-147,75200564;3,71807003;0,00305185
-147,58816564;3,71807003;0,00305185
-147,42432564;3,76293230;0,00305185
-147,26048564;3,76293230;0,00305185
-147,09664564;3,67336035;0,00305185
-146,93280564;3,71807003;0,00305185
-146,76896564;3,76293230;0,00305185
-146,60512564;3,76293230;0,00305185
-146,44128564;3,76293230;0,00305185
-146,27744564;3,76293230;0,00305185
-146,11360565;3,76293230;0,00305185
-145,94976565;3,71807003;0,00305185
-145,78592565;3,71807003;0,00305185
-145,62208565;3,76293230;0,00305185
-145,45824565;3,76293230;0,00305185
-145,29440565;3,76293230;0,00305185
-145,13056565;3,76293230;0,00305185
-144,96672565;3,71807003;0,00305185
-144,80288565;3,71807003;0,00305185
-144,63904565;3,71807003;0,00305185
-144,47520566;3,80779433;-0,45167392
-144,31136566;3,76293230;0,00305185
-144,14752566;3,76293230;0,00305185
-143,98368566;3,71807003;0,00305185
-143,81984566;3,71807003;0,00305185
-143,65600566;3,71807003;0,00305185
-143,49216566;3,76293230;0,00305185
-143,32832566;3,76293230;0,00305185
-143,16448566;3,76293230;0,00305185
-143,00064566;3,71807003;0,00305185
-142,83680567;3,71807003;0,00305185
-142,67296567;3,71807003;0,00305185
-142,50912567;3,76293230;0,00305185
-142,34528567;3,71807003;0,00305185
-142,18144567;3,71807003;0,45625171
-142,01760567;3,76293230;0,45625171
-141,85376567;3,71807003;0,00305185
-141,68992567;3,71807003;0,00305185
-141,52608567;3,71807003;0,00305185
-141,36224567;3,76293230;0,45625171
-141,19840568;3,71807003;-0,90639967
-141,03456568;3,71807003;0,00305185
-140,87072568;3,71807003;0,00305185
-140,70688568;3,71807003;0,00305185
-140,54304568;3,71807003;0,00305185
-140,37920568;3,71807003;0,00305185
-140,21536568;3,71807003;0,00305185
-140,05152568;3,76293230;0,45625171
-139,88768568;3,71807003;0,00305185
-139,72384568;3,76293230;0,00305185
-139,56000569;3,71807003;0,00305185
-139,39616569;3,76293230;0,45625171
-139,23232569;3,71807003;0,00305185
-139,06848569;3,71807003;0,00305185
-138,90464569;3,71807003;0,00305185
-138,74080569;3,71807003;0,00305185
-138,57696569;3,76293230;0,45625171
-138,41312569;3,76293230;0,45625171
-138,24928569;3,76293230;0,00305185
-138,08544569;3,76293230;0,00305185
-137,92160570;3,76293230;0,00305185
-137,75776570;3,76293230;0,45625171
-137,59392570;3,76293230;0,00305185
-137,43008570;3,76293230;0,45625171
-137,26624570;3,71807003;0,45625171
-137,10240570;3,71807003;0,91097748
-136,93856570;3,76293230;0,00305185
-136,77472570;3,76293230;0,00305185
-136,61088570;3,76293230;0,00305185
-136,44704570;3,76293230;0,45625171
-136,28320571;3,76293230;0,00305185
-136,11936571;3,76293230;0,00305185
-135,95552571;3,76293230;0,00305185
-135,79168571;3,71807003;0,00305185
-135,62784571;3,76293230;0,45625171
-135,46400571;3,71807003;0,45625171
-135,30016571;3,71807003;0,45625171
-135,13632571;3,71807003;0,45625171
-134,97248571;3,76293230;0,00305185
-134,80864571;3,71807003;0,45625171
-134,64480572;3,71807003;0,45625171
-134,48096572;3,76293230;0,45625171
-134,31712572;3,71807003;0,45625171
-134,15328572;3,76293230;0,45625171
-133,98944572;3,76293230;0,45625171
-133,82560572;3,76293230;0,45625171
-133,66176572;3,71807003;0,45625171
-133,49792572;3,62849808;0,91097748
-133,33408572;3,76293230;0,91097748
-133,17024572;3,76293230;0,45625171
-133,00640573;3,71807003;0,45625171
-132,84256573;3,71807003;0,45625171
-132,67872573;3,76293230;0,45625171
-132,51488573;3,76293230;0,91097748
-132,35104573;3,76293230;0,91097748
-132,18720573;3,71807003;0,45625171
-132,02336573;3,76293230;0,45625171
-131,85952573;3,76293230;0,45625171
-131,69568573;3,76293230;0,45625171
-131,53184573;3,76293230;0,91097748
-131,36800574;3,76293230;0,45625171
-131,20416574;3,76293230;0,45625171
-131,04032574;3,76293230;0,45625171
-130,87648574;3,71807003;0,00305185
-130,71264574;3,71807003;0,00305185
-130,54880574;3,76293230;0,45625171
-130,38496574;3,76293230;0,45625171
-130,22112574;3,76293230;0,45625171
-130,05728574;3,71807003;0,45625171
-129,89344574;3,67336035;0,91097748
-129,72960575;3,71807003;0,00305185
-129,56576575;3,76293230;0,45625171
-129,40192575;3,71807003;0,45625171
-129,23808575;3,71807003;0,45625171
-129,07424575;3,71807003;0,00305185
-128,91040575;3,76293230;0,45625171
-128,74656575;3,71807003;0,45625171
-128,58272575;3,76293230;0,00305185
-128,41888575;3,76293230;0,45625171
-128,25504575;3,71807003;0,45625171
-128,09120576;3,71807003;0,45625171
-127,92736576;3,71807003;0,45625171
-127,76352576;3,76293230;0,00305185
-127,59968576;3,76293230;0,00305185
-127,43584576;3,71807003;0,00305185
-127,27200576;3,76293230;0,45625171
-127,10816576;3,71807003;0,45625171
-126,94432576;3,76293230;0,45625171
-126,78048576;3,76293230;0,00305185
-126,61664576;3,71807003;0,00305185
-126,45280577;3,76293230;0,45625171
-126,28896577;3,71807003;0,00305185
-126,12512577;3,67336035;0,91097748
-125,96128577;3,76293230;0,00305185
-125,79744577;3,71807003;0,00305185
-125,63360577;3,85250401;0,00305185
-125,46976577;3,76293230;0,00305185
-125,30592577;3,76293230;0,45625171
-125,14208577;3,76293230;0,00305185
-124,97824577;3,76293230;0,00305185
-124,81440578;3,71807003;0,00305185
-124,65056578;3,76293230;0,00305185
-124,48672578;3,76293230;0,00305185
-124,32288578;3,71807003;0,00305185
-124,15904578;3,76293230;0,00305185
-123,99520578;3,71807003;0,00305185
-123,83136578;3,76293230;0,00305185
-123,66752578;3,76293230;0,00305185
-123,50368578;3,76293230;0,00305185
-123,33984578;3,71807003;0,00305185
-123,17600579;3,76293230;0,00305185
-123,01216579;3,76293230;0,45625171
-122,84832579;3,71807003;0,45625171
-122,68448579;3,76293230;0,45625171
-122,52064579;3,71807003;0,00305185
-122,35680579;3,76293230;0,00305185
-122,19296579;3,76293230;0,00305185
-122,02912579;3,71807003;0,00305185
-121,86528579;3,71807003;0,00305185
-121,70144579;3,71807003;0,45625171
-121,53760580;3,71807003;0,00305185
-121,37376580;3,76293230;0,45625171
-121,20992580;3,67336035;0,45625171
-121,04608580;3,76293230;0,00305185
-120,88224580;3,76293230;0,00305185
-120,71840580;3,76293230;0,45625171
-120,55456580;3,71807003;0,00305185
-120,39072580;3,71807003;0,00305185
-120,22688580;3,71807003;0,00305185
-120,06304580;3,76293230;0,00305185
-119,89920581;3,71807003;0,00305185
-119,73536581;3,49406409;0,00305185
-119,57152581;3,71807003;0,00305185
-119,40768581;3,71807003;0,00305185
-119,24384581;3,76293230;0,00305185
-119,08000581;3,76293230;0,45625171
-118,91616581;3,76293230;0,00305185
-118,75232581;3,71807003;0,00305185
-118,58848581;3,76293230;0,00305185
-118,42464581;3,76293230;0,00305185
-118,26080582;3,76293230;0,00305185
-118,09696582;3,76293230;0,00305185
-117,93312582;3,71807003;0,00305185
-117,76928582;3,71807003;0,00305185
-117,60544582;3,71807003;0,00305185
-117,44160582;3,76293230;0,00305185
-117,27776582;3,71807003;0,00305185
-117,11392582;3,76293230;0,00305185
-116,95008582;3,76293230;0,00305185
-116,78624582;3,76293230;0,00305185
-116,62240583;3,71807003;0,00305185
-116,45856583;3,76293230;0,00305185
-116,29472583;3,71807003;0,00305185
-116,13088583;3,71807003;0,00305185
-115,96704583;3,76293230;0,00305185
-115,80320583;3,76293230;0,00305185
-115,63936583;3,67336035;0,00305185
-115,47552583;3,76293230;0,45625171
-115,31168583;3,71807003;0,00305185
-115,14784583;3,76293230;0,00305185
-114,98400584;3,71807003;0,00305185
-114,82016584;3,76293230;0,00305185
-114,65632584;3,76293230;0,45625171
-114,49248584;3,76293230;0,00305185
-114,32864584;3,76293230;0,00305185
-114,16480584;3,71807003;0,00305185
-114,00096584;3,76293230;0,00305185
-113,83712584;3,71807003;0,00305185
-113,67328584;3,71807003;0,00305185
-113,50944584;3,76293230;0,00305185
-113,34560585;3,76293230;0,00305185
-113,18176585;3,76293230;0,00305185
-113,01792585;3,76293230;0,00305185
-112,85408585;3,71807003;0,00305185
-112,69024585;3,71807003;0,00305185
-112,52640585;3,76293230;0,00305185
-112,36256585;3,71807003;0,00305185
-112,19872585;3,76293230;0,00305185
-112,03488585;3,71807003;0,00305185
-111,87104585;3,76293230;0,00305185
-111,70720586;3,76293230;0,00305185
-111,54336586;3,67336035;0,00305185
-111,37952586;3,76293230;0,00305185
-111,21568586;3,76293230;0,00305185
-111,05184586;3,76293230;0,00305185
-110,88800586;3,76293230;0,00305185
-110,72416586;3,67336035;0,00305185
-110,56032586;3,71807003;0,00305185
-110,39648586;3,71807003;0,00305185
-110,23264586;3,76293230;0,00305185
-110,06880587;3,76293230;0,00305185
-109,90496587;3,71807003;0,00305185
-109,74112587;3,76293230;0,00305185
-109,57728587;3,71807003;0,00305185
-109,41344587;3,76293230;0,00305185
-109,24960587;3,71807003;0,00305185
-109,08576587;3,71807003;0,00305185
-108,92192587;3,76293230;0,00305185
-108,75808587;3,62849808;0,91097748
-108,59424587;3,71807003;0,00305185
-108,43040587;3,76293230;0,00305185
-108,26656588;3,71807003;0,00305185
-108,10272588;3,76293230;0,00305185
-107,93888588;3,71807003;0,00305185
-107,77504588;3,76293230;0,00305185
-107,61120588;3,71807003;0,00305185
-107,44736588;3,71807003;0,00305185
-107,28352588;3,76293230;0,00305185
-107,11968588;3,76293230;0,00305185
-106,95584588;3,76293230;0,00305185
-106,79200588;3,76293230;0,00305185
-106,62816589;3,76293230;0,00305185
-106,46432589;3,76293230;0,00305185
-106,30048589;3,76293230;0,00305185
-106,13664589;3,71807003;0,00305185
-105,97280589;3,71807003;0,00305185
-105,80896589;3,76293230;0,00305185
-105,64512589;3,71807003;0,00305185
-105,48128589;3,71807003;0,00305185
-105,31744589;3,76293230;0,00305185
-105,15360589;3,71807003;0,00305185
-104,98976590;3,76293230;0,00305185
-104,82592590;3,71807003;0,00305185
-104,66208590;3,76293230;0,00305185
-104,49824590;3,71807003;0,00305185
-104,33440590;3,71807003;0,00305185
-104,17056590;3,71807003;0,00305185
-104,00672590;3,76293230;0,00305185
-103,84288590;3,71807003;0,00305185
-103,67904590;3,62849808;0,00305185
-103,51520590;3,71807003;0,00305185
-103,35136591;3,71807003;0,00305185
-103,18752591;3,76293230;0,45625171
-103,02368591;3,76293230;0,00305185
-102,85984591;3,76293230;0,00305185
-102,69600591;3,76293230;0,00305185
-102,53216591;3,76293230;0,00305185
-102,36832591;3,71807003;0,00305185
-102,20448591;3,76293230;0,00305185
-102,04064591;3,76293230;0,00305185
-101,87680591;3,76293230;0,45625171
-101,71296592;3,71807003;0,45625171
-101,54912592;3,76293230;0,00305185
-101,38528592;3,76293230;0,00305185
-101,22144592;3,76293230;0,00305185
-101,05760592;3,76293230;0,00305185
-100,89376592;3,76293230;0,00305185
-100,72992592;3,71807003;0,00305185
-100,56608592;3,76293230;0,00305185
-100,40224592;3,71807003;0,00305185
-100,23840592;3,76293230;0,00305185
-100,07456593;3,71807003;0,00305185
-99,91072593;3,71807003;0,00305185
-99,74688593;3,76293230;0,00305185
-99,58304593;3,71807003;0,00305185
-99,41920593;3,71807003;0,00305185
-99,25536593;3,71807003;0,00305185
-99,09152593;3,76293230;0,45625171
-98,92768593;3,71807003;0,00305185
-98,76384593;3,76293230;0,45625171
-98,60000593;3,76293230;0,00305185
-98,43616594;3,71807003;0,00305185
-98,27232594;3,71807003;0,45625171
-98,10848594;3,76293230;0,00305185
-97,94464594;3,76293230;0,00305185
-97,78080594;3,76293230;0,91097748
-97,61696594;3,71807003;0,00305185
-97,45312594;3,71807003;0,00305185
-97,28928594;3,71807003;0,00305185
-97,12544594;3,76293230;0,00305185
-96,96160594;3,71807003;0,00305185
-96,79776595;3,71807003;0,00305185
-96,63392595;3,71807003;0,00305185
-96,47008595;3,76293230;0,00305185
-96,30624595;3,71807003;0,00305185
-96,14240595;3,71807003;0,00305185
-95,97856595;3,76293230;0,00305185
-95,81472595;3,71807003;0,00305185
-95,65088595;3,85250401;0,00305185
-95,48704595;3,76293230;0,00305185
-95,32320595;3,71807003;0,00305185
-95,15936596;3,76293230;0,00305185
-94,99552596;3,76293230;0,00305185
-94,83168596;3,71807003;0,00305185
-94,66784596;3,76293230;0,00305185
-94,50400596;3,76293230;0,00305185
-94,34016596;3,85250401;0,00305185
-94,17632596;3,71807003;0,91097748
-94,01248596;3,71807003;0,00305185
-93,84864596;3,71807003;0,00305185
-93,68480596;3,76293230;0,00305185
-93,52096597;3,71807003;0,00305185
-93,35712597;3,76293230;0,00305185
-93,19328597;3,67336035;0,45625171
-93,02944597;3,71807003;0,00305185
-92,86560597;3,76293230;0,00305185
-92,70176597;3,71807003;0,00305185
-92,53792597;3,71807003;0,00305185
-92,37408597;3,71807003;0,00305185
-92,21024597;3,67336035;0,00305185
-92,04640597;3,76293230;0,00305185
-91,88256598;3,76293230;0,00305185
-91,71872598;3,76293230;0,00305185
-91,55488598;3,76293230;0,00305185
-91,39104598;3,71807003;0,00305185
-91,22720598;3,71807003;0,00305185
-91,06336598;3,71807003;0,00305185
-90,89952598;3,71807003;0,00305185
-90,73568598;3,71807003;0,00305185
-90,57184598;3,71807003;0,00305185
-90,40800598;3,71807003;0,00305185
-90,24416599;3,76293230;0,00305185
-90,08032599;3,71807003;0,00305185
-89,91648599;3,76293230;0,00305185
-89,75264599;3,76293230;0,00305185
-89,58880599;3,71807003;0,00305185
-89,42496599;3,71807003;0,00305185
-89,26112599;3,76293230;0,00305185
-89,09728599;3,76293230;0,00305185
-88,93344599;3,71807003;0,00305185
-88,76960599;3,71807003;0,00305185
-88,60576600;3,71807003;0,00305185
-88,44192600;3,76293230;0,00305185
-88,27808600;3,71807003;0,00305185
-88,11424600;3,76293230;0,00305185
-87,95040600;3,76293230;0,00305185
-87,78656600;3,76293230;0,00305185
-87,62272600;3,71807003;0,00305185
-87,45888600;3,71807003;0,00305185
-87,29504600;3,71807003;0,91097748
-87,13120600;3,76293230;0,00305185
-86,96736601;3,71807003;0,00305185
-86,80352601;3,80779433;0,91097748
-86,63968601;3,71807003;0,00305185
-86,47584601;3,76293230;0,00305185
-86,31200601;3,76293230;0,00305185
-86,14816601;3,76293230;0,00305185
-85,98432601;3,71807003;0,00305185
-85,82048601;3,71807003;0,00305185
-85,65664601;3,76293230;0,00305185
-85,49280601;3,71807003;0,00305185
-85,32896602;3,76293230;0,00305185
-85,16512602;3,71807003;0,00305185
-85,00128602;3,76293230;0,00305185
-84,83744602;3,71807003;0,00305185
-84,67360602;3,76293230;0,00305185
-84,50976602;3,71807003;0,00305185
-84,34592602;3,71807003;0,00305185
-84,18208602;3,71807003;0,00305185
-84,01824602;3,71807003;0,00305185
-83,85440602;3,76293230;0,00305185
-83,69056603;3,71807003;0,00305185
-83,52672603;3,71807003;0,00305185
-83,36288603;3,76293230;0,00305185
-83,19904603;3,67336035;0,00305185
-83,03520603;3,67336035;0,91097748
-82,87136603;3,76293230;0,00305185
-82,70752603;3,76293230;0,00305185
-82,54368603;3,71807003;0,00305185
-82,37984603;3,71807003;0,00305185
-82,21600603;3,58378863;0,00305185
-82,05216604;3,71807003;0,00305185
-81,88832604;3,76293230;0,00305185
-81,72448604;3,76293230;0,00305185
-81,56064604;3,71807003;0,00305185
-81,39680604;3,76293230;0,00305185
-81,23296604;3,76293230;0,00305185
-81,06912604;3,71807003;0,00305185
-80,90528604;3,76293230;0,00305185
-80,74144604;3,76293230;0,00305185
-80,57760604;3,76293230;0,00305185
-80,41376605;3,71807003;0,00305185
-80,24992605;3,71807003;0,00305185
-80,08608605;3,76293230;0,00305185
-79,92224605;3,76293230;0,00305185
-79,75840605;3,76293230;0,00305185
-79,59456605;3,76293230;0,00305185
-79,43072605;3,76293230;0,00305185
-79,26688605;3,71807003;0,00305185
-79,10304605;3,76293230;0,00305185
-78,93920605;3,76293230;0,00305185
-78,77536606;3,71807003;0,00305185
-78,61152606;3,76293230;0,00305185
-78,44768606;3,71807003;0,00305185
-78,28384606;3,71807003;0,00305185
-78,12000606;3,71807003;0,00305185
-77,95616606;3,71807003;0,00305185
-77,79232606;3,71807003;0,00305185
-77,62848606;3,71807003;0,00305185
-77,46464606;3,76293230;0,00305185
-77,30080606;3,76293230;0,00305185
-77,13696607;3,76293230;0,00305185
-76,97312607;3,71807003;0,00305185
-76,80928607;3,67336035;0,00305185
-76,64544607;3,76293230;0,00305185
-76,48160607;3,76293230;0,00305185
-76,31776607;3,76293230;0,00305185
-76,15392607;3,71807003;0,00305185
-75,99008607;3,76293230;0,00305185
-75,82624607;3,76293230;0,45625171
-75,66240607;3,71807003;0,00305185
-75,49856608;3,71807003;0,00305185
-75,33472608;3,76293230;0,00305185
-75,17088608;3,71807003;0,00305185
-75,00704608;3,71807003;0,00305185
-74,84320608;3,76293230;0,00305185
-74,67936608;3,76293230;0,00305185
-74,51552608;3,76293230;0,00305185
-74,35168608;3,76293230;0,00305185
-74,18784608;3,71807003;0,00305185
-74,02400608;3,71807003;0,00305185
-73,86016609;3,71807003;0,00305185
-73,69632609;3,67336035;0,00305185
-73,53248609;3,71807003;0,00305185
-73,36864609;3,71807003;0,00305185
-73,20480609;3,76293230;0,00305185
-73,04096609;3,76293230;0,00305185
-72,87712609;3,76293230;0,00305185
-72,71328609;3,76293230;0,00305185
-72,54944609;3,76293230;0,00305185
-72,38560609;3,76293230;0,00305185
-72,22176610;3,76293230;0,00305185
-72,05792610;3,76293230;0,00305185
-71,89408610;3,76293230;0,00305185
-71,73024610;3,71807003;0,45625171
-71,56640610;3,71807003;0,00305185
-71,40256610;3,71807003;0,00305185
-71,23872610;3,80779433;-0,90639967
-71,07488610;3,71807003;0,00305185
-70,91104610;3,76293230;0,00305185
-70,74720610;3,71807003;0,00305185
-70,58336610;3,76293230;0,00305185
-70,41952611;3,76293230;0,00305185
-70,25568611;3,76293230;0,00305185
-70,09184611;3,76293230;0,00305185
-69,92800611;3,76293230;0,00305185
-69,76416611;3,76293230;0,00305185
-69,60032611;3,76293230;0,00305185
-69,43648611;3,76293230;0,00305185
-69,27264611;3,76293230;0,00305185
-69,10880611;3,71807003;0,00305185
-68,94496611;3,76293230;0,00305185
-68,78112612;3,76293230;0,00305185
-68,61728612;3,71807003;0,00305185
-68,45344612;3,76293230;0,00305185
-68,28960612;3,71807003;0,00305185
-68,12576612;3,76293230;0,00305185
-67,96192612;3,67336035;0,00305185
-67,79808612;3,76293230;0,00305185
-67,63424612;3,71807003;0,00305185
-67,47040612;3,76293230;0,00305185
-67,30656612;3,71807003;0,00305185
-67,14272613;3,76293230;0,00305185
-66,97888613;3,71807003;0,00305185
-66,81504613;3,76293230;0,00305185
-66,65120613;3,76293230;0,00305185
-66,48736613;3,76293230;0,00305185
-66,32352613;3,71807003;0,00305185
-66,15968613;3,71807003;0,00305185
-65,99584613;3,76293230;0,45625171
-65,83200613;3,80779433;-0,45167392
-65,66816613;3,71807003;0,00305185
-65,50432614;3,76293230;0,00305185
-65,34048614;3,67336035;1,82042897
-65,17664614;3,76293230;0,00305185
-65,01280614;3,76293230;0,00305185
-64,84896614;3,71807003;0,00305185
-64,68512614;3,80779433;0,45625171
-64,52128614;3,76293230;0,00305185
-64,35744614;3,71807003;0,00305185
-64,19360614;3,76293230;0,00305185
-64,02976614;3,76293230;0,00305185
-63,86592615;3,71807003;0,00305185
-63,70208615;3,71807003;0,00305185
-63,53824615;3,76293230;0,00305185
-63,37440615;3,71807003;0,00305185
-63,21056615;3,76293230;0,00305185
-63,04672615;3,71807003;0,00305185
-62,88288615;3,71807003;0,00305185
-62,71904615;3,76293230;0,00305185
-62,55520615;3,71807003;0,00305185
-62,39136615;3,67336035;0,00305185
-62,22752616;3,67336035;0,00305185
-62,06368616;3,71807003;0,00305185
-61,89984616;3,76293230;0,00305185
-61,73600616;3,76293230;0,00305185
-61,57216616;3,76293230;0,00305185
-61,40832616;3,76293230;0,00305185
-61,24448616;3,76293230;0,00305185
-61,08064616;3,71807003;0,00305185
-60,91680616;3,76293230;0,00305185
-60,75296616;3,76293230;0,00305185
-60,58912617;3,76293230;0,45625171
-60,42528617;3,76293230;0,00305185
-60,26144617;3,67336035;0,00305185
-60,09760617;3,76293230;0,00305185
-59,93376617;3,76293230;0,00305185
-59,76992617;3,71807003;0,00305185
-59,60608617;3,76293230;0,00305185
-59,44224617;3,76293230;0,00305185
-59,27840617;3,76293230;0,00305185
-59,11456617;3,76293230;0,00305185
-58,95072618;3,71807003;0,00305185
-58,78688618;3,76293230;0,00305185
-58,62304618;3,76293230;0,00305185
-58,45920618;3,76293230;0,00305185
-58,29536618;3,76293230;0,00305185
-58,13152618;3,71807003;0,00305185
-57,96768618;3,71807003;0,00305185
-57,80384618;3,71807003;0,00305185
-57,64000618;3,71807003;0,00305185
-57,47616618;3,71807003;0,00305185
-57,31232619;3,71807003;0,00305185
-57,14848619;3,71807003;0,00305185
-56,98464619;3,71807003;0,00305185
-56,82080619;3,71807003;0,45625171
-56,65696619;3,76293230;0,00305185
-56,49312619;3,76293230;0,00305185
-56,32928619;3,71807003;0,00305185
-56,16544619;3,71807003;0,00305185
-56,00160619;3,76293230;0,45625171
-55,83776619;3,71807003;0,00305185
-55,67392620;3,76293230;0,00305185
-55,51008620;3,71807003;0,00305185
-55,34624620;3,76293230;0,00305185
-55,18240620;3,71807003;0,00305185
-55,01856620;3,76293230;0,00305185
-54,85472620;3,67336035;0,00305185
-54,69088620;3,71807003;0,45625171
-54,52704620;3,71807003;0,00305185
-54,36320620;3,58378863;0,00305185
-54,19936620;3,67336035;0,45625171
-54,03552621;3,71807003;0,45625171
-53,87168621;3,76293230;0,00305185
-53,70784621;3,71807003;0,45625171
-53,54400621;3,76293230;0,91097748
-53,38016621;3,76293230;0,00305185
-53,21632621;3,71807003;0,00305185
-53,05248621;3,76293230;0,00305185
-52,88864621;3,76293230;0,00305185
-52,72480621;3,76293230;0,45625171
-52,56096621;3,76293230;0,00305185
-52,39712622;3,71807003;0,00305185
-52,23328622;3,71807003;0,45625171
-52,06944622;3,71807003;0,91097748
-51,90560622;3,76293230;0,45625171
-51,74176622;3,76293230;0,45625171
-51,57792622;3,76293230;0,00305185
-51,41408622;3,76293230;0,45625171
-51,25024622;3,76293230;0,45625171
-51,08640622;3,71807003;0,45625171
-50,92256622;3,71807003;0,91097748
-50,75872623;3,67336035;0,45625171
-50,59488623;3,76293230;0,45625171
-50,43104623;3,76293230;0,45625171
-50,26720623;3,76293230;0,91097748
-50,10336623;3,76293230;0,45625171
-49,93952623;3,76293230;0,45625171
-49,77568623;3,76293230;0,00305185
-49,61184623;3,71807003;0,91097748
-49,44800623;3,76293230;0,45625171
-49,28416623;3,76293230;0,45625171
-49,12032624;3,76293230;0,45625171
-48,95648624;3,76293230;0,45625171
-48,79264624;3,67336035;0,00305185
-48,62880624;3,76293230;0,45625171
-48,46496624;3,76293230;0,00305185
-48,30112624;3,71807003;0,45625171
-48,13728624;3,71807003;0,45625171
-47,97344624;3,76293230;0,45625171
-47,80960624;3,71807003;0,45625171
-47,64576624;3,71807003;0,45625171
-47,48192625;3,76293230;0,45625171
-47,31808625;3,71807003;0,45625171
-47,15424625;3,71807003;0,45625171
-46,99040625;3,71807003;0,45625171
-46,82656625;3,76293230;0,00305185
-46,66272625;3,71807003;0,00305185
-46,49888625;3,76293230;0,45625171
-46,33504625;3,76293230;0,45625171
-46,17120625;3,71807003;0,91097748
-46,00736625;3,71807003;0,00305185
-45,84352626;3,76293230;0,45625171
-45,67968626;3,76293230;0,45625171
-45,51584626;3,71807003;0,45625171
-45,35200626;3,76293230;0,45625171
-45,18816626;3,76293230;0,00305185
-45,02432626;3,71807003;0,00305185
-44,86048626;3,71807003;0,45625171
-44,69664626;3,71807003;0,00305185
-44,53280626;3,76293230;0,00305185
-44,36896626;3,76293230;0,45625171
-44,20512627;3,71807003;0,45625171
-44,04128627;3,76293230;0,45625171
-43,87744627;3,85250401;0,91097748
-43,71360627;3,71807003;0,00305185
-43,54976627;3,71807003;0,45625171
-43,38592627;3,62849808;0,00305185
-43,22208627;3,76293230;0,00305185
-43,05824627;3,76293230;0,00305185
-42,89440627;3,76293230;0,45625171
-42,73056627;3,76293230;0,45625171
-42,56672628;3,76293230;0,45625171
-42,40288628;3,76293230;0,00305185
-42,23904628;3,76293230;0,00305185
-42,07520628;3,76293230;0,00305185
-41,91136628;3,76293230;0,00305185
-41,74752628;3,76293230;0,00305185
-41,58368628;3,71807003;0,45625171
-41,41984628;3,62849808;0,00305185
-41,25600628;3,76293230;0,00305185
-41,09216628;3,71807003;0,00305185
-40,92832629;3,76293230;0,45625171
-40,76448629;3,67336035;0,45625171
-40,60064629;3,76293230;0,00305185
-40,43680629;3,76293230;0,00305185
-40,27296629;3,67336035;0,45625171
-40,10912629;3,71807003;0,45625171
-39,94528629;3,76293230;0,45625171
-39,78144629;3,76293230;0,00305185
-39,61760629;3,76293230;0,45625171
-39,45376629;3,71807003;0,45625171
-39,28992630;3,71807003;0,00305185
-39,12608630;3,76293230;0,00305185
-38,96224630;3,71807003;0,45625171
-38,79840630;3,76293230;0,45625171
-38,63456630;3,71807003;0,45625171
-38,47072630;3,76293230;0,00305185
-38,30688630;3,71807003;0,00305185
-38,14304630;3,71807003;0,00305185
-37,97920630;3,76293230;0,00305185
-37,81536630;3,76293230;0,00305185
-37,65152631;3,71807003;0,45625171
-37,48768631;3,71807003;0,91097748
-37,32384631;3,71807003;0,91097748
-37,16000631;3,67336035;-0,45167392
-36,99616631;3,76293230;0,45625171
-36,83232631;3,76293230;0,91097748
-36,66848631;3,76293230;0,45625171
-36,50464631;3,76293230;0,45625171
-36,34080631;3,67336035;0,00305185
-36,17696631;3,71807003;0,45625171
-36,01312632;3,76293230;0,45625171
-35,84928632;3,71807003;0,91097748
-35,68544632;3,76293230;0,00305185
-35,52160632;3,76293230;0,91097748
-35,35776632;3,76293230;0,00305185
-35,19392632;3,71807003;0,45625171
-35,03008632;3,76293230;0,45625171
-34,86624632;3,76293230;0,45625171
-34,70240632;3,76293230;0,91097748
-34,53856632;3,76293230;0,45625171
-34,37472633;3,76293230;0,45625171
-34,21088633;3,76293230;0,45625171
-34,04704633;3,71807003;0,00305185
-33,88320633;3,76293230;0,45625171
-33,71936633;3,76293230;0,45625171
-33,55552633;3,71807003;0,00305185
-33,39168633;3,71807003;0,45625171
-33,22784633;3,76293230;0,00305185
-33,06400633;3,76293230;0,45625171
-32,90016633;3,71807003;0,45625171
-32,73632633;3,71807003;0,91097748
-32,57248634;3,76293230;0,00305185
-32,40864634;3,71807003;0,91097748
-32,24480634;3,76293230;0,00305185
-32,08096634;3,76293230;0,00305185
-31,91712634;3,76293230;0,00305185
-31,75328634;3,71807003;0,45625171
-31,58944634;3,76293230;0,45625171
-31,42560634;3,71807003;0,45625171
-31,26176634;3,76293230;0,45625171
-31,09792634;3,71807003;0,00305185
-30,93408635;3,76293230;0,45625171
-30,77024635;3,76293230;0,45625171
-30,60640635;3,71807003;0,45625171
-30,44256635;3,71807003;0,00305185
-30,27872635;3,71807003;0,91097748
-30,11488635;3,71807003;0,00305185
-29,95104635;3,71807003;0,45625171
-29,78720635;3,76293230;0,45625171
-29,62336635;3,76293230;0,45625171
-29,45952635;3,71807003;0,45625171
-29,29568636;3,71807003;0,45625171
-29,13184636;3,71807003;0,00305185
-28,96800636;3,71807003;0,45625171
-28,80416636;3,58378863;0,00305185
-28,64032636;3,71807003;0,00305185
-28,47648636;3,76293230;0,91097748
-28,31264636;3,71807003;0,45625171
-28,14880636;3,71807003;0,45625171
-27,98496636;3,71807003;0,00305185
-27,82112636;3,76293230;0,45625171
-27,65728637;3,71807003;0,00305185
-27,49344637;3,76293230;0,45625171
-27,32960637;3,76293230;0,91097748
-27,16576637;3,76293230;0,00305185
-27,00192637;3,76293230;0,45625171
-26,83808637;3,76293230;0,00305185
-26,67424637;3,67336035;0,91097748
-26,51040637;3,76293230;0,00305185
-26,34656637;3,71807003;0,00305185
-26,18272637;3,71807003;0,00305185
-26,01888638;3,76293230;0,00305185
-25,85504638;3,71807003;0,00305185
-25,69120638;3,76293230;0,00305185
-25,52736638;3,76293230;0,00305185
-25,36352638;3,76293230;0,00305185
-25,19968638;3,71807003;0,00305185
-25,03584638;3,76293230;0,00305185
-24,87200638;3,71807003;0,45625171
-24,70816638;3,76293230;0,00305185
-24,54432638;3,76293230;0,00305185
-24,38048639;3,76293230;0,00305185
-24,21664639;3,67336035;0,91097748
-24,05280639;3,71807003;0,00305185
-23,88896639;3,71807003;0,00305185
-23,72512639;3,71807003;0,00305185
-23,56128639;3,71807003;0,00305185
-23,39744639;3,71807003;0,45625171
-23,23360639;3,71807003;0,00305185
-23,06976639;3,76293230;0,45625171
-22,90592639;3,71807003;0,00305185
-22,74208640;3,76293230;0,00305185
-22,57824640;3,76293230;0,00305185
-22,41440640;3,71807003;0,00305185
-22,25056640;3,71807003;0,00305185
-22,08672640;3,71807003;0,00305185
-21,92288640;3,76293230;0,00305185
-21,75904640;3,71807003;0,45625171
-21,59520640;3,76293230;0,00305185
-21,43136640;3,76293230;0,45625171
-21,26752640;3,76293230;0,00305185
-21,10368641;3,76293230;0,00305185
-20,93984641;3,71807003;0,00305185
-20,77600641;3,76293230;0,00305185
-20,61216641;3,71807003;0,00305185
-20,44832641;3,71807003;0,00305185
-20,28448641;3,67336035;0,00305185
-20,12064641;3,76293230;0,45625171
-19,95680641;3,76293230;0,45625171
-19,79296641;3,76293230;0,45625171
-19,62912641;3,71807003;0,00305185
-19,46528642;3,71807003;0,45625171
-19,30144642;3,67336035;0,00305185
-19,13760642;3,71807003;0,00305185
-18,97376642;3,76293230;0,45625171
-18,80992642;3,71807003;0,91097748
-18,64608642;3,76293230;0,00305185
-18,48224642;3,71807003;0,00305185
-18,31840642;3,71807003;0,45625171
-18,15456642;3,76293230;0,00305185
-17,99072642;3,71807003;0,00305185
-17,82688643;3,71807003;0,00305185
-17,66304643;3,76293230;0,00305185
-17,49920643;3,76293230;0,00305185
-17,33536643;3,71807003;0,00305185
-17,17152643;3,67336035;0,00305185
-17,00768643;3,71807003;0,45625171
-16,84384643;3,76293230;0,00305185
-16,68000643;3,67336035;0,00305185
-16,51616643;3,71807003;0,00305185
-16,35232643;3,71807003;0,00305185
-16,18848644;3,53892636;0,45625171
-16,02464644;3,71807003;0,00305185
-15,86080644;3,71807003;0,00305185
-15,69696644;3,58378863;0,45625171
-15,53312644;3,71807003;0,00305185
-15,36928644;3,71807003;0,91097748
-15,20544644;3,76293230;0,45625171
-15,04160644;3,76293230;0,00305185
-14,87776644;3,76293230;0,00305185
-14,71392644;3,71807003;0,45625171
-14,55008645;3,76293230;0,00305185
-14,38624645;3,71807003;0,00305185
-14,22240645;3,71807003;0,00305185
-14,05856645;3,71807003;0,00305185
-13,89472645;3,76293230;0,45625171
-13,73088645;3,71807003;0,00305185
-13,56704645;3,76293230;0,00305185
-13,40320645;3,76293230;0,00305185
-13,23936645;3,76293230;0,00305185
-13,07552645;3,71807003;0,00305185
-12,91168646;3,76293230;0,00305185
-12,74784646;3,76293230;0,00305185
-12,58400646;3,76293230;0,00305185
-12,42016646;3,76293230;0,00305185
-12,25632646;3,76293230;0,00305185
-12,09248646;3,76293230;0,00305185
-11,92864646;3,76293230;0,00305185
-11,76480646;3,76293230;0,00305185
-11,60096646;3,76293230;0,45625171
-11,43712646;3,71807003;0,00305185
-11,27328647;3,67336035;0,00305185
-11,10944647;3,76293230;0,00305185
-10,94560647;3,76293230;0,00305185
-10,78176647;3,67336035;-0,45167392
-10,61792647;3,76293230;0,00305185
-10,45408647;3,76293230;0,00305185
-10,29024647;3,71807003;-0,45167392
-10,12640647;3,71807003;0,00305185
-9,96256647;3,71807003;0,00305185
-9,79872647;3,71807003;0,00305185
-9,63488648;3,76293230;0,00305185
-9,47104648;3,71807003;0,00305185
-9,30720648;3,76293230;0,00305185
-9,14336648;3,76293230;0,00305185
-8,97952648;3,85250401;0,00305185
-8,81568648;3,71807003;0,00305185
-8,65184648;3,71807003;0,00305185
-8,48800648;3,71807003;0,00305185
-8,32416648;3,76293230;0,00305185
-8,16032648;3,67336035;0,00305185
-7,99648649;3,76293230;0,00305185
-7,83264649;3,71807003;0,00305185
-7,66880649;3,67336035;0,91097748
-7,50496649;3,76293230;0,00305185
-7,34112649;3,76293230;0,00305185
-7,17728649;3,71807003;0,00305185
-7,01344649;3,71807003;0,00305185
-6,84960649;3,13577676;0,00305185
-6,68576649;3,13577676;0,00305185
-6,52192649;3,13577676;0,00305185
-6,35808650;3,18048644;0,00305185
-6,19424650;3,13577676;0,00305185
-6,03040650;3,13577676;0,00305185
-5,86656650;3,13577676;0,00305185
-5,70272650;3,13577676;0,00305185
-5,53888650;3,13577676;0,00305185
-5,37504650;3,13577676;0,00305185
-5,21120650;3,13577676;0,00305185
-5,04736650;3,09091473;0,00305185
-4,88352650;3,09091473;-0,45167392
-4,71968651;3,13577676;0,00305185
-4,55584651;3,13577676;0,00305185
-4,39200651;3,09091473;0,00305185
-4,22816651;3,09091473;0,00305185
-4,06432651;3,09091473;0,00305185
-3,90048651;3,09091473;0,00305185
-3,73664651;3,09091473;0,00305185
-3,57280651;3,09091473;0,00305185
-3,40896651;3,09091473;0,00305185
-3,24512651;3,09091473;0,00305185
-3,08128652;3,09091473;0,00305185
-2,91744652;3,09091473;0,00305185
-2,75360652;3,09091473;0,00305185
-2,58976652;3,09091473;0,00305185
-2,42592652;3,09091473;0,00305185
-2,26208652;3,13577676;0,45625171
-2,09824652;3,09091473;0,00305185
-1,93440652;3,09091473;0,00305185
-1,77056652;3,09091473;0,00305185
-1,60672652;3,09091473;0,00305185
-1,44288653;3,09091473;0,00305185
-1,27904653;3,09091473;0,00305185
-1,11520653;3,09091473;0,00305185
-0,95136653;3,09091473;0,00305185
-0,78752653;3,09091473;0,00305185
-0,62368653;3,09091473;0,00305185
-0,45984653;3,09091473;0,00305185
-0,29600653;3,09091473;0,00305185
-0,13216653;3,09091473;0,00305185
0,03167347;3,04620504;0,00305185
0,19551346;3,04620504;0,00305185
0,35935346;3,04620504;0,00305185
0,52319346;3,04620504;0,00305185
0,68703346;3,04620504;0,00305185
0,85087346;3,09091473;0,91097748
1,01471346;3,09091473;0,00305185
1,17855346;3,04620504;0,00305185
1,34239346;3,09091473;0,00305185
1,50623346;3,04620504;0,00305185
1,67007346;3,04620504;0,00305185
1,83391345;3,04620504;0,00305185
1,99775345;3,04620504;0,00305185
2,16159345;3,04620504;0,00305185
2,32543345;3,04620504;0,00305185
2,48927345;3,04620504;0,00305185
2,65311345;3,04620504;0,00305185
2,81695345;3,04620504;0,00305185
2,98079345;3,04620504;0,00305185
3,14463345;3,04620504;0,00305185
3,30847345;3,04620504;0,00305185
3,47231344;3,04620504;0,00305185
3,63615344;3,04620504;-0,45167392
3,79999344;3,04620504;0,00305185
3,96383344;3,04620504;0,00305185
4,12767344;3,04620504;0,00305185
4,29151344;3,04620504;0,00305185
4,45535344;3,09091473;0,00305185
4,61919344;3,04620504;0,00305185
4,78303344;3,04620504;0,00305185
4,94687344;3,04620504;0,00305185
5,11071343;3,04620504;0,00305185
5,27455343;3,04620504;0,00305185
5,43839343;3,04620504;0,00305185
5,60223343;3,04620504;0,00305185
5,76607343;3,04620504;0,00305185
5,92991343;3,04620504;0,00305185
6,09375343;3,04620504;0,00305185
6,25759343;3,00134277;-1,36112559
6,42143343;3,04620504;0,00305185
6,58527343;3,04620504;0,00305185
6,74911343;3,04620504;0,00305185
6,91295342;3,04620504;0,00305185
7,07679342;3,04620504;0,00305185
7,24063342;3,04620504;0,00305185
7,40447342;3,04620504;0,00305185
7,56831342;3,04620504;-0,90639967
7,73215342;3,04620504;-0,45167392
7,89599342;3,04620504;0,00305185
8,05983342;3,04620504;0,00305185
8,22367342;3,04620504;0,00305185
8,38751342;3,04620504;-0,45167392
8,55135341;3,04620504;0,00305185
8,71519341;3,04620504;0,00305185
8,87903341;3,04620504;-0,45167392
9,04287341;3,04620504;0,00305185
9,20671341;3,04620504;0,00305185
9,37055341;3,04620504;0,00305185
9,53439341;3,04620504;0,00305185
9,69823341;3,04620504;0,00305185
9,86207341;3,04620504;-0,45167392
10,02591341;3,04620504;0,00305185
10,18975340;3,04620504;0,00305185
10,35359340;3,04620504;-0,45167392
10,51743340;3,04620504;0,00305185
10,68127340;3,04620504;0,00305185
10,84511340;3,04620504;-0,45167392
11,00895340;3,04620504;0,00305185
11,17279340;3,04620504;0,00305185
11,33663340;3,04620504;0,00305185
11,50047340;3,04620504;0,00305185
11,66431340;3,04620504;-0,45167392
11,82815339;3,04620504;0,00305185
11,99199339;3,04620504;0,00305185
12,15583339;3,04620504;0,00305185
12,31967339;3,04620504;0,00305185
12,48351339;3,04620504;0,00305185
12,64735339;3,04620504;0,00305185
12,81119339;3,04620504;-0,45167392
12,97503339;3,04620504;0,00305185
13,13887339;3,04620504;-0,45167392
13,30271339;3,04620504;0,00305185
13,46655338;3,04620504;0,00305185
13,63039338;3,04620504;0,00305185
13,79423338;3,04620504;0,00305185
13,95807338;3,04620504;0,00305185
14,12191338;3,04620504;0,00305185
14,28575338;3,04620504;0,00305185
14,44959338;3,04620504;-0,45167392
14,61343338;3,04620504;0,00305185
14,77727338;3,04620504;0,00305185
14,94111338;3,04620504;0,00305185
15,10495337;3,04620504;0,00305185
15,26879337;3,00134277;0,00305185
15,43263337;3,04620504;0,00305185
15,59647337;3,04620504;0,00305185
15,76031337;3,04620504;0,00305185
15,92415337;3,04620504;0,00305185
16,08799337;3,04620504;0,00305185
16,25183337;3,04620504;-0,45167392
16,41567337;3,04620504;0,00305185
16,57951337;3,04620504;0,00305185
16,74335336;3,04620504;0,00305185
16,90719336;3,04620504;0,00305185
17,07103336;3,04620504;0,00305185
17,23487336;3,04620504;0,00305185
17,39871336;3,04620504;0,00305185
17,56255336;3,04620504;0,00305185
17,72639336;3,00134277;-0,45167392
17,89023336;3,04620504;0,45625171
18,05407336;3,04620504;0,00305185
18,21791336;3,04620504;0,00305185
18,38175335;3,04620504;0,00305185
18,54559335;3,04620504;0,00305185
18,70943335;3,04620504;0,00305185
18,87327335;3,04620504;0,00305185
19,03711335;3,00134277;0,00305185
19,20095335;3,04620504;0,00305185
19,36479335;3,00134277;0,00305185
19,52863335;3,04620504;0,00305185
19,69247335;3,04620504;0,00305185
19,85631335;3,04620504;0,00305185
20,02015334;3,04620504;0,00305185
20,18399334;3,09091473;0,00305185
20,34783334;3,04620504;0,00305185
20,51167334;3,04620504;0,00305185
20,67551334;3,04620504;0,00305185
20,83935334;3,04620504;0,00305185
21,00319334;3,04620504;0,00305185
21,16703334;3,04620504;0,00305185
21,33087334;3,04620504;0,00305185
21,49471334;3,04620504;0,00305185
21,65855333;3,00134277;-0,45167392
21,82239333;3,04620504;-0,45167392
21,98623333;3,04620504;-0,45167392
22,15007333;3,04620504;0,00305185
22,31391333;3,04620504;0,00305185
22,47775333;3,04620504;0,00305185
22,64159333;3,04620504;0,00305185
22,80543333;3,04620504;0,00305185
22,96927333;3,04620504;0,00305185
23,13311333;3,00134277;0,00305185
23,29695332;3,04620504;0,45625171
23,46079332;3,04620504;0,00305185
23,62463332;3,00134277;0,00305185
23,78847332;3,04620504;0,00305185
23,95231332;3,04620504;-0,45167392
24,11615332;3,00134277;-0,45167392
24,27999332;3,00134277;-0,45167392
24,44383332;3,04620504;0,00305185
24,60767332;3,00134277;-0,45167392
24,77151332;3,00134277;0,00305185
24,93535331;3,04620504;-0,45167392
25,09919331;3,00134277;0,00305185
25,26303331;3,04620504;0,00305185
25,42687331;3,04620504;0,00305185
25,59071331;3,04620504;0,00305185
25,75455331;3,04620504;0,00305185
25,91839331;3,04620504;0,00305185
26,08223331;3,04620504;0,00305185
26,24607331;3,04620504;0,00305185
26,40991331;3,00134277;0,00305185
26,57375330;3,00134277;-0,45167392
26,73759330;3,04620504;0,00305185
26,90143330;3,04620504;0,00305185
27,06527330;3,00134277;0,00305185
27,22911330;3,04620504;0,00305185
27,39295330;3,00134277;0,00305185
27,55679330;3,04620504;0,00305185
27,72063330;3,04620504;0,00305185
27,88447330;3,04620504;0,00305185
28,04831330;3,00134277;0,00305185
28,21215329;3,00134277;0,00305185
28,37599329;3,04620504;0,00305185
28,53983329;3,04620504;0,00305185
28,70367329;3,04620504;0,00305185
28,86751329;3,04620504;0,00305185
29,03135329;3,00134277;-0,45167392
29,19519329;3,04620504;0,00305185
29,35903329;3,04620504;0,00305185
29,52287329;3,04620504;0,00305185
29,68671329;3,04620504;0,00305185
29,85055328;3,04620504;0,00305185
30,01439328;3,04620504;0,00305185
30,17823328;3,04620504;0,00305185
30,34207328;3,04620504;0,00305185
30,50591328;3,00134277;0,00305185
30,66975328;3,00134277;-0,45167392
30,83359328;3,04620504;0,00305185
30,99743328;3,04620504;0,00305185
31,16127328;3,04620504;0,00305185
31,32511328;3,00134277;0,00305185
31,48895327;3,00134277;0,00305185
31,65279327;3,04620504;0,00305185
31,81663327;3,04620504;0,00305185
31,98047327;3,00134277;-0,45167392
32,14431327;3,00134277;0,00305185
32,30815327;3,04620504;0,00305185
32,47199327;3,04620504;0,00305185
32,63583327;3,00134277;0,00305185
32,79967327;3,00134277;0,00305185
32,96351327;3,00134277;0,00305185
33,12735326;3,04620504;0,00305185
33,29119326;3,04620504;0,00305185
33,45503326;3,04620504;0,00305185
33,61887326;3,04620504;0,45625171
33,78271326;3,04620504;0,00305185
33,94655326;3,04620504;0,00305185
34,11039326;3,04620504;0,00305185
34,27423326;3,00134277;-0,45167392
34,43807326;3,04620504;0,00305185
34,60191326;3,04620504;0,00305185
34,76575325;3,00134277;-0,45167392
34,92959325;3,04620504;0,00305185
35,09343325;3,04620504;0,45625171
35,25727325;2,95648050;0,00305185
35,42111325;3,00134277;-0,45167392
35,58495325;3,00134277;0,00305185
35,74879325;3,00134277;0,00305185
35,91263325;3,00134277;0,00305185
36,07647325;3,04620504;0,00305185
36,24031325;3,00134277;0,00305185
36,40415324;3,04620504;0,00305185
36,56799324;3,04620504;-0,45167392
36,73183324;3,04620504;0,00305185
36,89567324;3,04620504;-0,45167392
37,05951324;3,04620504;0,00305185
37,22335324;3,04620504;0,00305185
37,38719324;3,00134277;0,00305185
37,55103324;3,00134277;-0,45167392
37,71487324;3,00134277;0,00305185
37,87871324;3,04620504;-0,45167392
38,04255323;3,04620504;-0,45167392
38,20639323;3,04620504;0,00305185
38,37023323;3,04620504;0,00305185
38,53407323;3,00134277;0,00305185
38,69791323;3,00134277;0,00305185
38,86175323;3,00134277;-0,45167392
39,02559323;3,04620504;0,00305185
39,18943323;3,04620504;0,00305185
39,35327323;3,00134277;-0,45167392
39,51711323;3,00134277;0,00305185
39,68095322;3,04620504;0,00305185
39,84479322;3,04620504;0,00305185
40,00863322;3,04620504;0,00305185
40,17247322;3,04620504;0,00305185
40,33631322;3,04620504;0,00305185
40,50015322;3,00134277;0,00305185
40,66399322;3,00134277;0,00305185
40,82783322;3,04620504;0,00305185
40,99167322;3,04620504;0,00305185
41,15551322;3,04620504;0,00305185
41,31935321;2,95648050;0,00305185
41,48319321;3,00134277;0,00305185
41,64703321;3,00134277;0,00305185
41,81087321;3,00134277;0,00305185
41,97471321;3,00134277;0,00305185
42,13855321;2,95648050;0,00305185
42,30239321;3,04620504;0,00305185
42,46623321;3,04620504;0,91097748
42,63007321;3,04620504;0,00305185
42,79391321;3,04620504;0,00305185
42,95775320;3,04620504;0,00305185
43,12159320;3,04620504;0,00305185
43,28543320;3,00134277;0,00305185
43,44927320;2,95648050;-0,90639967
43,61311320;3,00134277;-0,45167392
43,77695320;3,00134277;0,00305185
43,94079320;2,95648050;-0,90639967
44,10463320;3,00134277;0,00305185
44,26847320;3,00134277;-0,45167392
44,43231320;3,00134277;0,00305185
44,59615320;3,00134277;0,00305185
44,75999319;3,00134277;-0,45167392
44,92383319;3,00134277;-0,45167392
45,08767319;3,04620504;-0,45167392
45,25151319;3,04620504;0,00305185
45,41535319;3,04620504;0,00305185
45,57919319;3,04620504;-0,45167392
45,74303319;3,00134277;-0,45167392
45,90687319;3,00134277;-0,45167392
46,07071319;3,00134277;0,00305185
46,23455319;3,00134277;-0,45167392
46,39839318;3,04620504;0,00305185
46,56223318;2,95648050;-0,45167392
46,72607318;3,00134277;-0,45167392
46,88991318;3,04620504;-0,45167392
47,05375318;3,00134277;-0,45167392
47,21759318;3,00134277;-0,45167392
47,38143318;3,00134277;-0,45167392
47,54527318;3,04620504;-0,45167392
47,70911318;3,04620504;-0,45167392
47,87295318;3,04620504;-0,45167392
48,03679317;3,04620504;-0,45167392
48,20063317;3,04620504;-0,45167392
48,36447317;2,95648050;-1,36112559
48,52831317;3,00134277;-0,45167392
48,69215317;3,04620504;-0,45167392
48,85599317;2,86690879;-1,81432533
49,01983317;3,00134277;-0,45167392
49,18367317;3,04620504;-0,90639967
49,34751317;3,00134277;-0,45167392
49,51135317;3,00134277;-0,45167392
49,67519316;3,04620504;-0,45167392
49,83903316;3,00134277;-0,45167392
50,00287316;3,04620504;-0,90639967
50,16671316;3,04620504;0,00305185
50,33055316;3,00134277;-0,45167392
50,49439316;3,00134277;0,00305185
50,65823316;3,00134277;0,00305185
50,82207316;3,00134277;-0,45167392
50,98591316;3,00134277;0,00305185
51,14975316;3,00134277;0,00305185
51,31359315;2,91177106;-0,45167392
51,47743315;3,00134277;0,00305185
51,64127315;3,00134277;0,00305185
51,80511315;3,00134277;0,00305185
51,96895315;3,00134277;0,00305185
52,13279315;3,04620504;0,00305185
52,29663315;3,04620504;0,00305185
52,46047315;3,04620504;0,45625171
52,62431315;3,04620504;0,00305185
52,78815315;3,00134277;0,00305185
52,95199314;3,04620504;0,45625171
53,11583314;3,00134277;0,45625171
53,27967314;3,04620504;0,45625171
53,44351314;2,95648050;0,00305185
53,60735314;3,00134277;0,45625171
53,77119314;3,00134277;0,00305185
53,93503314;3,00134277;0,45625171
54,09887314;3,00134277;0,45625171
54,26271314;3,04620504;0,45625171
54,42655314;3,04620504;0,91097748
54,59039313;3,04620504;0,91097748
54,75423313;3,04620504;0,45625171
54,91807313;3,00134277;0,00305185
55,08191313;2,95648050;0,45625171
55,24575313;3,00134277;0,00305185
55,40959313;3,00134277;0,00305185
55,57343313;2,95648050;0,45625171
55,73727313;3,00134277;0,00305185
55,90111313;3,04620504;0,00305185
56,06495313;3,00134277;0,00305185
56,22879312;3,00134277;0,00305185
56,39263312;3,04620504;0,00305185
56,55647312;3,04620504;0,00305185
56,72031312;3,04620504;0,00305185
56,88415312;3,00134277;0,00305185
57,04799312;3,00134277;0,00305185
57,21183312;3,00134277;0,00305185
57,37567312;3,04620504;0,00305185
57,53951312;3,00134277;0,00305185
57,70335312;3,00134277;-0,45167392
57,86719311;3,00134277;0,00305185
58,03103311;3,00134277;0,00305185
58,19487311;3,00134277;0,00305185
58,35871311;3,00134277;-0,45167392
58,52255311;3,04620504;-0,45167392
58,68639311;3,04620504;0,00305185
58,85023311;3,00134277;0,00305185
59,01407311;3,00134277;0,00305185
59,17791311;3,00134277;0,00305185
59,34175311;3,00134277;0,00305185
59,50559310;3,00134277;0,00305185
59,66943310;2,95648050;0,00305185
59,83327310;3,00134277;0,00305185
59,99711310;3,00134277;-0,45167392
60,16095310;3,00134277;0,00305185
60,32479310;3,00134277;0,00305185
60,48863310;3,04620504;-0,45167392
60,65247310;3,04620504;0,00305185
60,81631310;3,04620504;0,00305185
60,98015310;2,95648050;0,00305185
61,14399309;3,00134277;0,00305185
61,30783309;3,00134277;0,00305185
61,47167309;3,00134277;0,00305185
61,63551309;3,00134277;0,00305185
61,79935309;3,00134277;0,00305185
61,96319309;3,00134277;0,45625171
62,12703309;3,04620504;0,91097748
62,29087309;3,04620504;0,45625171
62,45471309;3,04620504;0,45625171
62,61855309;3,04620504;0,91097748
62,78239308;3,00134277;0,45625171
62,94623308;3,00134277;0,45625171
63,11007308;3,00134277;0,45625171
63,27391308;3,00134277;0,91097748
63,43775308;2,95648050;0,00305185
63,60159308;3,00134277;0,45625171
63,76543308;3,00134277;0,45625171
63,92927308;3,00134277;0,91097748
64,09311308;3,04620504;0,91097748
64,25695308;3,04620504;0,45625171
64,42079307;3,04620504;0,00305185
64,58463307;3,04620504;0,45625171
64,74847307;3,04620504;0,91097748
64,91231307;3,00134277;0,91097748
65,07615307;3,00134277;0,45625171
65,23999307;2,95648050;0,45625171
65,40383307;2,95648050;-0,45167392
65,56767307;3,00134277;0,45625171
65,73151307;3,00134277;0,00305185
65,89535307;3,00134277;0,00305185
66,05919306;3,04620504;0,00305185
66,22303306;3,04620504;0,45625171
66,38687306;3,00134277;0,00305185
66,55071306;3,00134277;0,00305185
66,71455306;3,00134277;0,00305185
66,87839306;3,00134277;0,00305185
67,04223306;2,95648050;0,00305185
67,20607306;3,00134277;0,00305185
67,36991306;3,00134277;0,00305185
67,53375306;3,00134277;0,00305185
67,69759305;3,04620504;0,00305185
67,86143305;3,04620504;0,00305185
68,02527305;3,04620504;0,00305185
68,18911305;3,00134277;0,00305185
68,35295305;3,00134277;0,00305185
68,51679305;3,00134277;0,45625171
68,68063305;3,00134277;0,00305185
68,84447305;3,00134277;0,00305185
69,00831305;3,00134277;0,00305185
69,17215305;3,00134277;0,00305185
69,33599304;3,00134277;0,00305185
69,49983304;3,04620504;0,00305185
69,66367304;3,04620504;0,00305185
69,82751304;3,04620504;0,00305185
69,99135304;3,00134277;0,00305185
70,15519304;3,00134277;0,00305185
70,31903304;3,00134277;0,00305185
70,48287304;2,95648050;0,00305185
70,64671304;3,00134277;0,00305185
70,81055304;2,95648050;0,00305185
70,97439303;3,00134277;0,00305185
71,13823303;3,04620504;0,00305185
71,30207303;3,04620504;0,00305185
71,46591303;3,04620504;0,00305185
71,62975303;3,00134277;0,00305185
71,79359303;3,00134277;0,00305185
71,95743303;3,00134277;0,00305185
72,12127303;2,95648050;0,00305185
72,28511303;2,95648050;0,00305185
72,44895303;3,00134277;0,45625171
72,61279302;3,00134277;0,00305185
72,77663302;3,04620504;0,00305185
72,94047302;3,04620504;0,00305185
73,10431302;3,04620504;0,00305185
73,26815302;3,00134277;0,45625171
73,43199302;3,00134277;0,45625171
73,59583302;3,00134277;0,45625171
73,75967302;2,95648050;0,45625171
73,92351302;3,00134277;0,00305185
74,08735302;3,00134277;0,00305185
74,25119301;3,00134277;0,00305185
74,41503301;3,04620504;0,91097748
74,57887301;3,04620504;0,00305185
74,74271301;3,04620504;0,00305185
74,90655301;3,00134277;0,00305185
75,07039301;3,00134277;0,00305185
75,23423301;2,95648050;0,00305185
75,39807301;2,95648050;0,00305185
75,56191301;3,04620504;0,00305185
75,72575301;3,00134277;0,00305185
75,88959300;3,00134277;0,00305185
76,05343300;3,04620504;0,00305185
76,21727300;3,04620504;0,00305185
76,38111300;3,04620504;0,00305185
76,54495300;3,00134277;0,00305185
76,70879300;3,00134277;0,00305185
76,87263300;2,95648050;0,00305185
77,03647300;3,00134277;0,00305185
77,20031300;3,00134277;-0,45167392
77,36415300;3,00134277;0,00305185
77,52799299;3,04620504;-0,45167392
77,69183299;3,04620504;0,00305185
77,85567299;3,04620504;0,00305185
78,01951299;3,00134277;0,00305185
78,18335299;3,00134277;0,00305185
78,34719299;3,00134277;0,45625171
78,51103299;2,95648050;0,00305185
78,67487299;3,00134277;0,00305185
78,83871299;3,00134277;0,00305185
79,00255299;3,00134277;0,00305185
79,16639298;3,04620504;0,00305185
79,33023298;3,04620504;0,00305185
79,49407298;3,00134277;0,00305185
79,65791298;3,00134277;0,00305185
79,82175298;3,00134277;0,00305185
79,98559298;3,00134277;0,00305185
80,14943298;3,00134277;0,00305185
80,31327298;3,04620504;0,91097748
80,47711298;3,00134277;0,45625171
80,64095298;3,04620504;0,00305185
80,80479297;3,04620504;0,00305185
80,96863297;3,00134277;0,00305185
81,13247297;3,04620504;0,00305185
81,29631297;3,00134277;0,00305185
81,46015297;2,95648050;0,00305185
81,62399297;3,00134277;0,00305185
81,78783297;3,04620504;-0,45167392
81,95167297;3,00134277;-0,45167392
82,11551297;3,04620504;0,00305185
82,27935297;3,04620504;-0,45167392
82,44319297;3,04620504;0,00305185
82,60703296;3,00134277;-0,45167392
82,77087296;3,00134277;-0,45167392
82,93471296;2,95648050;0,00305185
83,09855296;3,04620504;-0,45167392
83,26239296;3,00134277;-0,45167392
83,42623296;3,00134277;-0,45167392
83,59007296;3,04620504;-0,45167392
83,75391296;3,04620504;-0,45167392
83,91775296;3,00134277;0,00305185
84,08159296;3,04620504;0,00305185
84,24543295;3,04620504;0,00305185
84,40927295;2,95648050;0,00305185
84,57311295;3,04620504;0,45625171
84,73695295;3,00134277;0,00305185
84,90079295;3,00134277;0,00305185
85,06463295;3,04620504;0,45625171
85,22847295;3,04620504;0,00305185
85,39231295;3,00134277;0,00305185
85,55615295;3,00134277;0,00305185
85,71999295;3,04620504;0,00305185
85,88383294;3,00134277;0,00305185
86,04767294;3,00134277;-0,45167392
86,21151294;3,00134277;0,00305185
86,37535294;3,04620504;0,00305185
86,53919294;3,04620504;0,00305185
86,70303294;3,04620504;0,00305185
86,86687294;3,00134277;-0,45167392
87,03071294;3,00134277;-0,45167392
87,19455294;3,04620504;-0,45167392
87,35839294;3,00134277;0,00305185
87,52223293;3,00134277;-0,45167392
87,68607293;3,00134277;-0,90639967
87,84991293;3,04620504;0,00305185
88,01375293;3,04620504;-0,45167392
88,17759293;3,00134277;-0,90639967
88,34143293;3,00134277;-0,45167392
88,50527293;3,00134277;-0,45167392
88,66911293;3,00134277;-0,45167392
88,83295293;3,00134277;-0,45167392
88,99679293;3,04620504;-0,45167392
89,16063292;3,04620504;-0,45167392
89,32447292;3,04620504;-0,45167392
89,48831292;3,00134277;-0,45167392
89,65215292;3,00134277;0,00305185
89,81599292;3,00134277;0,00305185
89,97983292;3,00134277;0,00305185
90,14367292;3,00134277;0,00305185
90,30751292;3,00134277;0,00305185
90,47135292;2,95648050;0,00305185
90,63519292;3,04620504;0,00305185
90,79903291;3,04620504;0,00305185
90,96287291;3,00134277;0,00305185
91,12671291;3,04620504;0,45625171
91,29055291;3,00134277;0,45625171
91,45439291;3,04620504;0,45625171
91,61823291;3,00134277;0,00305185
91,78207291;3,04620504;0,00305185
91,94591291;3,04620504;0,00305185
92,10975291;3,04620504;0,00305185
92,27359291;3,04620504;0,00305185
92,43743290;3,04620504;0,00305185
92,60127290;3,04620504;-0,45167392
92,76511290;3,00134277;-0,45167392
92,92895290;3,04620504;-0,45167392
93,09279290;3,00134277;-0,90639967
93,25663290;3,04620504;-0,90639967
93,42047290;3,04620504;-0,90639967
93,58431290;3,00134277;-0,90639967
93,74815290;3,00134277;-0,90639967
93,91199290;3,00134277;-1,81432533
94,07583289;3,04620504;-0,90639967
94,23967289;3,04620504;-0,90639967
94,40351289;3,00134277;-0,90639967
94,56735289;3,04620504;-0,90639967
94,73119289;3,04620504;-0,90639967
94,89503289;3,00134277;-0,45167392
95,05887289;3,00134277;-0,45167392
95,22271289;3,00134277;-0,45167392
95,38655289;3,00134277;-0,45167392
95,55039289;2,95648050;0,00305185
95,71423288;3,00134277;0,00305185
95,87807288;3,04620504;0,91097748
96,04191288;3,04620504;0,91097748
96,20575288;3,00134277;0,45625171
96,36959288;3,00134277;0,91097748
96,53343288;3,00134277;0,91097748
96,69727288;3,00134277;1,36570334
96,86111288;2,95648050;0,00305185
97,02495288;3,04620504;0,91097748
97,18879288;3,04620504;0,91097748
97,35263287;3,04620504;0,45625171
97,51647287;3,00134277;0,00305185
97,68031287;3,00134277;0,00305185
97,84415287;2,95648050;0,00305185
98,00799287;3,00134277;-0,45167392
98,17183287;3,00134277;-0,45167392
98,33567287;3,04620504;-0,45167392
98,49951287;3,04620504;-0,45167392
98,66335287;3,00134277;-0,90639967
98,82719287;3,00134277;-0,90639967
98,99103286;3,00134277;-1,36112559
99,15487286;3,00134277;-1,36112559
99,31871286;3,00134277;-1,36112559
99,48255286;3,04620504;-0,90639967
99,64639286;3,04620504;-0,90639967
99,81023286;3,04620504;-0,90639967
99,97407286;3,00134277;-0,45167392
100,13791286;3,00134277;-0,45167392
100,30175286;2,95648050;-0,45167392
100,46559286;3,00134277;0,00305185
100,62943285;3,00134277;0,00305185
100,79327285;3,00134277;0,45625171
100,95711285;3,04620504;0,91097748
101,12095285;3,00134277;0,91097748
101,28479285;3,04620504;1,36570334
101,44863285;3,00134277;1,36570334
101,61247285;2,95648050;1,82042897
101,77631285;3,00134277;1,82042897
101,94015285;3,00134277;1,82042897
102,10399285;3,04620504;1,82042897
102,26783284;3,04620504;1,36570334
102,43167284;3,00134277;0,91097748
102,59551284;3,00134277;0,91097748
102,75935284;3,04620504;0,91097748
102,92319284;3,00134277;0,00305185
103,08703284;3,00134277;0,00305185
103,25087284;3,00134277;0,00305185
103,41471284;3,04620504;-0,45167392
103,57855284;3,04620504;-0,90639967
103,74239284;3,00134277;-0,90639967
103,90623283;3,00134277;-1,36112559
104,07007283;3,00134277;-1,36112559
104,23391283;3,04620504;-1,81432533
104,39775283;3,00134277;-1,81432533
104,56159283;3,04620504;-1,36112559
104,72543283;3,04620504;-1,36112559
104,88927283;3,04620504;-1,36112559
105,05311283;3,00134277;-0,90639967
105,21695283;2,95648050;-0,45167392
105,38079283;2,95648050;-0,45167392
105,54463282;3,00134277;0,00305185
105,70847282;3,04620504;0,45625171
105,87231282;3,04620504;0,45625171
106,03615282;3,04620504;0,91097748
106,19999282;3,00134277;1,36570334
106,36383282;3,04620504;1,82042897
106,52767282;3,00134277;1,82042897
106,69151282;3,00134277;1,82042897
106,85535282;3,04620504;1,82042897
107,01919282;3,04620504;1,82042897
107,18303281;3,00134277;1,82042897
107,34687281;3,00134277;1,36570334
107,51071281;3,04620504;0,91097748
107,67455281;3,04620504;0,45625171
107,83839281;3,04620504;0,00305185
108,00223281;3,00134277;0,00305185
108,16607281;3,04620504;-0,45167392
108,32991281;3,04620504;-0,45167392
108,49375281;3,00134277;-0,90639967
108,65759281;3,00134277;-1,81432533
108,82143280;3,00134277;-1,81432533
108,98527280;3,00134277;-1,81432533
109,14911280;3,04620504;-1,81432533
109,31295280;3,04620504;-0,45167392
109,47679280;3,04620504;-1,36112559
109,64063280;3,00134277;-0,90639967
109,80447280;3,04620504;-0,90639967
109,96831280;3,00134277;-0,45167392
110,13215280;3,00134277;0,00305185
110,29599280;3,00134277;0,00305185
110,45983279;3,04620504;0,45625171
110,62367279;3,04620504;1,36570334
110,78751279;3,04620504;1,36570334
110,95135279;3,00134277;1,82042897
111,11519279;2,95648050;1,82042897
111,27903279;3,04620504;2,27362871
111,44287279;3,00134277;2,27362871
111,60671279;3,04620504;1,82042897
111,77055279;3,04620504;1,82042897
111,93439279;3,04620504;1,82042897
112,09823278;3,00134277;1,82042897
112,26207278;3,04620504;0,91097748
112,42591278;3,00134277;0,00305185
112,58975278;3,00134277;0,00305185
112,75359278;3,04620504;-0,45167392
112,91743278;3,04620504;-0,90639967
113,08127278;3,00134277;-1,36112559
113,24511278;3,00134277;-1,81432533
113,40895278;3,00134277;-1,81432533
113,57279278;2,95648050;-1,81432533
113,73663277;3,00134277;-1,81432533
113,90047277;3,04620504;-1,81432533
114,06431277;3,04620504;-2,26905107
114,22815277;3,00134277;-1,36112559
114,39199277;3,04620504;-0,90639967
114,55583277;3,00134277;-0,45167392
114,71967277;3,04620504;0,00305185
114,88351277;3,04620504;0,91097748
115,04735277;3,04620504;1,82042897
115,21119277;3,00134277;1,82042897
115,37503276;3,04620504;2,72835469
115,53887276;3,04620504;2,72835469
115,70271276;3,00134277;2,72835469
115,86655276;3,04620504;3,18308043
116,03039276;3,04620504;3,63780618
116,19423276;3,04620504;3,18308043
116,35807276;3,04620504;3,18308043
116,52191276;3,00134277;2,72835469
116,68575276;3,00134277;1,82042897
116,84959276;3,04620504;0,91097748
117,01343275;3,00134277;0,00305185
117,17727275;3,04620504;-0,45167392
117,34111275;3,04620504;-1,36112559
117,50495275;3,00134277;-1,81432533
117,66879275;3,04620504;-2,26905107
117,83263275;2,95648050;-2,72377706
117,99647275;3,00134277;-2,72377706
118,16031275;3,00134277;-3,17850280
118,32415275;3,04620504;-2,72377706
118,48799275;3,04620504;-2,72377706
118,65183274;3,00134277;-1,81432533
118,81567274;3,00134277;-1,81432533
118,97951274;3,00134277;-0,90639967
119,14335274;3,00134277;0,00305185
119,30719274;3,00134277;0,45625171
119,47103274;3,04620504;1,82042897
119,63487274;3,04620504;2,72835469
119,79871274;3,00134277;3,18308043
119,96255274;3,00134277;3,63780618
120,12639274;3,00134277;4,09100580
120,29023273;3,04620504;4,54420614
120,45407273;3,04620504;4,54420614
120,61791273;3,04620504;4,54420614
120,78175273;3,00134277;3,63780618
120,94559273;3,00134277;3,63780618
121,10943273;3,00134277;2,72835469
121,27327273;3,04620504;1,82042897
121,43711273;3,00134277;0,91097748
121,60095273;3,04620504;0,00305185
121,76479273;3,04620504;-0,90639967
121,92863273;3,00134277;-1,81432533
122,09247272;3,00134277;-2,72377706
122,25631272;3,00134277;-3,63322830
122,42015272;3,00134277;-3,63322830
122,58399272;3,04620504;-3,63322830
122,74783272;3,04620504;-4,08642864
122,91167272;3,00134277;-3,63322830
123,07551272;3,00134277;-2,72377706
123,23935272;3,00134277;-2,26905107
123,40319272;3,00134277;-1,36112559
123,56703272;3,00134277;-0,45167392
123,73087271;3,04620504;0,45625171
123,89471271;3,04620504;1,82042897
124,05855271;3,00134277;3,18308043
124,22239271;3,00134277;3,63780618
124,38623271;3,04620504;4,54420614
124,55007271;2,95648050;4,54420614
124,71391271;3,04620504;5,45365763
124,87775271;3,04620504;5,45365763
125,04159271;3,04620504;5,45365763
125,20543271;3,00134277;4,54420614
125,36927270;3,00134277;3,63780618
125,53311270;3,04620504;2,72835469
125,69695270;3,04620504;1,82042897
125,86079270;3,04620504;0,00305185
126,02463270;3,04620504;-0,45167392
126,18847270;3,00134277;-2,26905107
126,35231270;2,95648050;-2,72377706
126,51615270;3,00134277;-3,63322830
126,67999270;3,00134277;-4,08642864
126,84383270;3,04620504;-4,54115438
127,00767269;3,04620504;-4,54115438
127,17151269;3,00134277;-4,54115438
127,33535269;3,00134277;-4,08642864
127,49919269;3,00134277;-3,63322830
127,66303269;3,04620504;-1,81432533
127,82687269;3,04620504;-0,90639967
127,99071269;3,04620504;0,45625171
128,15455269;3,00134277;1,82042897
128,31839269;3,04620504;3,63780618
128,48223269;2,95648050;4,54420614
128,64607268;3,00134277;5,45365763
128,80991268;3,04620504;6,36158323
128,97375268;3,04620504;6,36158323
129,13759268;3,04620504;5,90838337
129,30143268;3,00134277;5,90838337
129,46527268;3,00134277;5,45365763
129,62911268;3,00134277;4,54420614
129,79295268;3,00134277;2,72835469
129,95679268;3,04620504;1,82042897
130,12063268;3,04620504;0,00305185
130,28447267;3,00134277;-1,81432533
130,44831267;3,00134277;-2,72377706
130,61215267;3,04620504;-4,08642864
130,77599267;3,04620504;-5,45060539
130,93983267;3,04620504;-5,45060539
131,10367267;3,04620504;-6,35853148
131,26751267;3,04620504;-6,35853148
131,43135267;3,00134277;-5,45060539
131,59519267;3,04620504;-4,99587965
131,75903267;3,00134277;-3,63322830
131,92287266;3,04620504;-1,81432533
132,08671266;3,04620504;-0,45167392
132,25055266;3,00134277;0,91097748
132,41439266;3,04620504;3,18308043
132,57823266;3,00134277;4,54420614
132,74207266;3,00134277;5,90838337
132,90591266;3,04620504;7,27103472
133,06975266;3,04620504;8,63368702
133,23359266;3,00134277;8,63368702
133,39743266;3,04620504;7,72576046
133,56127265;3,04620504;7,27103472
133,72511265;3,00134277;6,36158323
133,88895265;3,04620504;5,45365763
134,05279265;3,04620504;3,18308043
134,21663265;3,04620504;0,91097748
134,38047265;3,00134277;-0,90639967
134,54431265;2,95648050;-2,26905107
134,70815265;3,04620504;-4,54115438
134,87199265;3,04620504;-5,90380573
135,03583265;3,04620504;-7,26798248
135,19967264;3,00134277;-7,72118282
135,36351264;3,00134277;-7,72118282
135,52735264;2,95648050;-7,72118282
135,69119264;3,04620504;-7,26798248
135,85503264;3,00134277;-5,45060539
136,01887264;3,04620504;-3,63322830
136,18271264;3,00134277;-1,81432533
136,34655264;3,00134277;0,00305185
136,51039264;3,04620504;2,72835469
136,67423264;3,04620504;4,99893188
136,83807263;3,04620504;6,81630898
137,00191263;3,04620504;8,17895985
137,16575263;3,00134277;7,72576046
137,32959263;3,00134277;9,08841228
137,49343263;3,00134277;9,08841228
137,65727263;3,00134277;8,63368702
137,82111263;3,04620504;7,27103472
137,98495263;3,04620504;5,45365763
138,14879263;3,04620504;3,63780618
138,31263263;3,04620504;1,36570334
138,47647262;3,00134277;-0,90639967
138,64031262;3,04620504;-3,17850280
138,80415262;3,00134277;-5,45060539
138,96799262;3,04620504;-7,26798248
139,13183262;3,04620504;-8,17590809
139,29567262;3,04620504;-9,53855991
139,45951262;3,00134277;-9,08536053
139,62335262;3,00134277;-9,08536053
139,78719262;3,04620504;-7,72118282
139,95103262;3,04620504;-6,35853148
140,11487261;3,04620504;-3,63322830
140,27871261;3,00134277;-1,81432533
140,44255261;3,00134277;0,91097748
140,60639261;3,00134277;3,63780618
140,77023261;3,00134277;5,45365763
140,93407261;3,04620504;7,72576046
141,09791261;3,04620504;9,08841228
141,26175261;3,00134277;10,45106411
141,42559261;3,00134277;9,99633694
141,58943261;3,00134277;9,99633694
141,75327260;3,00134277;9,08841228
141,91711260;3,04620504;7,27103472
142,08095260;3,04620504;5,45365763
142,24479260;3,00134277;2,72835469
142,40863260;2,95648050;0,00305185
142,57247260;3,00134277;-2,26905107
142,73631260;3,04620504;-4,99587965
142,90015260;3,04620504;-7,26798248
143,06399260;3,00134277;-9,08536053
143,22783260;3,00134277;-10,44801140
143,39167259;3,04620504;-10,90273762
143,55551259;3,00134277;-10,90273762
143,71935259;3,00134277;-9,99328613
143,88319259;3,04620504;-7,72118282
144,04703259;3,00134277;-6,81325722
144,21087259;3,04620504;-2,72377706
144,37471259;2,95648050;0,00305185
144,53855259;3,00134277;2,72835469
144,70239259;3,04620504;5,90838337
144,86623259;3,04620504;8,17895985
145,03007258;3,04620504;10,45106411
145,19391258;3,00134277;11,36051559
145,35775258;3,04620504;12,26844120
145,52159258;3,04620504;11,81524086
145,68543258;3,04620504;10,90578938
145,84927258;3,04620504;9,08841228
146,01311258;3,04620504;7,27103472
146,17695258;3,04620504;4,54420614
146,34079258;3,00134277;0,91097748
146,50463258;3,04620504;-1,81432533
146,66847257;3,04620504;-5,45060539
146,83231257;3,04620504;-7,72118282
146,99615257;3,04620504;-9,99328613
147,15999257;3,00134277;-11,35746288
147,32383257;3,00134277;-12,72011471
147,48767257;3,00134277;-12,26538944
147,65151257;3,04620504;-11,35746288
147,81535257;3,04620504;-9,08536053
147,97919257;3,04620504;-7,26798248
148,14303257;3,04620504;-4,08642864
148,30687256;3,00134277;-0,45167392
148,47071256;3,00134277;2,72835469
148,63455256;3,04620504;5,45365763
148,79839256;3,04620504;9,54313755
148,96223256;3,04620504;10,90578938
149,12607256;3,04620504;12,72316647
149,28991256;3,00134277;12,72316647
149,45375256;3,04620504;12,72316647
149,61759256;3,04620504;12,26844120
149,78143256;3,00134277;10,45106411
149,94527255;3,04620504;7,27103472
150,10911255;3,04620504;5,45365763
150,27295255;3,04620504;0,91097748
150,43679255;3,04620504;-2,72377706
150,60063255;3,04620504;-6,35853148
150,76447255;3,04620504;-9,08536053
150,92831255;2,95648050;-10,90273762
151,09215255;3,00134277;-12,72011471
151,25599255;3,04620504;-13,17483997
151,41983255;3,04620504;-12,72011471
151,58367254;3,04620504;-11,35746288
151,74751254;3,00134277;-9,53855991
151,91135254;2,95648050;-6,35853148
152,07519254;2,95648050;-2,72377706
152,23903254;3,04620504;0,45625171
152,40287254;3,04620504;4,09100580
152,56671254;3,04620504;7,27103472
152,73055254;3,04620504;10,45106411
152,89439254;3,00134277;12,72316647
153,05823254;3,04620504;13,63261795
153,22207253;3,04620504;14,08581829
153,38591253;3,04620504;13,63261795
153,54975253;3,00134277;11,81524086
153,71359253;3,00134277;9,08841228
153,87743253;3,00134277;5,45365763
154,04127253;3,00134277;1,82042897
154,20511253;3,04620504;-1,81432533
154,36895253;3,00134277;-5,45060539
154,53279253;3,04620504;-8,63063431
154,69663253;3,00134277;-10,90273762
154,86047252;3,04620504;-13,17483997
155,02431252;3,04620504;-14,08276653
155,18815252;3,04620504;-14,08276653
155,35199252;3,04620504;-13,17483997
155,51583252;3,00134277;-10,90273762
155,67967252;3,04620504;-7,72118282
155,84351252;3,04620504;-4,54115438
156,00735252;3,04620504;-0,90639967
156,17119252;3,04620504;3,63780618
156,33503252;3,04620504;7,27103472
156,49887251;3,00134277;10,45106411
156,66271251;3,04620504;12,72316647
156,82655251;3,04620504;14,08581829
156,99039251;3,04620504;14,54054356
157,15423251;3,00134277;14,08581829
157,31807251;3,00134277;12,72316647
157,48191251;3,04620504;9,99633694
157,64575251;3,04620504;6,81630898
157,80959251;3,04620504;3,18308043
157,97343251;3,04620504;-0,90639967
158,13727250;3,00134277;-5,45060539
158,30111250;3,00134277;-8,17590809
158,46495250;3,04620504;-11,35746288
158,62879250;3,00134277;-13,17483997
158,79263250;3,04620504;-14,53749180
158,95647250;3,00134277;-14,53749180
159,12031250;3,00134277;-13,17483997
159,28415250;3,04620504;-10,90273762
159,44799250;3,00134277;-8,17590809
159,61183250;3,04620504;-4,08642864
159,77567250;3,04620504;0,00305185
159,93951249;3,04620504;3,63780618
160,10335249;3,04620504;8,17895985
160,26719249;3,04620504;10,90578938
160,43103249;3,00134277;12,72316647
160,59487249;3,04620504;14,08581829
160,75871249;3,00134277;14,54054356
160,92255249;3,04620504;13,63261795
161,08639249;3,04620504;11,81524086
161,25023249;3,04620504;9,08841228
161,41407249;3,04620504;5,45365763
161,57791248;3,04620504;1,82042897
161,74175248;3,04620504;-2,26905107
161,90559248;3,00134277;-5,90380573
162,06943248;3,00134277;-9,53855991
162,23327248;3,00134277;-12,26538944
162,39711248;3,04620504;-13,62804031
162,56095248;3,04620504;-14,08276653
162,72479248;3,04620504;-13,62804031
162,88863248;3,04620504;-11,81066322
163,05247248;3,00134277;-9,53855991
163,21631247;3,04620504;-5,90380573
163,38015247;3,04620504;-1,81432533
163,54399247;3,04620504;1,82042897
163,70783247;3,04620504;5,90838337
163,87167247;3,00134277;9,08841228
164,03551247;3,04620504;11,81524086
164,19935247;3,04620504;14,08581829
164,36319247;3,00134277;14,54054356
164,52703247;3,00134277;14,54054356
164,69087247;3,00134277;12,72316647
164,85471246;3,04620504;10,90578938
165,01855246;3,04620504;6,81630898
165,18239246;3,00134277;3,18308043
165,34623246;3,00134277;-0,90639967
165,51007246;3,00134277;-4,54115438
165,67391246;3,04620504;-8,17590809
165,83775246;3,04620504;-11,35746288
166,00159246;3,04620504;-12,72011471
166,16543246;3,04620504;-13,62804031
166,32927246;3,00134277;-13,62804031
166,49311245;3,00134277;-12,26538944
166,65695245;3,00134277;-9,99328613
166,82079245;3,04620504;-6,35853148
166,98463245;3,04620504;-2,72377706
167,14847245;3,04620504;1,82042897
167,31231245;3,04620504;5,45365763
167,47615245;3,04620504;9,08841228
167,63999245;3,04620504;11,36051559
167,80383245;3,04620504;13,63261795
167,96767245;3,04620504;14,54054356
168,13151244;2,95648050;14,08581829
168,29535244;3,04620504;12,72316647
168,45919244;3,04620504;10,45106411
168,62303244;3,04620504;7,27103472
168,78687244;3,04620504;3,63780618
168,95071244;3,04620504;-0,45167392
169,11455244;3,00134277;-4,08642864
169,27839244;3,04620504;-7,72118282
169,44223244;3,04620504;-10,90273762
169,60607244;3,00134277;-12,72011471
169,76991243;3,04620504;-12,72011471
169,93375243;3,04620504;-12,72011471
170,09759243;3,00134277;-11,35746288
170,26143243;3,04620504;-9,08536053
170,42527243;3,04620504;-5,45060539
170,58911243;3,04620504;-1,81432533
170,75295243;3,00134277;1,82042897
170,91679243;3,00134277;6,36158323
171,08063243;3,00134277;9,08841228
171,24447243;3,04620504;11,81524086
171,40831242;3,00134277;13,63261795
171,57215242;3,04620504;13,63261795
171,73599242;3,04620504;13,63261795
171,89983242;3,04620504;11,81524086
172,06367242;3,04620504;9,08841228
172,22751242;3,04620504;5,90838337
172,39135242;3,04620504;1,82042897
172,55519242;3,04620504;-1,81432533
172,71903242;3,04620504;-5,45060539
172,88287242;3,04620504;-9,08536053
173,04671241;3,04620504;-11,35746288
173,21055241;3,04620504;-12,72011471
173,37439241;2,95648050;-13,17483997
173,53823241;3,04620504;-12,72011471
173,70207241;3,04620504;-10,44801140
173,86591241;3,04620504;-7,26798248
174,02975241;3,04620504;-4,08642864
174,19359241;3,04620504;0,00305185
174,35743241;3,00134277;3,63780618
174,52127241;3,00134277;7,27103472
174,68511240;3,04620504;10,45106411
174,84895240;3,04620504;12,26844120
175,01279240;3,04620504;13,63261795
175,17663240;3,04620504;14,54054356
175,34047240;3,04620504;12,72316647
175,50431240;3,04620504;10,45106411
175,66815240;3,04620504;7,27103472
175,83199240;3,04620504;3,63780618
175,99583240;3,04620504;0,00305185
176,15967240;3,04620504;-4,08642864
176,32351239;3,04620504;-7,26798248
176,48735239;3,04620504;-9,99328613
176,65119239;3,00134277;-11,81066322
176,81503239;2,95648050;-12,72011471
176,97887239;3,04620504;-12,72011471
177,14271239;3,04620504;-10,90273762
177,30655239;3,04620504;-8,63063431
177,47039239;3,00134277;-5,45060539
177,63423239;3,00134277;-1,81432533
177,79807239;3,00134277;1,82042897
177,96191238;3,04620504;6,36158323
178,12575238;3,04620504;9,08841228
178,28959238;3,04620504;11,81524086
178,45343238;3,04620504;12,72316647
178,61727238;3,04620504;13,17789268
178,78111238;3,04620504;12,72316647
178,94495238;3,04620504;10,90578938
179,10879238;3,04620504;8,17895985
179,27263238;3,04620504;4,54420614
179,43647238;3,04620504;0,91097748
179,60031237;3,04620504;-2,72377706
179,76415237;3,04620504;-6,81325722
179,92799237;3,04620504;-9,08536053
180,09183237;3,04620504;-11,35746288
180,25567237;3,04620504;-11,35746288
180,41951237;3,04620504;-11,81066322
180,58335237;3,04620504;-10,90273762
180,74719237;3,04620504;-8,17590809
180,91103237;3,04620504;-5,45060539
181,07487237;3,00134277;-1,81432533
181,23871236;3,04620504;2,72835469
181,40255236;3,04620504;5,45365763
181,56639236;3,04620504;9,08841228
181,73023236;3,00134277;11,36051559
181,89407236;2,95648050;12,72316647
182,05791236;3,04620504;13,17789268
182,22175236;3,04620504;12,72316647
182,38559236;3,04620504;10,45106411
182,54943236;3,04620504;8,17895985
182,71327236;2,95648050;3,63780618
182,87711235;3,04620504;0,91097748
183,04095235;3,04620504;-2,72377706
183,20479235;3,04620504;-6,35853148
183,36863235;3,04620504;-9,08536053
183,53247235;3,04620504;-10,90273762
183,69631235;3,04620504;-11,81066322
183,86015235;3,04620504;-11,81066322
184,02399235;3,04620504;-10,44801140
184,18783235;3,04620504;-7,72118282
184,35167235;3,00134277;-5,45060539
184,51551234;3,04620504;-1,81432533
184,67935234;3,00134277;1,82042897
184,84319234;3,04620504;5,45365763
185,00703234;3,00134277;8,63368702
185,17087234;3,00134277;10,90578938
185,33471234;3,04620504;12,26844120
185,49855234;3,04620504;12,26844120
185,66239234;3,04620504;11,36051559
185,82623234;3,04620504;9,54313755
185,99007234;3,04620504;6,81630898
186,15391233;3,00134277;3,63780618
186,31775233;3,00134277;0,00305185
186,48159233;3,04620504;-3,63322830
186,64543233;3,04620504;-6,81325722
186,80927233;3,04620504;-9,08536053
186,97311233;2,95648050;-10,90273762
187,13695233;3,04620504;-11,35746288
187,30079233;3,04620504;-10,90273762
187,46463233;3,04620504;-9,08536053
187,62847233;3,04620504;-7,26798248
187,79231232;3,04620504;-3,63322830
187,95615232;3,04620504;-0,45167392
188,11999232;3,04620504;3,18308043
188,28383232;3,04620504;5,90838337
188,44767232;3,04620504;8,63368702
188,61151232;2,95648050;10,45106411
188,77535232;3,04620504;11,36051559
188,93919232;3,04620504;11,36051559
189,10303232;3,04620504;10,45106411
189,26687232;3,00134277;7,27103472
189,43071231;2,95648050;4,99893188
189,59455231;3,04620504;1,82042897
189,75839231;3,04620504;-1,81432533
189,92223231;3,04620504;-5,45060539
190,08607231;3,04620504;-7,72118282
190,24991231;3,04620504;-9,99328613
190,41375231;3,04620504;-10,90273762
190,57759231;3,04620504;-10,90273762
190,74143231;3,04620504;-9,99328613
190,90527231;3,04620504;-7,72118282
191,06911230;3,04620504;-5,45060539
191,23295230;3,00134277;-2,26905107
191,39679230;3,04620504;0,91097748
191,56063230;3,04620504;4,54420614
191,72447230;3,00134277;6,36158323
191,88831230;3,00134277;9,08841228
192,05215230;3,04620504;10,45106411
192,21599230;3,09091473;10,90578938
192,37983230;3,04620504;9,99633694
192,54367230;3,04620504;8,17895985
192,70751229;3,04620504;5,45365763
192,87135229;3,04620504;2,72835469
193,03519229;3,04620504;-0,45167392
193,19903229;3,04620504;-3,63322830
193,36287229;3,04620504;-6,35853148
193,52671229;3,04620504;-8,17590809
193,69055229;3,04620504;-9,99328613
193,85439229;3,04620504;-9,99328613
194,01823229;3,04620504;-9,08536053
194,18207229;3,04620504;-7,26798248
194,34591228;2,95648050;-5,90380573
194,50975228;3,04620504;-2,26905107
194,67359228;3,04620504;0,45625171
194,83743228;3,04620504;3,63780618
195,00127228;3,04620504;6,36158323
195,16511228;3,04620504;8,17895985
195,32895228;3,04620504;9,54313755
195,49279228;3,04620504;9,99633694
195,65663228;3,04620504;9,08841228
195,82047228;3,00134277;7,27103472
195,98431227;3,00134277;5,45365763
196,14815227;3,04620504;2,72835469
196,31199227;3,04620504;0,00305185
196,47583227;3,04620504;-3,63322830
196,63967227;3,04620504;-5,90380573
196,80351227;3,04620504;-7,72118282
196,96735227;3,04620504;-9,53855991
197,13119227;3,04620504;-9,53855991
197,29503227;3,04620504;-8,63063431
197,45887227;3,04620504;-7,26798248
197,62271227;3,00134277;-5,45060539
197,78655226;3,04620504;-2,26905107
197,95039226;3,04620504;0,91097748
198,11423226;3,04620504;3,18308043
198,27807226;3,00134277;5,90838337
198,44191226;3,00134277;7,27103472
198,60575226;3,04620504;9,08841228
198,76959226;3,04620504;9,08841228
198,93343226;3,04620504;8,63368702
199,09727226;3,00134277;7,27103472
199,26111226;3,04620504;4,54420614
199,42495225;3,04620504;2,27362871
199,58879225;3,04620504;-0,45167392
199,75263225;3,04620504;-3,63322830
199,91647225;3,04620504;-5,45060539
200,08031225;3,04620504;-7,72118282
200,24415225;3,04620504;-8,63063431
200,40799225;3,04620504;-9,08536053
200,57183225;3,04620504;-7,72118282
200,73567225;3,04620504;-6,35853148
200,89951225;3,04620504;-4,54115438
201,06335224;3,04620504;-1,81432533
201,22719224;3,04620504;0,91097748
201,39103224;3,04620504;3,63780618
201,55487224;3,04620504;5,45365763
201,71871224;3,00134277;7,27103472
201,88255224;3,04620504;8,17895985
202,04639224;3,04620504;8,17895985
202,21023224;3,04620504;7,72576046
202,37407224;3,04620504;6,81630898
202,53791224;3,04620504;3,63780618
202,70175223;3,04620504;0,91097748
202,86559223;3,04620504;-1,81432533
203,02943223;3,09091473;-4,08642864
203,19327223;3,04620504;-6,35853148
203,35711223;2,95648050;-7,72118282
203,52095223;3,04620504;-8,63063431
203,68479223;3,04620504;-8,17590809
203,84863223;3,04620504;-7,26798248
204,01247223;3,00134277;-5,45060539
204,17631223;3,04620504;-3,17850280
204,34015222;3,04620504;-0,45167392
204,50399222;3,04620504;1,82042897
204,66783222;3,04620504;4,54420614
204,83167222;3,04620504;6,81630898
204,99551222;3,04620504;7,72576046
205,15935222;3,04620504;8,17895985
205,32319222;3,04620504;8,17895985
205,48703222;3,04620504;6,81630898
205,65087222;3,04620504;4,99893188
205,81471222;3,04620504;2,72835469
205,97855221;3,04620504;0,00305185
206,14239221;3,04620504;-3,17850280
206,30623221;3,04620504;-5,45060539
206,47007221;3,04620504;-7,26798248
206,63391221;3,04620504;-8,17590809
206,79775221;3,04620504;-8,63063431
206,96159221;3,04620504;-7,72118282
207,12543221;3,04620504;-6,35853148
207,28927221;3,04620504;-4,08642864
207,45311221;3,04620504;-1,81432533
207,61695220;3,04620504;0,91097748
207,78079220;3,04620504;3,63780618
207,94463220;3,04620504;5,45365763
208,10847220;3,00134277;7,27103472
208,27231220;3,04620504;8,17895985
208,43615220;3,04620504;7,72576046
208,59999220;3,04620504;7,27103472
208,76383220;3,04620504;5,45365763
208,92767220;3,04620504;3,18308043
209,09151220;3,04620504;0,91097748
209,25535219;3,04620504;-1,81432533
209,41919219;3,04620504;-4,54115438
209,58303219;3,04620504;-7,26798248
209,74687219;3,04620504;-8,63063431
209,91071219;3,04620504;-9,53855991
210,07455219;3,04620504;-9,08536053
210,23839219;3,04620504;-7,26798248
210,40223219;3,04620504;-5,45060539
210,56607219;3,04620504;-2,72377706
210,72991219;3,04620504;0,00305185
210,89375218;3,04620504;2,72835469
211,05759218;3,04620504;4,99893188
211,22143218;3,04620504;6,81630898
211,38527218;3,04620504;8,63368702
211,54911218;3,04620504;8,63368702
211,71295218;3,04620504;8,17895985
211,87679218;3,04620504;6,81630898
212,04063218;3,04620504;4,54420614
212,20447218;3,04620504;1,82042897
212,36831218;3,04620504;-0,90639967
212,53215217;3,04620504;-4,08642864
212,69599217;3,04620504;-6,35853148
212,85983217;3,04620504;-8,17590809
213,02367217;3,04620504;-9,08536053
213,18751217;3,04620504;-9,53855991
213,35135217;3,04620504;-8,17590809
213,51519217;3,04620504;-6,35853148
213,67903217;3,04620504;-3,63322830
213,84287217;3,04620504;-0,90639967
214,00671217;3,04620504;1,82042897
214,17055216;3,04620504;4,54420614
214,33439216;3,04620504;6,81630898
214,49823216;3,04620504;8,17895985
214,66207216;3,04620504;9,08841228
214,82591216;3,04620504;8,63368702
214,98975216;3,04620504;7,27103472
215,15359216;3,04620504;5,45365763
215,31743216;3,04620504;3,18308043
215,48127216;3,04620504;0,00305185
215,64511216;3,09091473;-3,17850280
215,80895215;3,09091473;-5,90380573
215,97279215;3,04620504;-8,17590809
216,13663215;3,04620504;-9,53855991
216,30047215;3,04620504;-10,44801140
216,46431215;3,09091473;-9,08536053
216,62815215;3,09091473;-7,26798248
216,79199215;3,04620504;-5,90380573
216,95583215;3,09091473;-1,81432533
217,11967215;3,09091473;1,36570334
217,28351215;3,09091473;3,63780618
217,44735214;3,09091473;6,36158323
217,61119214;3,13577676;8,63368702
217,77503214;3,09091473;9,54313755
217,93887214;3,13577676;9,54313755
218,10271214;3,09091473;8,63368702
218,26655214;3,09091473;6,81630898
218,43039214;3,09091473;4,09100580
218,59423214;3,09091473;1,36570334
218,75807214;3,13577676;-1,81432533
218,92191214;3,09091473;-5,45060539
219,08575213;3,13577676;-7,72118282
219,24959213;3,09091473;-9,08536053
219,41343213;3,13577676;-9,99328613
219,57727213;3,13577676;-9,99328613
219,74111213;3,13577676;-8,17590809
219,90495213;3,13577676;-5,90380573
220,06879213;3,13577676;-3,63322830
220,23263213;3,13577676;0,00305185
220,39647213;3,09091473;3,18308043
220,56031213;3,22534871;5,45365763
220,72415212;3,13577676;8,17895985
220,88799212;3,13577676;9,99633694
221,05183212;3,13577676;10,45106411
221,21567212;3,13577676;9,08841228
221,37951212;3,13577676;7,72576046
221,54335212;3,13577676;5,45365763
221,70719212;3,71807003;1,82042897
221,87103212;3,71807003;-0,90639967
222,03487212;3,71807003;-4,08642864
222,19871212;3,71807003;-7,72118282
222,36255211;3,71807003;-9,53855991
222,52639211;3,76293230;-10,90273762
222,69023211;3,71807003;-10,90273762
222,85407211;3,76293230;-9,99328613
223,01791211;3,71807003;-7,72118282
223,18175211;3,76293230;-4,54115438
223,34559211;3,71807003;-1,81432533
223,50943211;3,71807003;1,82042897
223,67327211;3,76293230;5,45365763
223,83711211;3,80779433;7,27103472
224,00095210;3,71807003;9,99633694
224,16479210;3,76293230;10,90578938
224,32863210;3,76293230;10,90578938
224,49247210;3,76293230;9,08841228
224,65631210;3,71807003;7,27103472
224,82015210;3,76293230;3,18308043
224,98399210;3,71807003;0,45625171
225,14783210;3,76293230;-2,72377706
225,31167210;3,85250401;-5,90380573
225,47551210;3,76293230;-9,08536053
225,63935209;3,76293230;-10,90273762
225,80319209;3,71807003;-10,90273762
225,96703209;3,71807003;-10,90273762
226,13087209;3,71807003;-9,53855991
226,29471209;3,71807003;-6,35853148
226,45855209;3,76293230;-3,63322830
226,62239209;3,71807003;0,00305185
226,78623209;3,67336035;3,63780618
226,95007209;3,76293230;6,36158323
227,11391209;3,62849808;9,08841228
227,27775208;3,71807003;10,90578938
227,44159208;3,71807003;10,90578938
227,60543208;3,71807003;10,45106411
227,76927208;3,71807003;9,08841228
227,93311208;3,76293230;6,36158323
228,09695208;3,71807003;3,18308043
228,26079208;3,71807003;-0,45167392
228,42463208;3,85250401;-3,63322830
228,58847208;3,71807003;-7,26798248
228,75231208;3,71807003;-9,53855991
228,91615207;3,67336035;-10,44801140
229,07999207;3,76293230;-10,90273762
229,24383207;3,71807003;-10,44801140
229,40767207;3,76293230;-8,63063431
229,57151207;3,76293230;-5,45060539
229,73535207;3,76293230;-2,26905107
229,89919207;3,76293230;0,91097748
230,06303207;3,71807003;4,54420614
230,22687207;3,71807003;7,27103472
230,39071207;3,76293230;9,54313755
230,55455206;3,76293230;10,90578938
230,71839206;3,71807003;10,90578938
230,88223206;3,71807003;10,45106411
231,04607206;3,67336035;7,27103472
231,20991206;3,71807003;5,90838337
231,37375206;3,71807003;2,72835469
231,53759206;3,71807003;-0,45167392
231,70143206;3,71807003;-3,63322830
231,86527206;3,71807003;-6,81325722
232,02911206;3,71807003;-9,08536053
232,19295205;3,67336035;-9,99328613
232,35679205;3,71807003;-9,99328613
232,52063205;3,71807003;-9,53855991
232,68447205;3,67336035;-7,72118282
232,84831205;3,71807003;-5,45060539
233,01215205;3,76293230;-2,26905107
233,17599205;3,67336035;0,45625171
233,33983205;3,80779433;4,09100580
233,50367205;3,76293230;6,36158323
233,66751205;3,71807003;7,72576046
233,83135204;3,80779433;9,08841228
233,99519204;3,76293230;9,08841228
234,15903204;3,76293230;9,54313755
234,32287204;3,76293230;7,72576046
234,48671204;3,71807003;5,45365763
234,65055204;3,71807003;3,18308043
234,81439204;3,76293230;0,00305185
234,97823204;3,71807003;-2,26905107
235,14207204;3,71807003;-5,45060539
235,30591204;3,76293230;-7,26798248
235,46975203;3,71807003;-8,17590809
235,63359203;3,71807003;-9,08536053
235,79743203;3,71807003;-8,17590809
235,96127203;3,71807003;-7,26798248
236,12511203;3,71807003;-5,45060539
236,28895203;3,76293230;-3,17850280
236,45279203;3,76293230;-0,90639967
236,61663203;3,76293230;1,82042897
236,78047203;3,71807003;3,63780618
236,94431203;3,76293230;5,90838337
237,10815203;3,71807003;7,27103472
237,27199202;3,76293230;8,17895985
237,43583202;3,76293230;7,72576046
237,59967202;3,71807003;7,27103472
237,76351202;3,71807003;6,36158323
237,92735202;3,76293230;4,54420614
238,09119202;3,76293230;2,72835469
238,25503202;3,71807003;0,00305185
238,41887202;3,71807003;-1,81432533
238,58271202;3,76293230;-3,63322830
238,74655202;3,71807003;-5,45060539
238,91039201;3,76293230;-6,35853148
239,07423201;3,76293230;-7,26798248
239,23807201;3,71807003;-7,26798248
239,40191201;3,71807003;-6,35853148
239,56575201;3,71807003;-5,45060539
239,72959201;3,71807003;-3,63322830
239,89343201;3,76293230;-1,81432533
240,05727201;3,71807003;0,00305185
240,22111201;3,71807003;1,82042897
240,38495201;3,71807003;3,63780618
240,54879200;3,71807003;4,99893188
240,71263200;3,76293230;6,36158323
240,87647200;3,71807003;7,27103472
241,04031200;3,71807003;7,27103472
241,20415200;3,76293230;6,81630898
241,36799200;3,76293230;5,90838337
241,53183200;3,76293230;4,54420614
241,69567200;3,76293230;2,72835469
241,85951200;3,76293230;0,00305185
242,02335200;3,80779433;-1,81432533
242,18719199;3,76293230;-3,63322830
242,35103199;3,85250401;-4,99587965
242,51487199;3,71807003;-6,35853148
242,67871199;3,71807003;-7,26798248
242,84255199;3,71807003;-7,26798248
243,00639199;3,67336035;-7,26798248
243,17023199;3,71807003;-6,35853148
243,33407199;3,71807003;-4,08642864
243,49791199;3,76293230;-2,72377706
243,66175199;3,76293230;-0,45167392
243,82559198;3,67336035;1,82042897
243,98943198;3,67336035;4,09100580
244,15327198;3,76293230;5,90838337
244,31711198;3,76293230;7,72576046
244,48095198;3,67336035;9,08841228
244,64479198;3,76293230;9,08841228
244,80863198;3,76293230;9,08841228
244,97247198;3,67336035;8,17895985
245,13631198;3,71807003;5,45365763
245,30015198;3,71807003;3,63780618
245,46399197;3,71807003;0,91097748
245,62783197;3,76293230;-1,81432533
245,79167197;3,76293230;-4,08642864
245,95551197;3,76293230;-7,26798248
246,11935197;3,76293230;-9,08536053
246,28319197;3,76293230;-9,53855991
246,44703197;3,76293230;-9,99328613
246,61087197;3,71807003;-9,53855991
246,77471197;3,67336035;-8,17590809
246,93855197;3,71807003;-5,45060539
247,10239196;3,58378863;-3,17850280
247,26623196;3,71807003;0,00305185
247,43007196;3,71807003;3,63780618
247,59391196;3,76293230;6,81630898
247,75775196;3,76293230;9,08841228
247,92159196;3,71807003;10,90578938
248,08543196;3,76293230;11,81524086
248,24927196;3,71807003;11,81524086
248,41311196;3,76293230;10,90578938
248,57695196;3,71807003;9,08841228
248,74079195;3,71807003;6,36158323
248,90463195;3,76293230;3,18308043
249,06847195;3,71807003;-0,45167392
249,23231195;3,62849808;-3,63322830
249,39615195;3,76293230;-7,26798248
249,55999195;3,71807003;-9,99328613
249,72383195;3,71807003;-11,81066322
249,88767195;3,76293230;-12,72011471
250,05151195;3,71807003;-12,26538944
250,21535195;3,71807003;-10,90273762
