Tempo;Canal A;Canal B
(ms);(V);(mV)

-250,34731627;3,67336035;0,45625171
-250,18347627;3,76293230;0,00305185
-250,01963627;3,71807003;0,45625171
-249,85579627;3,71807003;0,91097748
-249,69195627;3,76293230;0,45625171
-249,52811627;3,76293230;0,45625171
-249,36427627;3,76293230;0,45625171
-249,20043627;3,76293230;0,45625171
-249,03659627;3,76293230;0,45625171
-248,87275627;3,71807003;0,00305185
-248,70891628;3,76293230;0,00305185
-248,54507628;3,76293230;0,00305185
-248,38123628;3,76293230;0,91097748
-248,21739628;3,71807003;0,45625171
-248,05355628;3,71807003;0,00305185
-247,88971628;3,76293230;0,45625171
-247,72587628;3,76293230;0,45625171
-247,56203628;3,76293230;0,45625171
-247,39819628;3,76293230;0,45625171
-247,23435628;3,76293230;0,45625171
-247,07051629;3,76293230;0,45625171
-246,90667629;3,76293230;0,45625171
-246,74283629;3,71807003;0,45625171
-246,57899629;3,76293230;0,45625171
-246,41515629;3,76293230;0,00305185
-246,25131629;3,76293230;0,91097748
-246,08747629;3,71807003;0,45625171
-245,92363629;3,76293230;0,45625171
-245,75979629;3,76293230;0,91097748
-245,59595629;3,76293230;0,00305185
-245,43211629;3,76293230;0,45625171
-245,26827630;3,71807003;0,45625171
-245,10443630;3,76293230;0,00305185
-244,94059630;3,71807003;0,00305185
-244,77675630;3,76293230;0,91097748
-244,61291630;3,71807003;0,45625171
-244,44907630;3,76293230;0,45625171
-244,28523630;3,71807003;0,45625171
-244,12139630;3,71807003;0,00305185
-243,95755630;3,76293230;0,45625171
-243,79371630;3,76293230;0,45625171
-243,62987631;3,76293230;0,45625171
-243,46603631;3,71807003;0,00305185
-243,30219631;3,76293230;0,45625171
-243,13835631;3,76293230;0,45625171
-242,97451631;3,71807003;0,45625171
-242,81067631;3,71807003;0,45625171
-242,64683631;3,76293230;0,45625171
-242,48299631;3,76293230;0,45625171
-242,31915631;3,76293230;0,00305185
-242,15531631;3,71807003;0,45625171
-241,99147632;3,71807003;0,00305185
-241,82763632;3,76293230;0,00305185
-241,66379632;3,76293230;0,00305185
-241,49995632;3,76293230;0,45625171
-241,33611632;3,71807003;1,36570334
-241,17227632;3,76293230;0,00305185
-241,00843632;3,76293230;0,00305185
-240,84459632;3,76293230;0,00305185
-240,68075632;3,71807003;0,00305185
-240,51691632;3,76293230;0,00305185
-240,35307633;3,76293230;0,00305185
-240,18923633;3,76293230;0,00305185
-240,02539633;3,76293230;0,00305185
-239,86155633;3,76293230;0,00305185
-239,69771633;3,76293230;0,00305185
-239,53387633;3,71807003;0,00305185
-239,37003633;3,71807003;0,00305185
-239,20619633;3,76293230;0,00305185
-239,04235633;3,76293230;0,00305185
-238,87851633;3,76293230;0,00305185
-238,71467634;3,71807003;0,45625171
-238,55083634;3,76293230;0,00305185
-238,38699634;3,76293230;0,00305185
-238,22315634;3,76293230;0,00305185
-238,05931634;3,71807003;0,45625171
-237,89547634;3,76293230;0,00305185
-237,73163634;3,76293230;0,00305185
-237,56779634;3,76293230;0,91097748
-237,40395634;3,76293230;0,00305185
-237,24011634;3,76293230;0,00305185
-237,07627635;3,76293230;0,91097748
-236,91243635;3,76293230;0,00305185
-236,74859635;3,76293230;0,00305185
-236,58475635;3,71807003;0,00305185
-236,42091635;3,76293230;0,45625171
-236,25707635;3,76293230;0,45625171
-236,09323635;3,76293230;0,00305185
-235,92939635;3,76293230;0,45625171
-235,76555635;3,71807003;0,45625171
-235,60171635;3,76293230;0,45625171
-235,43787636;3,76293230;0,45625171
-235,27403636;3,76293230;0,91097748
-235,11019636;3,71807003;0,45625171
-234,94635636;3,76293230;0,45625171
-234,78251636;3,76293230;0,00305185
-234,61867636;3,71807003;0,91097748
-234,45483636;3,76293230;0,00305185
-234,29099636;3,76293230;0,45625171
-234,12715636;3,71807003;0,00305185
-233,96331636;3,76293230;0,00305185
-233,79947637;3,76293230;0,45625171
-233,63563637;3,71807003;0,45625171
-233,47179637;3,71807003;0,91097748
-233,30795637;3,71807003;0,00305185
-233,14411637;3,76293230;0,45625171
-232,98027637;3,76293230;0,45625171
-232,81643637;3,80779433;0,45625171
-232,65259637;3,76293230;0,00305185
-232,48875637;3,76293230;0,45625171
-232,32491637;3,76293230;0,00305185
-232,16107638;3,76293230;0,45625171
-231,99723638;3,76293230;0,45625171
-231,83339638;3,76293230;0,45625171
-231,66955638;3,76293230;0,45625171
-231,50571638;3,76293230;0,45625171
-231,34187638;3,76293230;0,00305185
-231,17803638;3,71807003;0,45625171
-231,01419638;3,71807003;0,45625171
-230,85035638;3,76293230;0,00305185
-230,68651638;3,71807003;0,45625171
-230,52267639;3,71807003;0,00305185
-230,35883639;3,76293230;0,45625171
-230,19499639;3,76293230;0,45625171
-230,03115639;3,76293230;0,45625171
-229,86731639;3,71807003;0,45625171
-229,70347639;3,67336035;0,00305185
-229,53963639;3,76293230;0,00305185
-229,37579639;3,71807003;0,00305185
-229,21195639;3,76293230;0,00305185
-229,04811639;3,71807003;0,45625171
-228,88427640;3,76293230;0,00305185
-228,72043640;3,71807003;0,45625171
-228,55659640;3,76293230;0,45625171
-228,39275640;3,76293230;0,00305185
-228,22891640;3,76293230;0,00305185
-228,06507640;3,71807003;0,45625171
-227,90123640;3,71807003;0,00305185
-227,73739640;3,71807003;0,00305185
-227,57355640;3,71807003;0,00305185
-227,40971640;3,71807003;0,00305185
-227,24587641;3,71807003;0,00305185
-227,08203641;3,76293230;0,00305185
-226,91819641;3,76293230;0,00305185
-226,75435641;3,76293230;0,00305185
-226,59051641;3,71807003;0,00305185
-226,42667641;3,71807003;0,00305185
-226,26283641;3,76293230;0,00305185
-226,09899641;3,71807003;0,00305185
-225,93515641;3,76293230;0,45625171
-225,77131641;3,71807003;0,00305185
-225,60747642;3,76293230;0,00305185
-225,44363642;3,76293230;0,00305185
-225,27979642;3,76293230;0,45625171
-225,11595642;3,76293230;0,00305185
-224,95211642;3,71807003;0,00305185
-224,78827642;3,71807003;0,91097748
-224,62443642;3,76293230;0,45625171
-224,46059642;3,76293230;0,00305185
-224,29675642;3,71807003;0,00305185
-224,13291642;3,76293230;0,00305185
-223,96907643;3,71807003;0,00305185
-223,80523643;3,71807003;0,91097748
-223,64139643;3,71807003;0,00305185
-223,47755643;3,76293230;0,00305185
-223,31371643;3,58378863;0,00305185
-223,14987643;3,71807003;0,45625171
-222,98603643;3,76293230;0,45625171
-222,82219643;3,76293230;0,45625171
-222,65835643;3,71807003;0,00305185
-222,49451643;3,71807003;0,00305185
-222,33067644;3,76293230;0,00305185
-222,16683644;3,76293230;0,45625171
-222,00299644;3,76293230;0,00305185
-221,83915644;3,76293230;0,00305185
-221,67531644;3,76293230;0,45625171
-221,51147644;3,76293230;0,45625171
-221,34763644;3,76293230;0,00305185
-221,18379644;3,76293230;0,45625171
-221,01995644;3,76293230;0,00305185
-220,85611644;3,71807003;0,00305185
-220,69227645;3,76293230;0,91097748
-220,52843645;3,76293230;0,45625171
-220,36459645;3,71807003;0,00305185
-220,20075645;3,67336035;0,45625171
-220,03691645;3,76293230;0,45625171
-219,87307645;3,71807003;0,00305185
-219,70923645;3,62849808;0,45625171
-219,54539645;3,71807003;0,45625171
-219,38155645;3,76293230;0,45625171
-219,21771645;3,67336035;0,00305185
-219,05387646;3,76293230;0,00305185
-218,89003646;3,71807003;0,45625171
-218,72619646;3,76293230;0,45625171
-218,56235646;3,71807003;0,45625171
-218,39851646;3,71807003;0,00305185
-218,23467646;3,76293230;0,45625171
-218,07083646;3,76293230;0,00305185
-217,90699646;3,76293230;0,45625171
-217,74315646;3,76293230;0,45625171
-217,57931646;3,76293230;0,45625171
-217,41547647;3,71807003;0,45625171
-217,25163647;3,76293230;0,45625171
-217,08779647;3,71807003;0,00305185
-216,92395647;3,76293230;0,45625171
-216,76011647;3,71807003;0,45625171
-216,59627647;3,76293230;0,45625171
-216,43243647;3,71807003;0,00305185
-216,26859647;3,71807003;0,45625171
-216,10475647;3,76293230;0,91097748
-215,94091647;3,76293230;0,45625171
-215,77707648;3,76293230;0,45625171
-215,61323648;3,76293230;0,45625171
-215,44939648;3,76293230;0,45625171
-215,28555648;3,76293230;0,45625171
-215,12171648;3,76293230;0,45625171
-214,95787648;3,76293230;0,45625171
-214,79403648;3,67336035;0,91097748
-214,63019648;3,76293230;0,45625171
-214,46635648;3,71807003;0,45625171
-214,30251648;3,80779433;1,36570334
-214,13867649;3,76293230;0,45625171
-213,97483649;3,71807003;0,45625171
-213,81099649;3,76293230;0,00305185
-213,64715649;3,76293230;0,45625171
-213,48331649;3,71807003;0,45625171
-213,31947649;3,76293230;0,45625171
-213,15563649;3,76293230;0,00305185
-212,99179649;3,71807003;0,00305185
-212,82795649;3,76293230;0,00305185
-212,66411649;3,76293230;0,45625171
-212,50027650;3,76293230;0,00305185
-212,33643650;3,76293230;0,45625171
-212,17259650;3,76293230;0,45625171
-212,00875650;3,76293230;0,45625171
-211,84491650;3,71807003;0,45625171
-211,68107650;3,76293230;0,00305185
-211,51723650;3,76293230;0,45625171
-211,35339650;3,71807003;0,00305185
-211,18955650;3,76293230;0,00305185
-211,02571650;3,85250401;-0,45167392
-210,86187651;3,76293230;0,45625171
-210,69803651;3,67336035;0,00305185
-210,53419651;3,71807003;0,45625171
-210,37035651;3,71807003;0,45625171
-210,20651651;3,71807003;0,45625171
-210,04267651;3,71807003;0,91097748
-209,87883651;3,76293230;0,00305185
-209,71499651;3,71807003;0,45625171
-209,55115651;3,76293230;0,45625171
-209,38731651;3,71807003;0,45625171
-209,22347652;3,76293230;0,00305185
-209,05963652;3,76293230;0,00305185
-208,89579652;3,71807003;0,00305185
-208,73195652;3,76293230;0,45625171
-208,56811652;3,76293230;0,00305185
-208,40427652;3,71807003;0,00305185
-208,24043652;3,76293230;0,45625171
-208,07659652;3,76293230;0,45625171
-207,91275652;3,71807003;0,00305185
-207,74891652;3,76293230;0,00305185
-207,58507652;3,76293230;0,45625171
-207,42123653;3,76293230;0,45625171
-207,25739653;3,76293230;0,45625171
-207,09355653;3,76293230;0,00305185
-206,92971653;3,76293230;0,00305185
-206,76587653;3,71807003;0,00305185
-206,60203653;3,71807003;0,45625171
-206,43819653;3,71807003;0,00305185
-206,27435653;3,71807003;0,45625171
-206,11051653;3,76293230;0,00305185
-205,94667653;3,76293230;0,45625171
-205,78283654;3,58378863;1,82042897
-205,61899654;3,71807003;0,91097748
-205,45515654;3,76293230;0,45625171
-205,29131654;3,71807003;0,45625171
-205,12747654;3,76293230;0,45625171
-204,96363654;3,71807003;0,00305185
-204,79979654;3,76293230;0,45625171
-204,63595654;3,76293230;0,00305185
-204,47211654;3,76293230;0,45625171
-204,30827654;3,76293230;0,45625171
-204,14443655;3,71807003;0,45625171
-203,98059655;3,71807003;0,45625171
-203,81675655;3,76293230;0,45625171
-203,65291655;3,62849808;1,36570334
-203,48907655;3,76293230;0,45625171
-203,32523655;3,76293230;0,91097748
-203,16139655;3,71807003;0,91097748
-202,99755655;3,76293230;0,45625171
-202,83371655;3,71807003;0,45625171
-202,66987655;3,76293230;0,45625171
-202,50603656;3,76293230;0,45625171
-202,34219656;3,71807003;0,45625171
-202,17835656;3,67336035;1,36570334
-202,01451656;3,76293230;0,45625171
-201,85067656;3,80779433;0,91097748
-201,68683656;3,76293230;1,36570334
-201,52299656;3,71807003;0,45625171
-201,35915656;3,71807003;0,45625171
-201,19531656;3,76293230;0,45625171
-201,03147656;3,76293230;0,45625171
-200,86763657;3,76293230;0,45625171
-200,70379657;3,76293230;0,91097748
-200,53995657;3,76293230;0,45625171
-200,37611657;3,71807003;0,91097748
-200,21227657;3,76293230;0,00305185
-200,04843657;3,71807003;0,91097748
-199,88459657;3,76293230;0,45625171
-199,72075657;3,76293230;0,45625171
-199,55691657;3,71807003;0,45625171
-199,39307657;3,76293230;0,45625171
-199,22923658;3,76293230;0,45625171
-199,06539658;3,76293230;0,91097748
-198,90155658;3,76293230;0,45625171
-198,73771658;3,71807003;0,45625171
-198,57387658;3,76293230;0,45625171
-198,41003658;3,76293230;0,45625171
-198,24619658;3,76293230;0,00305185
-198,08235658;3,76293230;0,45625171
-197,91851658;3,76293230;0,45625171
-197,75467658;3,71807003;0,91097748
-197,59083659;3,76293230;0,91097748
-197,42699659;3,76293230;0,45625171
-197,26315659;3,76293230;1,36570334
-197,09931659;3,71807003;0,45625171
-196,93547659;3,76293230;0,45625171
-196,77163659;3,85250401;0,91097748
-196,60779659;3,71807003;0,45625171
-196,44395659;3,71807003;0,45625171
-196,28011659;3,76293230;0,45625171
-196,11627659;3,71807003;0,45625171
-195,95243660;3,71807003;0,45625171
-195,78859660;3,76293230;0,45625171
-195,62475660;3,76293230;0,45625171
-195,46091660;3,76293230;0,45625171
-195,29707660;3,76293230;0,45625171
-195,13323660;3,76293230;0,45625171
-194,96939660;3,76293230;0,91097748
-194,80555660;3,76293230;0,00305185
-194,64171660;3,76293230;0,00305185
-194,47787660;3,71807003;0,45625171
-194,31403661;3,76293230;0,45625171
-194,15019661;3,76293230;0,00305185
-193,98635661;3,76293230;0,45625171
-193,82251661;3,71807003;0,45625171
-193,65867661;3,76293230;0,45625171
-193,49483661;3,76293230;0,00305185
-193,33099661;3,76293230;0,45625171
-193,16715661;3,71807003;0,00305185
-193,00331661;3,76293230;0,45625171
-192,83947661;3,76293230;0,45625171
-192,67563662;3,67336035;0,00305185
-192,51179662;3,76293230;0,45625171
-192,34795662;3,76293230;0,45625171
-192,18411662;3,76293230;0,45625171
-192,02027662;3,76293230;0,45625171
-191,85643662;3,76293230;0,45625171
-191,69259662;3,71807003;0,45625171
-191,52875662;3,76293230;0,91097748
-191,36491662;3,76293230;0,45625171
-191,20107662;3,71807003;0,45625171
-191,03723663;3,76293230;0,45625171
-190,87339663;3,76293230;0,45625171
-190,70955663;3,71807003;0,45625171
-190,54571663;3,76293230;0,45625171
-190,38187663;3,76293230;0,00305185
-190,21803663;3,76293230;0,00305185
-190,05419663;3,76293230;0,45625171
-189,89035663;3,71807003;0,00305185
-189,72651663;3,76293230;0,45625171
-189,56267663;3,71807003;0,45625171
-189,39883664;3,71807003;0,45625171
-189,23499664;3,67336035;0,91097748
-189,07115664;3,76293230;0,45625171
-188,90731664;3,76293230;0,45625171
-188,74347664;3,71807003;0,45625171
-188,57963664;3,76293230;0,45625171
-188,41579664;3,76293230;0,45625171
-188,25195664;3,76293230;1,36570334
-188,08811664;3,76293230;0,00305185
-187,92427664;3,80779433;0,00305185
-187,76043665;3,71807003;0,45625171
-187,59659665;3,76293230;0,45625171
-187,43275665;3,76293230;0,45625171
-187,26891665;3,76293230;0,45625171
-187,10507665;3,76293230;0,45625171
-186,94123665;3,76293230;0,45625171
-186,77739665;3,76293230;0,91097748
-186,61355665;3,71807003;0,45625171
-186,44971665;3,76293230;0,45625171
-186,28587665;3,71807003;0,45625171
-186,12203666;3,76293230;0,91097748
-185,95819666;3,76293230;0,45625171
-185,79435666;3,76293230;0,91097748
-185,63051666;3,76293230;0,45625171
-185,46667666;3,76293230;0,45625171
-185,30283666;3,71807003;0,45625171
-185,13899666;3,76293230;0,45625171
-184,97515666;3,76293230;0,91097748
-184,81131666;3,71807003;0,45625171
-184,64747666;3,71807003;0,00305185
-184,48363667;3,71807003;0,45625171
-184,31979667;3,76293230;0,45625171
-184,15595667;3,76293230;0,00305185
-183,99211667;3,76293230;0,91097748
-183,82827667;3,71807003;0,00305185
-183,66443667;3,71807003;0,45625171
-183,50059667;3,76293230;0,91097748
-183,33675667;3,71807003;0,91097748
-183,17291667;3,71807003;0,45625171
-183,00907667;3,76293230;0,91097748
-182,84523668;3,76293230;0,45625171
-182,68139668;3,76293230;0,91097748
-182,51755668;3,76293230;0,91097748
-182,35371668;3,76293230;0,45625171
-182,18987668;3,76293230;0,45625171
-182,02603668;3,71807003;0,91097748
-181,86219668;3,76293230;0,45625171
-181,69835668;3,76293230;0,45625171
-181,53451668;3,71807003;0,45625171
-181,37067668;3,76293230;0,45625171
-181,20683669;3,76293230;0,45625171
-181,04299669;3,76293230;0,91097748
-180,87915669;3,76293230;0,45625171
-180,71531669;3,76293230;0,45625171
-180,55147669;3,76293230;0,45625171
-180,38763669;3,89736629;0,91097748
-180,22379669;3,76293230;0,00305185
-180,05995669;3,76293230;0,00305185
-179,89611669;3,76293230;0,45625171
-179,73227669;3,67336035;0,45625171
-179,56843670;3,76293230;0,45625171
-179,40459670;3,76293230;0,45625171
-179,24075670;3,53892636;0,91097748
-179,07691670;3,76293230;0,91097748
-178,91307670;3,71807003;0,45625171
-178,74923670;3,76293230;0,45625171
-178,58539670;3,76293230;0,45625171
-178,42155670;3,71807003;0,45625171
-178,25771670;3,71807003;0,45625171
-178,09387670;3,76293230;0,45625171
-177,93003671;3,76293230;0,00305185
-177,76619671;3,76293230;0,45625171
-177,60235671;3,71807003;0,45625171
-177,43851671;3,76293230;0,45625171
-177,27467671;3,76293230;0,45625171
-177,11083671;3,76293230;0,45625171
-176,94699671;3,76293230;0,45625171
-176,78315671;3,76293230;0,45625171
-176,61931671;3,71807003;0,00305185
-176,45547671;3,76293230;0,45625171
-176,29163672;3,76293230;0,45625171
-176,12779672;3,80779433;0,45625171
-175,96395672;3,71807003;0,45625171
-175,80011672;3,76293230;0,45625171
-175,63627672;3,71807003;-0,45167392
-175,47243672;3,71807003;0,91097748
-175,30859672;3,71807003;0,00305185
-175,14475672;3,76293230;0,45625171
-174,98091672;3,76293230;0,00305185
-174,81707672;3,76293230;0,45625171
-174,65323673;3,76293230;0,45625171
-174,48939673;3,76293230;0,45625171
-174,32555673;3,76293230;0,45625171
-174,16171673;3,62849808;0,91097748
-173,99787673;3,76293230;0,45625171
-173,83403673;3,71807003;0,00305185
-173,67019673;3,71807003;0,45625171
-173,50635673;3,76293230;0,45625171
-173,34251673;3,71807003;0,45625171
-173,17867673;3,76293230;0,45625171
-173,01483674;3,76293230;0,45625171
-172,85099674;3,76293230;0,91097748
-172,68715674;3,71807003;0,91097748
-172,52331674;3,76293230;0,45625171
-172,35947674;3,76293230;0,91097748
-172,19563674;3,71807003;0,00305185
-172,03179674;3,76293230;0,45625171
-171,86795674;3,76293230;0,45625171
-171,70411674;3,76293230;0,45625171
-171,54027674;3,76293230;0,00305185
-171,37643675;3,71807003;0,91097748
-171,21259675;3,67336035;0,91097748
-171,04875675;3,76293230;0,45625171
-170,88491675;3,76293230;0,45625171
-170,72107675;3,80779433;0,00305185
-170,55723675;3,76293230;0,91097748
-170,39339675;3,76293230;0,45625171
-170,22955675;3,71807003;0,45625171
-170,06571675;3,76293230;0,45625171
-169,90187675;3,76293230;0,91097748
-169,73803676;3,76293230;0,45625171
-169,57419676;3,71807003;0,45625171
-169,41035676;3,71807003;0,45625171
-169,24651676;3,71807003;0,45625171
-169,08267676;3,76293230;0,45625171
-168,91883676;3,76293230;0,91097748
-168,75499676;3,76293230;0,45625171
-168,59115676;3,71807003;0,45625171
-168,42731676;3,71807003;0,45625171
-168,26347676;3,71807003;0,45625171
-168,09963676;3,71807003;0,91097748
-167,93579677;3,76293230;0,45625171
-167,77195677;3,76293230;0,45625171
-167,60811677;3,67336035;0,00305185
-167,44427677;3,76293230;0,00305185
-167,28043677;3,76293230;0,45625171
-167,11659677;3,58378863;0,91097748
-166,95275677;3,76293230;0,45625171
-166,78891677;3,76293230;0,91097748
-166,62507677;3,76293230;0,45625171
-166,46123677;3,76293230;0,91097748
-166,29739678;3,76293230;0,91097748
-166,13355678;3,76293230;0,45625171
-165,96971678;3,76293230;0,45625171
-165,80587678;3,76293230;0,45625171
-165,64203678;3,76293230;0,45625171
-165,47819678;3,76293230;0,45625171
-165,31435678;3,76293230;0,45625171
-165,15051678;3,76293230;0,45625171
-164,98667678;3,76293230;0,91097748
-164,82283678;3,76293230;0,00305185
-164,65899679;3,76293230;0,45625171
-164,49515679;3,76293230;0,45625171
-164,33131679;3,71807003;0,45625171
-164,16747679;3,76293230;0,91097748
-164,00363679;3,76293230;0,45625171
-163,83979679;3,71807003;0,45625171
-163,67595679;3,71807003;0,45625171
-163,51211679;3,76293230;0,45625171
-163,34827679;3,71807003;0,45625171
-163,18443679;3,76293230;0,45625171
-163,02059680;3,71807003;0,45625171
-162,85675680;3,76293230;0,91097748
-162,69291680;3,67336035;0,45625171
-162,52907680;3,71807003;0,45625171
-162,36523680;3,71807003;0,45625171
-162,20139680;3,62849808;0,91097748
-162,03755680;3,71807003;0,45625171
-161,87371680;3,76293230;0,45625171
-161,70987680;3,62849808;1,36570334
-161,54603680;3,76293230;0,45625171
-161,38219681;3,76293230;0,45625171
-161,21835681;3,76293230;0,45625171
-161,05451681;3,71807003;0,91097748
-160,89067681;3,71807003;0,45625171
-160,72683681;3,67336035;0,00305185
-160,56299681;3,71807003;0,45625171
-160,39915681;3,76293230;0,00305185
-160,23531681;3,76293230;0,00305185
-160,07147681;3,76293230;0,00305185
-159,90763681;3,76293230;0,45625171
-159,74379682;3,76293230;0,00305185
-159,57995682;3,71807003;0,45625171
-159,41611682;3,76293230;0,45625171
-159,25227682;3,76293230;0,45625171
-159,08843682;3,76293230;0,45625171
-158,92459682;3,76293230;0,45625171
-158,76075682;3,76293230;0,00305185
-158,59691682;3,71807003;0,00305185
-158,43307682;3,76293230;0,45625171
-158,26923682;3,76293230;0,45625171
-158,10539683;3,76293230;0,00305185
-157,94155683;3,76293230;0,45625171
-157,77771683;3,76293230;0,45625171
-157,61387683;3,67336035;0,91097748
-157,45003683;3,71807003;0,45625171
-157,28619683;3,71807003;0,45625171
-157,12235683;3,76293230;0,45625171
-156,95851683;3,76293230;0,45625171
-156,79467683;3,76293230;0,45625171
-156,63083683;3,76293230;0,45625171
-156,46699684;3,76293230;0,45625171
-156,30315684;3,71807003;0,91097748
-156,13931684;3,71807003;0,45625171
-155,97547684;3,76293230;0,45625171
-155,81163684;3,67336035;0,45625171
-155,64779684;3,76293230;0,45625171
-155,48395684;3,76293230;0,45625171
-155,32011684;3,71807003;0,45625171
-155,15627684;3,76293230;0,45625171
-154,99243684;3,76293230;0,45625171
-154,82859685;3,76293230;0,45625171
-154,66475685;3,76293230;0,00305185
-154,50091685;3,76293230;0,00305185
-154,33707685;3,71807003;0,45625171
-154,17323685;3,71807003;0,45625171
-154,00939685;3,71807003;0,45625171
-153,84555685;3,76293230;0,45625171
-153,68171685;3,76293230;0,91097748
-153,51787685;3,71807003;0,45625171
-153,35403685;3,76293230;0,45625171
-153,19019686;3,80779433;1,36570334
-153,02635686;3,71807003;0,45625171
-152,86251686;3,76293230;0,45625171
-152,69867686;3,80779433;0,45625171
-152,53483686;3,76293230;0,45625171
-152,37099686;3,71807003;0,91097748
-152,20715686;3,76293230;0,00305185
-152,04331686;3,71807003;0,91097748
-151,87947686;3,71807003;0,45625171
-151,71563686;3,76293230;0,45625171
-151,55179687;3,76293230;0,00305185
-151,38795687;3,76293230;0,00305185
-151,22411687;3,71807003;0,45625171
-151,06027687;3,76293230;0,91097748
-150,89643687;3,76293230;0,45625171
-150,73259687;3,76293230;0,45625171
-150,56875687;3,71807003;0,45625171
-150,40491687;3,76293230;0,00305185
-150,24107687;3,76293230;0,91097748
-150,07723687;3,71807003;0,45625171
-149,91339688;3,76293230;0,45625171
-149,74955688;3,76293230;0,45625171
-149,58571688;3,76293230;0,45625171
-149,42187688;3,76293230;0,45625171
-149,25803688;3,76293230;0,45625171
-149,09419688;3,76293230;0,00305185
-148,93035688;3,76293230;0,45625171
-148,76651688;3,71807003;0,00305185
-148,60267688;3,71807003;0,45625171
-148,43883688;3,76293230;0,45625171
-148,27499689;3,76293230;0,45625171
-148,11115689;3,71807003;0,45625171
-147,94731689;3,76293230;0,45625171
-147,78347689;3,76293230;0,45625171
-147,61963689;3,76293230;0,91097748
-147,45579689;3,76293230;0,45625171
-147,29195689;3,76293230;0,91097748
-147,12811689;3,62849808;0,91097748
-146,96427689;3,76293230;0,91097748
-146,80043689;3,71807003;0,45625171
-146,63659690;3,76293230;0,00305185
-146,47275690;3,71807003;0,91097748
-146,30891690;3,71807003;0,45625171
-146,14507690;3,71807003;0,45625171
-145,98123690;3,76293230;0,45625171
-145,81739690;3,71807003;0,45625171
-145,65355690;3,76293230;0,00305185
-145,48971690;3,71807003;0,45625171
-145,32587690;3,71807003;0,91097748
-145,16203690;3,76293230;0,45625171
-144,99819691;3,76293230;0,45625171
-144,83435691;3,71807003;0,45625171
-144,67051691;3,71807003;0,45625171
-144,50667691;3,76293230;0,45625171
-144,34283691;3,71807003;0,45625171
-144,17899691;3,58378863;0,00305185
-144,01515691;3,76293230;0,45625171
-143,85131691;3,76293230;0,45625171
-143,68747691;3,76293230;0,00305185
-143,52363691;3,71807003;0,45625171
-143,35979692;3,71807003;0,45625171
-143,19595692;3,67336035;0,91097748
-143,03211692;3,76293230;0,45625171
-142,86827692;3,76293230;0,00305185
-142,70443692;3,76293230;0,45625171
-142,54059692;3,76293230;0,45625171
-142,37675692;3,71807003;0,00305185
-142,21291692;3,76293230;0,00305185
-142,04907692;3,76293230;0,00305185
-141,88523692;3,76293230;0,91097748
-141,72139693;3,71807003;0,00305185
-141,55755693;3,67336035;0,45625171
-141,39371693;3,76293230;0,91097748
-141,22987693;3,76293230;0,45625171
-141,06603693;3,76293230;0,00305185
-140,90219693;3,71807003;0,45625171
-140,73835693;3,76293230;0,45625171
-140,57451693;3,76293230;0,00305185
-140,41067693;3,76293230;0,45625171
-140,24683693;3,76293230;0,00305185
-140,08299694;3,80779433;0,00305185
-139,91915694;3,76293230;0,45625171
-139,75531694;3,76293230;0,45625171
-139,59147694;3,76293230;0,45625171
-139,42763694;3,76293230;0,45625171
-139,26379694;3,71807003;0,91097748
-139,09995694;3,76293230;0,45625171
-138,93611694;3,76293230;0,00305185
-138,77227694;3,71807003;0,45625171
-138,60843694;3,76293230;0,45625171
-138,44459695;3,71807003;0,45625171
-138,28075695;3,67336035;0,00305185
-138,11691695;3,76293230;0,91097748
-137,95307695;3,76293230;0,91097748
-137,78923695;3,76293230;0,45625171
-137,62539695;3,76293230;0,00305185
-137,46155695;3,71807003;0,45625171
-137,29771695;3,76293230;0,45625171
-137,13387695;3,71807003;0,45625171
-136,97003695;3,76293230;0,91097748
-136,80619696;3,76293230;0,45625171
-136,64235696;3,76293230;0,45625171
-136,47851696;3,76293230;0,45625171
-136,31467696;3,76293230;0,45625171
-136,15083696;3,76293230;0,45625171
-135,98699696;3,71807003;0,91097748
-135,82315696;3,76293230;0,45625171
-135,65931696;3,67336035;0,91097748
-135,49547696;3,76293230;0,45625171
-135,33163696;3,76293230;0,45625171
-135,16779697;3,76293230;1,36570334
-135,00395697;3,71807003;0,45625171
-134,84011697;3,76293230;0,00305185
-134,67627697;3,71807003;0,00305185
-134,51243697;3,76293230;0,91097748
-134,34859697;3,76293230;0,91097748
-134,18475697;3,76293230;0,45625171
-134,02091697;3,76293230;0,91097748
-133,85707697;3,76293230;0,45625171
-133,69323697;3,71807003;0,45625171
-133,52939698;3,76293230;0,91097748
-133,36555698;3,76293230;0,00305185
-133,20171698;3,76293230;0,45625171
-133,03787698;3,76293230;0,45625171
-132,87403698;3,76293230;0,45625171
-132,71019698;3,71807003;0,45625171
-132,54635698;3,71807003;0,91097748
-132,38251698;3,71807003;0,45625171
-132,21867698;3,76293230;0,91097748
-132,05483698;3,76293230;0,91097748
-131,89099699;3,71807003;0,91097748
-131,72715699;3,76293230;0,91097748
-131,56331699;3,76293230;0,91097748
-131,39947699;3,76293230;0,45625171
-131,23563699;3,67336035;0,45625171
-131,07179699;3,67336035;0,00305185
-130,90795699;3,76293230;0,00305185
-130,74411699;3,76293230;0,45625171
-130,58027699;3,76293230;0,45625171
-130,41643699;3,76293230;0,45625171
-130,25259699;3,76293230;0,00305185
-130,08875700;3,76293230;0,45625171
-129,92491700;3,76293230;0,00305185
-129,76107700;3,76293230;0,91097748
-129,59723700;3,76293230;0,45625171
-129,43339700;3,76293230;0,45625171
-129,26955700;3,71807003;0,45625171
-129,10571700;3,71807003;0,45625171
-128,94187700;3,76293230;0,45625171
-128,77803700;3,71807003;0,91097748
-128,61419700;3,71807003;0,45625171
-128,45035701;3,76293230;0,00305185
-128,28651701;3,76293230;0,45625171
-128,12267701;3,71807003;0,00305185
-127,95883701;3,76293230;0,00305185
-127,79499701;3,71807003;0,00305185
-127,63115701;3,76293230;0,91097748
-127,46731701;3,76293230;0,45625171
-127,30347701;3,71807003;0,45625171
-127,13963701;3,71807003;0,91097748
-126,97579701;3,76293230;0,45625171
-126,81195702;3,76293230;0,45625171
-126,64811702;3,89736629;0,00305185
-126,48427702;3,71807003;0,45625171
-126,32043702;3,71807003;0,45625171
-126,15659702;3,71807003;0,91097748
-125,99275702;3,76293230;0,45625171
-125,82891702;3,76293230;0,45625171
-125,66507702;3,76293230;0,00305185
-125,50123702;3,71807003;0,45625171
-125,33739702;3,71807003;0,45625171
-125,17355703;3,76293230;0,45625171
-125,00971703;3,76293230;0,91097748
-124,84587703;3,76293230;0,45625171
-124,68203703;3,76293230;0,45625171
-124,51819703;3,71807003;0,91097748
-124,35435703;3,76293230;0,91097748
-124,19051703;3,76293230;0,00305185
-124,02667703;3,71807003;0,45625171
-123,86283703;3,76293230;0,45625171
-123,69899703;3,76293230;0,45625171
-123,53515704;3,76293230;0,45625171
-123,37131704;3,76293230;0,45625171
-123,20747704;3,76293230;0,45625171
-123,04363704;3,71807003;0,91097748
-122,87979704;3,71807003;0,91097748
-122,71595704;3,76293230;0,45625171
-122,55211704;3,76293230;0,91097748
-122,38827704;3,71807003;0,45625171
-122,22443704;3,76293230;0,45625171
-122,06059704;3,76293230;0,00305185
-121,89675705;3,76293230;0,91097748
-121,73291705;3,76293230;0,45625171
-121,56907705;3,76293230;0,45625171
-121,40523705;3,71807003;0,45625171
-121,24139705;3,71807003;0,45625171
-121,07755705;3,76293230;0,91097748
-120,91371705;3,71807003;0,45625171
-120,74987705;3,76293230;0,45625171
-120,58603705;3,76293230;0,45625171
-120,42219705;3,76293230;0,91097748
-120,25835706;3,76293230;0,45625171
-120,09451706;3,76293230;0,45625171
-119,93067706;3,76293230;0,91097748
-119,76683706;3,76293230;0,45625171
-119,60299706;3,76293230;0,00305185
-119,43915706;3,76293230;0,45625171
-119,27531706;3,71807003;0,45625171
-119,11147706;3,80779433;1,36570334
-118,94763706;3,76293230;0,45625171
-118,78379706;3,76293230;0,45625171
-118,61995707;3,76293230;0,45625171
-118,45611707;3,76293230;0,91097748
-118,29227707;3,76293230;0,91097748
-118,12843707;3,71807003;0,91097748
-117,96459707;3,76293230;0,45625171
-117,80075707;3,76293230;0,45625171
-117,63691707;3,76293230;0,45625171
-117,47307707;3,76293230;0,45625171
-117,30923707;3,76293230;0,91097748
-117,14539707;3,76293230;0,45625171
-116,98155708;3,76293230;0,45625171
-116,81771708;3,71807003;0,45625171
-116,65387708;3,76293230;0,45625171
-116,49003708;3,76293230;0,91097748
-116,32619708;3,76293230;0,45625171
-116,16235708;3,76293230;0,45625171
-115,99851708;3,76293230;0,45625171
-115,83467708;3,71807003;0,45625171
-115,67083708;3,76293230;0,45625171
-115,50699708;3,76293230;0,45625171
-115,34315709;3,76293230;0,45625171
-115,17931709;3,76293230;0,91097748
-115,01547709;3,71807003;0,45625171
-114,85163709;3,76293230;0,45625171
-114,68779709;3,71807003;0,45625171
-114,52395709;3,76293230;0,45625171
-114,36011709;3,76293230;0,45625171
-114,19627709;3,76293230;0,45625171
-114,03243709;3,71807003;0,45625171
-113,86859709;3,76293230;0,91097748
-113,70475710;3,71807003;0,91097748
-113,54091710;3,76293230;0,00305185
-113,37707710;3,76293230;0,45625171
-113,21323710;3,76293230;0,45625171
-113,04939710;3,71807003;0,00305185
-112,88555710;3,76293230;0,45625171
-112,72171710;3,76293230;0,45625171
-112,55787710;3,76293230;0,00305185
-112,39403710;3,76293230;0,45625171
-112,23019710;3,76293230;0,45625171
-112,06635711;3,85250401;0,91097748
-111,90251711;3,76293230;0,91097748
-111,73867711;3,76293230;0,45625171
-111,57483711;3,76293230;0,91097748
-111,41099711;3,76293230;0,45625171
-111,24715711;3,71807003;0,00305185
-111,08331711;3,76293230;0,45625171
-110,91947711;3,71807003;0,45625171
-110,75563711;3,76293230;0,00305185
-110,59179711;3,76293230;0,45625171
-110,42795712;3,76293230;0,00305185
-110,26411712;3,76293230;0,45625171
-110,10027712;3,71807003;0,45625171
-109,93643712;3,85250401;0,00305185
-109,77259712;3,71807003;0,00305185
-109,60875712;3,71807003;0,45625171
-109,44491712;3,76293230;-0,45167392
-109,28107712;3,76293230;0,00305185
-109,11723712;3,76293230;0,45625171
-108,95339712;3,76293230;0,45625171
-108,78955713;3,76293230;0,91097748
-108,62571713;3,76293230;0,00305185
-108,46187713;3,71807003;0,45625171
-108,29803713;3,71807003;0,45625171
-108,13419713;3,76293230;0,45625171
-107,97035713;3,71807003;0,45625171
-107,80651713;3,76293230;0,91097748
-107,64267713;3,71807003;0,45625171
-107,47883713;3,76293230;0,45625171
-107,31499713;3,76293230;0,45625171
-107,15115714;3,76293230;0,45625171
-106,98731714;3,71807003;0,45625171
-106,82347714;3,71807003;0,00305185
-106,65963714;3,71807003;0,00305185
-106,49579714;3,76293230;0,00305185
-106,33195714;3,76293230;0,45625171
-106,16811714;3,71807003;0,45625171
-106,00427714;3,76293230;0,00305185
-105,84043714;3,76293230;0,00305185
-105,67659714;3,76293230;0,00305185
-105,51275715;3,71807003;0,45625171
-105,34891715;3,71807003;0,45625171
-105,18507715;3,76293230;0,45625171
-105,02123715;3,49406409;1,36570334
-104,85739715;3,76293230;0,45625171
-104,69355715;3,71807003;0,45625171
-104,52971715;3,76293230;0,45625171
-104,36587715;3,76293230;0,00305185
-104,20203715;3,76293230;0,45625171
-104,03819715;3,71807003;0,45625171
-103,87435716;3,76293230;0,00305185
-103,71051716;3,71807003;0,91097748
-103,54667716;3,76293230;0,00305185
-103,38283716;3,76293230;0,00305185
-103,21899716;3,76293230;0,00305185
-103,05515716;3,76293230;0,45625171
-102,89131716;3,58378863;0,91097748
-102,72747716;3,76293230;0,00305185
-102,56363716;3,71807003;0,00305185
-102,39979716;3,76293230;0,00305185
-102,23595717;3,76293230;0,00305185
-102,07211717;3,76293230;0,00305185
-101,90827717;3,76293230;0,00305185
-101,74443717;3,76293230;0,00305185
-101,58059717;3,76293230;0,45625171
-101,41675717;3,58378863;0,00305185
-101,25291717;3,76293230;0,45625171
-101,08907717;3,76293230;0,00305185
-100,92523717;3,76293230;0,45625171
-100,76139717;3,71807003;0,45625171
-100,59755718;3,76293230;0,45625171
-100,43371718;3,71807003;0,00305185
-100,26987718;3,76293230;0,00305185
-100,10603718;3,71807003;0,00305185
-99,94219718;3,71807003;0,45625171
-99,77835718;3,76293230;0,00305185
-99,61451718;3,71807003;0,00305185
-99,45067718;3,76293230;0,00305185
-99,28683718;3,76293230;0,00305185
-99,12299718;3,76293230;0,00305185
-98,95915719;3,76293230;0,00305185
-98,79531719;3,71807003;0,00305185
-98,63147719;3,76293230;0,00305185
-98,46763719;3,76293230;0,00305185
-98,30379719;3,76293230;0,00305185
-98,13995719;3,76293230;0,00305185
-97,97611719;3,76293230;-0,45167392
-97,81227719;3,76293230;0,00305185
-97,64843719;3,71807003;0,00305185
-97,48459719;3,71807003;0,00305185
-97,32075720;3,71807003;0,00305185
-97,15691720;3,76293230;0,00305185
-96,99307720;3,71807003;0,00305185
-96,82923720;3,76293230;0,00305185
-96,66539720;3,76293230;0,00305185
-96,50155720;3,76293230;0,00305185
-96,33771720;3,76293230;0,00305185
-96,17387720;3,76293230;0,00305185
-96,01003720;3,71807003;0,00305185
-95,84619720;3,76293230;0,00305185
-95,68235721;3,76293230;0,00305185
-95,51851721;3,76293230;0,00305185
-95,35467721;3,76293230;0,00305185
-95,19083721;3,71807003;0,00305185
-95,02699721;3,71807003;0,00305185
-94,86315721;3,76293230;0,00305185
-94,69931721;3,76293230;0,00305185
-94,53547721;3,76293230;0,00305185
-94,37163721;3,76293230;0,00305185
-94,20779721;3,76293230;0,00305185
-94,04395722;3,76293230;0,00305185
-93,88011722;3,76293230;0,00305185
-93,71627722;3,76293230;0,00305185
-93,55243722;3,76293230;0,00305185
-93,38859722;3,76293230;0,00305185
-93,22475722;3,76293230;0,00305185
-93,06091722;3,71807003;0,00305185
-92,89707722;3,76293230;0,00305185
-92,73323722;3,76293230;0,00305185
-92,56939722;3,71807003;0,00305185
-92,40555722;3,67336035;0,00305185
-92,24171723;3,76293230;0,00305185
-92,07787723;3,71807003;0,00305185
-91,91403723;3,76293230;0,00305185
-91,75019723;3,71807003;0,00305185
-91,58635723;3,76293230;0,00305185
-91,42251723;3,67336035;0,00305185
-91,25867723;3,76293230;0,00305185
-91,09483723;3,76293230;0,00305185
-90,93099723;3,94207597;-0,45167392
-90,76715723;3,76293230;0,00305185
-90,60331724;3,76293230;0,00305185
-90,43947724;3,76293230;0,00305185
-90,27563724;3,71807003;0,00305185
-90,11179724;3,71807003;0,00305185
-89,94795724;3,71807003;0,00305185
-89,78411724;3,71807003;0,00305185
-89,62027724;3,71807003;0,00305185
-89,45643724;3,71807003;0,00305185
-89,29259724;3,71807003;0,45625171
-89,12875724;3,76293230;0,00305185
-88,96491725;3,76293230;0,00305185
-88,80107725;3,71807003;0,00305185
-88,63723725;3,76293230;0,00305185
-88,47339725;3,71807003;0,00305185
-88,30955725;3,67336035;0,45625171
-88,14571725;3,71807003;0,45625171
-87,98187725;3,71807003;0,00305185
-87,81803725;3,76293230;0,00305185
-87,65419725;3,71807003;0,00305185
-87,49035725;3,71807003;0,00305185
-87,32651726;3,76293230;0,00305185
-87,16267726;3,76293230;0,45625171
-86,99883726;3,76293230;0,00305185
-86,83499726;3,71807003;0,00305185
-86,67115726;3,76293230;0,00305185
-86,50731726;3,76293230;0,00305185
-86,34347726;3,71807003;0,45625171
-86,17963726;3,71807003;0,00305185
-86,01579726;3,71807003;0,00305185
-85,85195726;3,71807003;0,00305185
-85,68811727;3,76293230;0,00305185
-85,52427727;3,71807003;0,00305185
-85,36043727;3,71807003;0,45625171
-85,19659727;3,71807003;0,00305185
-85,03275727;3,76293230;0,00305185
-84,86891727;3,71807003;0,45625171
-84,70507727;3,71807003;0,00305185
-84,54123727;3,76293230;0,00305185
-84,37739727;3,76293230;0,00305185
-84,21355727;3,71807003;0,00305185
-84,04971728;3,76293230;0,45625171
-83,88587728;3,67336035;1,82042897
-83,72203728;3,76293230;0,00305185
-83,55819728;3,76293230;0,45625171
-83,39435728;3,76293230;0,00305185
-83,23051728;3,76293230;0,45625171
-83,06667728;3,76293230;0,45625171
-82,90283728;3,76293230;0,45625171
-82,73899728;3,76293230;0,00305185
-82,57515728;3,76293230;0,45625171
-82,41131729;3,76293230;0,45625171
-82,24747729;3,76293230;0,45625171
-82,08363729;3,71807003;0,45625171
-81,91979729;3,76293230;0,00305185
-81,75595729;3,76293230;0,00305185
-81,59211729;3,76293230;0,45625171
-81,42827729;3,76293230;0,45625171
-81,26443729;3,89736629;0,00305185
-81,10059729;3,71807003;0,00305185
-80,93675729;3,76293230;0,45625171
-80,77291730;3,71807003;0,45625171
-80,60907730;3,76293230;0,00305185
-80,44523730;3,71807003;0,45625171
-80,28139730;3,71807003;0,45625171
-80,11755730;3,76293230;0,45625171
-79,95371730;3,76293230;0,45625171
-79,78987730;3,71807003;0,00305185
-79,62603730;3,76293230;0,00305185
-79,46219730;3,76293230;0,45625171
-79,29835730;3,71807003;0,00305185
-79,13451731;3,71807003;0,45625171
-78,97067731;3,76293230;0,00305185
-78,80683731;3,76293230;0,45625171
-78,64299731;3,71807003;0,00305185
-78,47915731;3,71807003;0,00305185
-78,31531731;3,76293230;0,45625171
-78,15147731;3,76293230;0,45625171
-77,98763731;3,71807003;0,00305185
-77,82379731;3,71807003;0,45625171
-77,65995731;3,76293230;0,45625171
-77,49611732;3,76293230;0,00305185
-77,33227732;3,76293230;0,91097748
-77,16843732;3,76293230;0,00305185
-77,00459732;3,71807003;0,45625171
-76,84075732;3,85250401;0,45625171
-76,67691732;3,71807003;0,00305185
-76,51307732;3,76293230;0,00305185
-76,34923732;3,76293230;0,45625171
-76,18539732;3,71807003;0,45625171
-76,02155732;3,76293230;0,45625171
-75,85771733;3,76293230;0,45625171
-75,69387733;3,76293230;0,00305185
-75,53003733;3,76293230;0,45625171
-75,36619733;3,76293230;0,00305185
-75,20235733;3,71807003;0,00305185
-75,03851733;3,76293230;0,45625171
-74,87467733;3,71807003;0,45625171
-74,71083733;3,76293230;0,00305185
-74,54699733;3,76293230;0,00305185
-74,38315733;3,76293230;0,45625171
-74,21931734;3,62849808;0,91097748
-74,05547734;3,71807003;0,45625171
-73,89163734;3,76293230;0,45625171
-73,72779734;3,76293230;0,45625171
-73,56395734;3,76293230;0,45625171
-73,40011734;3,76293230;0,45625171
-73,23627734;3,76293230;0,91097748
-73,07243734;3,76293230;0,45625171
-72,90859734;3,71807003;0,91097748
-72,74475734;3,76293230;0,45625171
-72,58091735;3,76293230;0,45625171
-72,41707735;3,71807003;0,45625171
-72,25323735;3,71807003;0,45625171
-72,08939735;3,76293230;0,45625171
-71,92555735;3,80779433;0,00305185
-71,76171735;3,71807003;0,45625171
-71,59787735;3,71807003;0,45625171
-71,43403735;3,76293230;0,45625171
-71,27019735;3,67336035;0,45625171
-71,10635735;3,76293230;0,91097748
-70,94251736;3,71807003;0,45625171
-70,77867736;3,67336035;0,91097748
-70,61483736;3,71807003;0,45625171
-70,45099736;3,76293230;0,00305185
-70,28715736;3,71807003;0,45625171
-70,12331736;3,76293230;0,45625171
-69,95947736;3,76293230;0,45625171
-69,79563736;3,80779433;0,00305185
-69,63179736;3,76293230;0,45625171
-69,46795736;3,76293230;0,91097748
-69,30411737;3,76293230;0,91097748
-69,14027737;3,71807003;0,45625171
-68,97643737;3,76293230;0,45625171
-68,81259737;3,71807003;0,45625171
-68,64875737;3,76293230;0,45625171
-68,48491737;3,71807003;0,45625171
-68,32107737;3,76293230;0,45625171
-68,15723737;3,76293230;0,45625171
-67,99339737;3,76293230;0,45625171
-67,82955737;3,71807003;0,45625171
-67,66571738;3,80779433;0,00305185
-67,50187738;3,76293230;0,91097748
-67,33803738;3,76293230;0,91097748
-67,17419738;3,85250401;1,36570334
-67,01035738;3,76293230;0,45625171
-66,84651738;3,76293230;0,91097748
-66,68267738;3,76293230;0,45625171
-66,51883738;3,71807003;0,91097748
-66,35499738;3,76293230;0,45625171
-66,19115738;3,76293230;0,45625171
-66,02731739;3,76293230;0,45625171
-65,86347739;3,76293230;0,45625171
-65,69963739;3,76293230;0,00305185
-65,53579739;3,76293230;0,91097748
-65,37195739;3,76293230;0,45625171
-65,20811739;3,71807003;0,45625171
-65,04427739;3,76293230;0,00305185
-64,88043739;3,76293230;0,45625171
-64,71659739;3,71807003;0,45625171
-64,55275739;3,76293230;0,00305185
-64,38891740;3,76293230;0,00305185
-64,22507740;3,76293230;0,45625171
-64,06123740;3,71807003;0,45625171
-63,89739740;3,76293230;0,45625171
-63,73355740;3,71807003;0,45625171
-63,56971740;3,71807003;0,45625171
-63,40587740;3,76293230;0,00305185
-63,24203740;3,76293230;0,45625171
-63,07819740;3,76293230;0,00305185
-62,91435740;3,76293230;0,45625171
-62,75051741;3,76293230;1,82042897
-62,58667741;3,71807003;0,45625171
-62,42283741;3,71807003;0,45625171
-62,25899741;3,76293230;0,00305185
-62,09515741;3,76293230;0,00305185
-61,93131741;3,76293230;0,45625171
-61,76747741;3,71807003;0,00305185
-61,60363741;3,76293230;0,45625171
-61,43979741;3,71807003;0,45625171
-61,27595741;3,71807003;0,00305185
-61,11211742;3,76293230;0,45625171
-60,94827742;3,76293230;0,00305185
-60,78443742;3,71807003;0,45625171
-60,62059742;3,71807003;0,91097748
-60,45675742;3,76293230;0,00305185
-60,29291742;3,76293230;0,00305185
-60,12907742;3,76293230;0,00305185
-59,96523742;3,71807003;0,00305185
-59,80139742;3,76293230;0,00305185
-59,63755742;3,94207597;0,00305185
-59,47371743;3,76293230;0,45625171
-59,30987743;3,71807003;0,00305185
-59,14603743;3,71807003;0,45625171
-58,98219743;3,71807003;0,45625171
-58,81835743;3,76293230;0,00305185
-58,65451743;3,71807003;0,91097748
-58,49067743;3,76293230;0,00305185
-58,32683743;3,76293230;0,00305185
-58,16299743;3,71807003;0,45625171
-57,99915743;3,76293230;0,00305185
-57,83531744;3,76293230;0,00305185
-57,67147744;3,76293230;0,45625171
-57,50763744;3,76293230;0,00305185
-57,34379744;3,76293230;0,00305185
-57,17995744;3,76293230;0,00305185
-57,01611744;3,71807003;0,00305185
-56,85227744;3,71807003;0,00305185
-56,68843744;3,76293230;0,00305185
-56,52459744;3,76293230;0,00305185
-56,36075744;3,71807003;0,00305185
-56,19691745;3,76293230;0,45625171
-56,03307745;3,76293230;0,00305185
-55,86923745;3,71807003;0,00305185
-55,70539745;3,85250401;0,45625171
-55,54155745;3,76293230;0,00305185
-55,37771745;3,76293230;0,00305185
-55,21387745;3,76293230;0,00305185
-55,05003745;3,76293230;0,45625171
-54,88619745;3,76293230;0,45625171
-54,72235745;3,76293230;0,00305185
-54,55851746;3,76293230;0,00305185
-54,39467746;3,76293230;0,00305185
-54,23083746;3,71807003;0,00305185
-54,06699746;3,76293230;0,45625171
-53,90315746;3,71807003;0,00305185
-53,73931746;3,76293230;0,45625171
-53,57547746;3,71807003;0,45625171
-53,41163746;3,76293230;0,00305185
-53,24779746;3,71807003;0,45625171
-53,08395746;3,71807003;0,45625171
-52,92011746;3,71807003;0,00305185
-52,75627747;3,76293230;0,45625171
-52,59243747;3,76293230;0,00305185
-52,42859747;3,71807003;0,45625171
-52,26475747;3,76293230;0,00305185
-52,10091747;3,71807003;0,45625171
-51,93707747;3,76293230;0,45625171
-51,77323747;3,71807003;0,45625171
-51,60939747;3,76293230;0,45625171
-51,44555747;3,71807003;0,45625171
-51,28171747;3,71807003;0,00305185
-51,11787748;3,67336035;0,00305185
-50,95403748;3,71807003;0,45625171
-50,79019748;3,71807003;0,00305185
-50,62635748;3,76293230;0,45625171
-50,46251748;3,76293230;0,00305185
-50,29867748;3,76293230;0,45625171
-50,13483748;3,71807003;0,45625171
-49,97099748;3,76293230;0,00305185
-49,80715748;3,76293230;0,45625171
-49,64331748;3,76293230;0,45625171
-49,47947749;3,71807003;0,00305185
-49,31563749;3,71807003;0,45625171
-49,15179749;3,71807003;0,45625171
-48,98795749;3,76293230;0,45625171
-48,82411749;3,76293230;0,45625171
-48,66027749;3,67336035;1,82042897
-48,49643749;3,76293230;0,45625171
-48,33259749;3,71807003;0,45625171
-48,16875749;3,76293230;0,00305185
-48,00491749;3,71807003;0,45625171
-47,84107750;3,71807003;0,45625171
-47,67723750;3,71807003;0,45625171
-47,51339750;3,71807003;0,00305185
-47,34955750;3,76293230;0,45625171
-47,18571750;3,76293230;0,00305185
-47,02187750;3,76293230;0,45625171
-46,85803750;3,76293230;0,45625171
-46,69419750;3,71807003;0,45625171
-46,53035750;3,76293230;0,45625171
-46,36651750;3,71807003;0,00305185
-46,20267751;3,76293230;0,45625171
-46,03883751;3,76293230;0,00305185
-45,87499751;3,71807003;0,45625171
-45,71115751;3,76293230;0,45625171
-45,54731751;3,71807003;0,45625171
-45,38347751;3,76293230;0,00305185
-45,21963751;3,71807003;0,45625171
-45,05579751;3,76293230;0,00305185
-44,89195751;3,76293230;0,00305185
-44,72811751;3,71807003;0,00305185
-44,56427752;3,76293230;0,45625171
-44,40043752;3,76293230;0,00305185
-44,23659752;3,76293230;0,00305185
-44,07275752;3,71807003;0,45625171
-43,90891752;3,76293230;0,45625171
-43,74507752;3,76293230;0,00305185
-43,58123752;3,67336035;0,45625171
-43,41739752;3,76293230;0,45625171
-43,25355752;3,76293230;0,45625171
-43,08971752;3,76293230;0,91097748
-42,92587753;3,76293230;0,45625171
-42,76203753;3,71807003;0,45625171
-42,59819753;3,76293230;0,45625171
-42,43435753;3,71807003;0,45625171
-42,27051753;3,76293230;0,45625171
-42,10667753;3,76293230;0,45625171
-41,94283753;3,76293230;0,45625171
-41,77899753;3,76293230;0,45625171
-41,61515753;3,67336035;-0,45167392
-41,45131753;3,76293230;0,45625171
-41,28747754;3,76293230;0,45625171
-41,12363754;3,71807003;0,45625171
-40,95979754;3,71807003;0,45625171
-40,79595754;3,71807003;0,45625171
-40,63211754;3,76293230;0,45625171
-40,46827754;3,76293230;0,00305185
-40,30443754;3,76293230;0,91097748
-40,14059754;3,76293230;0,91097748
-39,97675754;3,80779433;0,00305185
-39,81291754;3,76293230;0,45625171
-39,64907755;3,76293230;0,91097748
-39,48523755;3,71807003;0,45625171
-39,32139755;3,76293230;0,91097748
-39,15755755;3,71807003;0,45625171
-38,99371755;3,76293230;0,45625171
-38,82987755;3,76293230;0,45625171
-38,66603755;3,76293230;0,91097748
-38,50219755;3,71807003;0,91097748
-38,33835755;3,71807003;0,45625171
-38,17451755;3,76293230;0,45625171
-38,01067756;3,67336035;0,45625171
-37,84683756;3,76293230;0,45625171
-37,68299756;3,76293230;0,45625171
-37,51915756;3,76293230;0,45625171
-37,35531756;3,76293230;0,45625171
-37,19147756;3,76293230;0,45625171
-37,02763756;3,76293230;0,45625171
-36,86379756;3,76293230;0,45625171
-36,69995756;3,71807003;0,00305185
-36,53611756;3,76293230;0,00305185
-36,37227757;3,76293230;0,45625171
-36,20843757;3,71807003;0,91097748
-36,04459757;3,76293230;0,45625171
-35,88075757;3,76293230;0,45625171
-35,71691757;3,76293230;0,45625171
-35,55307757;3,76293230;0,45625171
-35,38923757;3,71807003;0,45625171
-35,22539757;3,76293230;0,91097748
-35,06155757;3,76293230;0,91097748
-34,89771757;3,76293230;0,45625171
-34,73387758;3,76293230;0,91097748
-34,57003758;3,76293230;1,82042897
-34,40619758;3,71807003;0,91097748
-34,24235758;3,76293230;0,91097748
-34,07851758;3,76293230;0,45625171
-33,91467758;3,71807003;0,91097748
-33,75083758;3,76293230;0,00305185
-33,58699758;3,76293230;0,45625171
-33,42315758;3,76293230;0,45625171
-33,25931758;3,76293230;0,45625171
-33,09547759;3,76293230;0,45625171
-32,93163759;3,76293230;0,91097748
-32,76779759;3,76293230;0,45625171
-32,60395759;3,76293230;0,45625171
-32,44011759;3,71807003;0,45625171
-32,27627759;3,71807003;0,45625171
-32,11243759;3,76293230;0,45625171
-31,94859759;3,76293230;0,91097748
-31,78475759;3,76293230;0,45625171
-31,62091759;3,71807003;0,45625171
-31,45707760;3,76293230;0,45625171
-31,29323760;3,76293230;0,91097748
-31,12939760;3,71807003;0,45625171
-30,96555760;3,76293230;0,91097748
-30,80171760;3,71807003;0,45625171
-30,63787760;3,76293230;0,45625171
-30,47403760;3,76293230;0,45625171
-30,31019760;3,71807003;0,45625171
-30,14635760;3,71807003;0,45625171
-29,98251760;3,76293230;0,00305185
-29,81867761;3,76293230;0,45625171
-29,65483761;3,76293230;0,45625171
-29,49099761;3,76293230;0,45625171
-29,32715761;3,76293230;0,45625171
-29,16331761;3,71807003;0,45625171
-28,99947761;3,76293230;0,00305185
-28,83563761;3,71807003;0,00305185
-28,67179761;3,76293230;0,00305185
-28,50795761;3,71807003;0,45625171
-28,34411761;3,67336035;0,91097748
-28,18027762;3,71807003;0,91097748
-28,01643762;3,76293230;0,45625171
-27,85259762;3,71807003;0,45625171
-27,68875762;3,76293230;0,45625171
-27,52491762;3,76293230;0,00305185
-27,36107762;3,76293230;0,45625171
-27,19723762;3,71807003;0,00305185
-27,03339762;3,76293230;0,45625171
-26,86955762;3,76293230;0,45625171
-26,70571762;3,76293230;0,45625171
-26,54187763;3,76293230;0,45625171
-26,37803763;3,76293230;0,45625171
-26,21419763;3,71807003;0,00305185
-26,05035763;3,76293230;0,45625171
-25,88651763;3,76293230;0,00305185
-25,72267763;3,76293230;0,45625171
-25,55883763;3,71807003;0,00305185
-25,39499763;3,76293230;0,45625171
-25,23115763;3,71807003;0,45625171
-25,06731763;3,67336035;0,00305185
-24,90347764;3,89736629;0,00305185
-24,73963764;3,76293230;0,00305185
-24,57579764;3,71807003;0,45625171
-24,41195764;3,71807003;0,45625171
-24,24811764;3,76293230;0,45625171
-24,08427764;3,71807003;0,45625171
-23,92043764;3,71807003;0,45625171
-23,75659764;3,71807003;0,45625171
-23,59275764;3,71807003;0,00305185
-23,42891764;3,71807003;0,45625171
-23,26507765;3,76293230;0,45625171
-23,10123765;3,76293230;0,45625171
-22,93739765;3,71807003;0,45625171
-22,77355765;3,71807003;0,00305185
-22,60971765;3,71807003;0,45625171
-22,44587765;3,71807003;0,45625171
-22,28203765;3,76293230;0,45625171
-22,11819765;3,76293230;0,45625171
-21,95435765;3,76293230;0,45625171
-21,79051765;3,67336035;0,00305185
-21,62667766;3,71807003;0,91097748
-21,46283766;3,76293230;0,00305185
-21,29899766;3,76293230;0,45625171
-21,13515766;3,76293230;0,45625171
-20,97131766;3,71807003;0,45625171
-20,80747766;3,76293230;0,91097748
-20,64363766;3,76293230;0,91097748
-20,47979766;3,67336035;1,82042897
-20,31595766;3,76293230;0,45625171
-20,15211766;3,76293230;0,00305185
-19,98827767;3,76293230;0,45625171
-19,82443767;3,71807003;0,45625171
-19,66059767;3,71807003;0,45625171
-19,49675767;3,71807003;0,45625171
-19,33291767;3,76293230;0,45625171
-19,16907767;3,76293230;0,45625171
-19,00523767;3,76293230;0,91097748
-18,84139767;3,71807003;0,91097748
-18,67755767;3,76293230;0,45625171
-18,51371767;3,76293230;0,45625171
-18,34987768;3,76293230;0,91097748
-18,18603768;3,76293230;0,45625171
-18,02219768;3,76293230;0,45625171
-17,85835768;3,76293230;0,45625171
-17,69451768;3,76293230;0,45625171
-17,53067768;3,71807003;0,45625171
-17,36683768;3,71807003;0,45625171
-17,20299768;3,76293230;0,45625171
-17,03915768;3,76293230;0,45625171
-16,87531768;3,76293230;0,45625171
-16,71147769;3,71807003;0,45625171
-16,54763769;3,76293230;0,45625171
-16,38379769;3,76293230;0,45625171
-16,21995769;3,76293230;0,45625171
-16,05611769;3,76293230;0,45625171
-15,89227769;3,76293230;0,45625171
-15,72843769;3,76293230;0,45625171
-15,56459769;3,76293230;0,45625171
-15,40075769;3,71807003;0,45625171
-15,23691769;3,76293230;0,45625171
-15,07307769;3,76293230;0,45625171
-14,90923770;3,76293230;0,91097748
-14,74539770;3,71807003;0,91097748
-14,58155770;3,76293230;0,45625171
-14,41771770;3,76293230;0,00305185
-14,25387770;3,71807003;0,45625171
-14,09003770;3,76293230;0,45625171
-13,92619770;3,76293230;0,91097748
-13,76235770;3,71807003;0,45625171
-13,59851770;3,76293230;0,45625171
-13,43467770;3,62849808;0,00305185
-13,27083771;3,76293230;0,45625171
-13,10699771;3,76293230;0,45625171
-12,94315771;3,71807003;0,45625171
-12,77931771;3,76293230;0,45625171
-12,61547771;3,76293230;0,45625171
-12,45163771;3,71807003;0,45625171
-12,28779771;3,76293230;0,00305185
-12,12395771;3,71807003;0,45625171
-11,96011771;3,76293230;0,45625171
-11,79627771;3,76293230;0,00305185
-11,63243772;3,71807003;0,00305185
-11,46859772;3,76293230;0,00305185
-11,30475772;3,76293230;0,00305185
-11,14091772;3,76293230;0,00305185
-10,97707772;3,71807003;0,45625171
-10,81323772;3,80779433;0,45625171
-10,64939772;3,76293230;0,45625171
-10,48555772;3,76293230;0,45625171
-10,32171772;3,71807003;0,45625171
-10,15787772;3,71807003;0,45625171
-9,99403773;3,71807003;0,45625171
-9,83019773;3,76293230;0,45625171
-9,66635773;3,71807003;0,00305185
-9,50251773;3,76293230;0,45625171
-9,33867773;3,71807003;0,00305185
-9,17483773;3,71807003;0,45625171
-9,01099773;3,76293230;0,00305185
-8,84715773;3,76293230;0,45625171
-8,68331773;3,76293230;0,45625171
-8,51947773;3,71807003;0,45625171
-8,35563774;3,76293230;0,00305185
-8,19179774;3,76293230;0,45625171
-8,02795774;3,76293230;0,45625171
-7,86411774;3,76293230;0,45625171
-7,70027774;3,71807003;0,00305185
-7,53643774;3,76293230;0,45625171
-7,37259774;3,67336035;0,45625171
-7,20875774;3,71807003;0,91097748
-7,04491774;3,71807003;0,45625171
-6,88107774;3,76293230;0,91097748
-6,71723775;3,18048644;0,45625171
-6,55339775;3,13577676;0,00305185
-6,38955775;3,13577676;0,00305185
-6,22571775;3,13577676;0,45625171
-6,06187775;3,13577676;0,00305185
-5,89803775;3,13577676;0,91097748
-5,73419775;3,09091473;0,00305185
-5,57035775;3,13577676;0,45625171
-5,40651775;3,13577676;0,45625171
-5,24267775;3,13577676;0,91097748
-5,07883776;3,13577676;0,45625171
-4,91499776;3,13577676;0,45625171
-4,75115776;3,13577676;0,45625171
-4,58731776;3,13577676;0,45625171
-4,42347776;3,13577676;0,45625171
-4,25963776;3,13577676;0,00305185
-4,09579776;3,13577676;0,91097748
-3,93195776;3,09091473;0,45625171
-3,76811776;3,09091473;0,00305185
-3,60427776;3,09091473;0,45625171
-3,44043777;3,09091473;0,45625171
-3,27659777;3,13577676;0,45625171
-3,11275777;3,09091473;0,45625171
-2,94891777;3,09091473;0,45625171
-2,78507777;3,09091473;0,45625171
-2,62123777;3,13577676;0,91097748
-2,45739777;3,09091473;0,45625171
-2,29355777;3,09091473;0,00305185
-2,12971777;3,09091473;0,91097748
-1,96587777;3,09091473;0,45625171
-1,80203778;3,09091473;0,45625171
-1,63819778;3,09091473;0,45625171
-1,47435778;3,09091473;0,45625171
-1,31051778;3,09091473;0,00305185
-1,14667778;3,09091473;0,45625171
-0,98283778;3,09091473;0,45625171
-0,81899778;3,09091473;0,91097748
-0,65515778;3,09091473;0,45625171
-0,49131778;3,09091473;0,45625171
-0,32747778;3,09091473;0,45625171
-0,16363779;3,09091473;0,45625171
0,00020221;3,04620504;0,45625171
0,16404221;3,04620504;0,91097748
0,32788221;3,04620504;0,45625171
0,49172221;3,09091473;0,45625171
0,65556221;3,09091473;0,00305185
0,81940221;3,09091473;0,45625171
0,98324221;3,04620504;0,91097748
1,14708221;3,04620504;0,45625171
1,31092221;3,04620504;0,45625171
1,47476220;3,04620504;0,91097748
1,63860220;3,04620504;0,45625171
1,80244220;3,04620504;0,91097748
1,96628220;3,04620504;0,45625171
2,13012220;3,04620504;0,45625171
2,29396220;3,04620504;0,91097748
2,45780220;3,04620504;0,45625171
2,62164220;3,04620504;0,45625171
2,78548220;3,04620504;0,00305185
2,94932220;3,04620504;0,45625171
3,11316219;3,04620504;0,91097748
3,27700219;3,04620504;0,00305185
3,44084219;3,04620504;0,45625171
3,60468219;3,04620504;0,45625171
3,76852219;3,04620504;0,00305185
3,93236219;3,04620504;0,45625171
4,09620219;3,04620504;0,45625171
4,26004219;3,04620504;0,91097748
4,42388219;3,04620504;0,45625171
4,58772219;3,04620504;0,00305185
4,75156218;3,04620504;0,45625171
4,91540218;3,04620504;0,45625171
5,07924218;3,04620504;0,45625171
5,24308218;3,04620504;0,45625171
5,40692218;3,04620504;0,91097748
5,57076218;3,04620504;0,91097748
5,73460218;3,04620504;0,45625171
5,89844218;3,04620504;0,45625171
6,06228218;3,04620504;0,45625171
6,22612218;3,04620504;0,91097748
6,38996217;3,04620504;0,45625171
6,55380217;3,04620504;0,45625171
6,71764217;3,04620504;0,91097748
6,88148217;3,04620504;0,45625171
7,04532217;3,04620504;0,45625171
7,20916217;3,04620504;0,45625171
7,37300217;3,04620504;0,45625171
7,53684217;3,04620504;0,45625171
7,70068217;3,04620504;0,00305185
7,86452217;3,04620504;0,91097748
8,02836216;3,04620504;0,45625171
8,19220216;3,04620504;0,91097748
8,35604216;3,04620504;0,45625171
8,51988216;3,04620504;0,45625171
8,68372216;3,04620504;0,45625171
8,84756216;3,04620504;0,91097748
9,01140216;3,04620504;0,45625171
9,17524216;3,04620504;0,45625171
9,33908216;3,04620504;0,45625171
9,50292216;3,04620504;0,45625171
9,66676215;3,00134277;0,45625171
9,83060215;3,04620504;0,45625171
9,99444215;3,04620504;0,91097748
10,15828215;3,04620504;0,45625171
10,32212215;3,04620504;0,91097748
10,48596215;3,04620504;0,91097748
10,64980215;3,04620504;0,45625171
10,81364215;3,04620504;0,45625171
10,97748215;3,00134277;0,45625171
11,14132215;3,00134277;0,45625171
11,30516214;3,00134277;0,45625171
11,46900214;3,04620504;0,91097748
11,63284214;3,04620504;0,45625171
11,79668214;3,04620504;0,91097748
11,96052214;3,04620504;0,91097748
12,12436214;3,00134277;0,45625171
12,28820214;3,00134277;0,45625171
12,45204214;3,00134277;0,91097748
12,61588214;3,04620504;0,91097748
12,77972214;3,04620504;0,45625171
12,94356213;3,04620504;0,45625171
13,10740213;3,04620504;0,91097748
13,27124213;3,04620504;0,45625171
13,43508213;3,04620504;0,91097748
13,59892213;3,04620504;0,45625171
13,76276213;3,04620504;0,00305185
13,92660213;3,04620504;0,45625171
14,09044213;3,04620504;0,91097748
14,25428213;3,04620504;0,45625171
14,41812213;3,04620504;0,45625171
14,58196212;3,04620504;0,45625171
14,74580212;3,00134277;0,00305185
14,90964212;3,04620504;0,91097748
15,07348212;3,04620504;0,91097748
15,23732212;3,04620504;0,91097748
15,40116212;3,04620504;0,45625171
15,56500212;3,00134277;0,91097748
15,72884212;2,95648050;0,00305185
15,89268212;3,04620504;0,45625171
16,05652212;3,04620504;0,45625171
16,22036211;3,04620504;0,91097748
16,38420211;3,00134277;0,91097748
16,54804211;3,04620504;0,45625171
16,71188211;3,00134277;0,45625171
16,87572211;3,00134277;0,91097748
17,03956211;3,00134277;0,91097748
17,20340211;3,04620504;0,91097748
17,36724211;3,04620504;1,36570334
17,53108211;3,00134277;0,91097748
17,69492211;3,00134277;0,45625171
17,85876210;3,00134277;0,91097748
18,02260210;3,00134277;0,91097748
18,18644210;3,00134277;0,91097748
18,35028210;3,00134277;0,45625171
18,51412210;3,00134277;0,45625171
18,67796210;3,00134277;0,45625171
18,84180210;3,04620504;0,45625171
19,00564210;3,04620504;0,45625171
19,16948210;2,95648050;0,45625171
19,33332210;2,95648050;0,91097748
19,49716209;3,00134277;0,91097748
19,66100209;3,04620504;0,91097748
19,82484209;3,04620504;0,45625171
19,98868209;3,00134277;0,91097748
20,15252209;3,04620504;0,45625171
20,31636209;3,00134277;0,91097748
20,48020209;3,04620504;0,91097748
20,64404209;3,00134277;0,45625171
20,80788209;3,04620504;0,91097748
20,97172209;3,00134277;0,91097748
21,13556208;3,00134277;0,91097748
21,29940208;3,00134277;0,45625171
21,46324208;3,00134277;0,91097748
21,62708208;3,04620504;0,91097748
21,79092208;3,04620504;0,00305185
21,95476208;3,04620504;0,45625171
22,11860208;3,04620504;0,91097748
22,28244208;3,04620504;0,91097748
22,44628208;3,04620504;0,45625171
22,61012208;3,04620504;0,45625171
22,77396208;3,04620504;0,91097748
22,93780207;3,04620504;0,91097748
23,10164207;3,04620504;0,00305185
23,26548207;3,04620504;0,45625171
23,42932207;3,04620504;0,91097748
23,59316207;3,00134277;0,45625171
23,75700207;3,00134277;0,91097748
23,92084207;3,00134277;0,91097748
24,08468207;3,00134277;0,91097748
24,24852207;3,00134277;0,91097748
24,41236207;3,04620504;0,91097748
24,57620206;3,00134277;0,91097748
24,74004206;3,00134277;0,91097748
24,90388206;3,04620504;0,91097748
25,06772206;3,00134277;0,91097748
25,23156206;3,00134277;0,45625171
25,39540206;2,95648050;0,91097748
25,55924206;3,00134277;1,36570334
25,72308206;3,04620504;0,91097748
25,88692206;3,00134277;0,91097748
26,05076206;3,00134277;1,36570334
26,21460205;3,04620504;0,91097748
26,37844205;3,04620504;0,91097748
26,54228205;3,00134277;0,91097748
26,70612205;3,04620504;0,91097748
26,86996205;3,00134277;0,91097748
27,03380205;3,00134277;1,36570334
27,19764205;3,04620504;0,91097748
27,36148205;3,04620504;0,91097748
27,52532205;3,04620504;0,91097748
27,68916205;3,04620504;0,91097748
27,85300204;3,04620504;1,36570334
28,01684204;3,04620504;0,91097748
28,18068204;3,04620504;0,91097748
28,34452204;3,04620504;0,91097748
28,50836204;3,00134277;0,91097748
28,67220204;3,00134277;0,91097748
28,83604204;3,00134277;0,45625171
28,99988204;3,00134277;0,91097748
29,16372204;3,00134277;0,91097748
29,32756204;3,04620504;0,91097748
29,49140203;3,04620504;0,91097748
29,65524203;3,00134277;0,91097748
29,81908203;2,95648050;0,91097748
29,98292203;2,95648050;0,91097748
30,14676203;3,00134277;0,91097748
30,31060203;3,00134277;0,91097748
30,47444203;3,00134277;1,36570334
30,63828203;3,00134277;1,36570334
30,80212203;3,00134277;0,91097748
30,96596203;3,00134277;0,91097748
31,12980202;3,00134277;0,91097748
31,29364202;3,00134277;1,36570334
31,45748202;2,95648050;0,00305185
31,62132202;3,04620504;1,36570334
31,78516202;3,04620504;0,91097748
31,94900202;3,04620504;0,91097748
32,11284202;3,04620504;0,91097748
32,27668202;3,04620504;0,91097748
32,44052202;3,00134277;0,91097748
32,60436202;3,04620504;0,91097748
32,76820201;3,00134277;0,91097748
32,93204201;3,00134277;0,91097748
33,09588201;3,00134277;0,91097748
33,25972201;3,00134277;0,91097748
33,42356201;3,00134277;0,91097748
33,58740201;3,00134277;0,91097748
33,75124201;2,95648050;0,91097748
33,91508201;2,95648050;0,91097748
34,07892201;3,04620504;0,91097748
34,24276201;3,00134277;0,91097748
34,40660200;3,04620504;0,91097748
34,57044200;3,00134277;0,91097748
34,73428200;3,00134277;0,91097748
34,89812200;3,00134277;0,91097748
35,06196200;3,00134277;0,91097748
35,22580200;3,00134277;0,91097748
35,38964200;3,04620504;0,91097748
35,55348200;3,04620504;0,45625171
35,71732200;3,04620504;0,91097748
35,88116200;3,09091473;0,91097748
36,04500199;3,00134277;0,45625171
36,20884199;3,04620504;0,91097748
36,37268199;3,04620504;0,45625171
36,53652199;3,04620504;0,45625171
36,70036199;3,00134277;0,45625171
36,86420199;3,00134277;0,45625171
37,02804199;3,00134277;0,45625171
37,19188199;3,00134277;0,00305185
37,35572199;3,00134277;0,45625171
37,51956199;2,95648050;0,45625171
37,68340198;2,95648050;0,00305185
37,84724198;3,00134277;0,45625171
38,01108198;3,00134277;0,91097748
38,17492198;2,95648050;0,00305185
38,33876198;3,04620504;0,91097748
38,50260198;3,00134277;0,00305185
38,66644198;3,04620504;0,00305185
38,83028198;3,04620504;0,45625171
38,99412198;3,04620504;0,45625171
39,15796198;3,04620504;0,00305185
39,32180197;3,04620504;0,45625171
39,48564197;3,00134277;0,45625171
39,64948197;3,00134277;0,45625171
39,81332197;3,00134277;0,00305185
39,97716197;3,00134277;0,00305185
40,14100197;3,00134277;0,45625171
40,30484197;3,00134277;0,45625171
40,46868197;3,00134277;0,45625171
40,63252197;2,95648050;0,00305185
40,79636197;3,00134277;0,45625171
40,96020196;3,00134277;0,45625171
41,12404196;3,04620504;0,00305185
41,28788196;3,00134277;0,00305185
41,45172196;3,00134277;0,00305185
41,61556196;3,00134277;0,45625171
41,77940196;3,04620504;0,00305185
41,94324196;3,04620504;0,00305185
42,10708196;3,04620504;0,00305185
42,27092196;3,04620504;0,00305185
42,43476196;3,04620504;0,45625171
42,59860195;3,00134277;0,00305185
42,76244195;3,00134277;0,00305185
42,92628195;3,00134277;0,91097748
43,09012195;3,00134277;0,00305185
43,25396195;3,00134277;0,00305185
43,41780195;2,95648050;0,00305185
43,58164195;3,04620504;0,45625171
43,74548195;3,00134277;0,00305185
43,90932195;3,00134277;0,00305185
44,07316195;3,00134277;0,00305185
44,23700194;3,00134277;0,00305185
44,40084194;3,00134277;0,00305185
44,56468194;3,04620504;0,00305185
44,72852194;3,04620504;0,00305185
44,89236194;3,04620504;0,00305185
45,05620194;3,04620504;0,45625171
45,22004194;3,00134277;0,45625171
45,38388194;3,00134277;0,00305185
45,54772194;3,00134277;0,00305185
45,71156194;3,04620504;0,45625171
45,87540193;3,04620504;0,00305185
46,03924193;3,00134277;0,45625171
46,20308193;3,04620504;0,91097748
46,36692193;3,00134277;0,00305185
46,53076193;3,04620504;0,45625171
46,69460193;3,00134277;0,45625171
46,85844193;3,00134277;0,00305185
47,02228193;3,00134277;0,45625171
47,18612193;3,04620504;0,45625171
47,34996193;3,04620504;0,45625171
47,51380192;3,04620504;0,45625171
47,67764192;3,04620504;0,45625171
47,84148192;3,00134277;0,91097748
48,00532192;3,00134277;0,91097748
48,16916192;2,95648050;0,91097748
48,33300192;3,00134277;0,91097748
48,49684192;3,04620504;0,45625171
48,66068192;3,00134277;0,91097748
48,82452192;2,95648050;0,45625171
48,98836192;3,00134277;0,91097748
49,15220191;3,00134277;0,91097748
49,31604191;3,00134277;0,91097748
49,47988191;3,00134277;0,91097748
49,64372191;3,00134277;0,91097748
49,80756191;3,04620504;0,91097748
49,97140191;3,04620504;0,91097748
50,13524191;3,04620504;0,91097748
50,29908191;3,04620504;0,91097748
50,46292191;3,04620504;0,91097748
50,62676191;3,00134277;0,91097748
50,79060190;3,04620504;0,91097748
50,95444190;3,04620504;0,91097748
51,11828190;3,00134277;0,91097748
51,28212190;3,00134277;0,91097748
51,44596190;3,00134277;0,91097748
51,60980190;3,00134277;0,45625171
51,77364190;3,00134277;0,91097748
51,93748190;3,00134277;0,91097748
52,10132190;3,04620504;0,91097748
52,26516190;3,04620504;0,91097748
52,42900189;3,04620504;0,91097748
52,59284189;3,00134277;0,00305185
52,75668189;3,00134277;0,45625171
52,92052189;3,04620504;0,91097748
53,08436189;3,00134277;0,45625171
53,24820189;3,00134277;0,45625171
53,41204189;2,95648050;0,45625171
53,57588189;2,95648050;0,45625171
53,73972189;3,00134277;0,00305185
53,90356189;3,00134277;0,45625171
54,06740188;3,00134277;0,45625171
54,23124188;3,00134277;0,00305185
54,39508188;3,04620504;0,00305185
54,55892188;3,04620504;0,45625171
54,72276188;3,04620504;0,00305185
54,88660188;3,00134277;0,00305185
55,05044188;3,00134277;0,00305185
55,21428188;3,00134277;0,00305185
55,37812188;3,04620504;0,00305185
55,54196188;3,04620504;0,00305185
55,70580187;2,95648050;0,00305185
55,86964187;3,00134277;0,00305185
56,03348187;3,00134277;0,45625171
56,19732187;3,00134277;0,00305185
56,36116187;3,04620504;0,91097748
56,52500187;2,95648050;0,00305185
56,68884187;3,04620504;0,00305185
56,85268187;3,04620504;0,00305185
57,01652187;2,95648050;0,00305185
57,18036187;3,00134277;0,91097748
57,34420186;3,04620504;0,45625171
57,50804186;3,00134277;0,91097748
57,67188186;3,00134277;0,00305185
57,83572186;2,95648050;0,91097748
57,99956186;3,00134277;0,45625171
58,16340186;3,00134277;0,91097748
58,32724186;3,00134277;0,91097748
58,49108186;3,00134277;0,45625171
58,65492186;3,04620504;0,91097748
58,81876186;3,04620504;0,91097748
58,98260185;3,04620504;0,91097748
59,14644185;3,04620504;0,45625171
59,31028185;3,00134277;0,91097748
59,47412185;3,00134277;0,91097748
59,63796185;2,95648050;0,45625171
59,80180185;3,00134277;0,91097748
59,96564185;3,00134277;0,91097748
60,12948185;3,00134277;1,36570334
60,29332185;3,00134277;1,36570334
60,45716185;3,04620504;1,36570334
60,62100184;3,00134277;1,36570334
60,78484184;3,04620504;1,36570334
60,94868184;3,04620504;1,36570334
61,11252184;3,04620504;1,36570334
61,27636184;3,04620504;0,91097748
61,44020184;3,00134277;0,91097748
61,60404184;3,00134277;0,91097748
61,76788184;3,00134277;0,91097748
61,93172184;2,95648050;0,91097748
62,09556184;3,00134277;0,91097748
62,25940184;3,00134277;0,91097748
62,42324183;3,00134277;0,91097748
62,58708183;3,00134277;0,91097748
62,75092183;3,04620504;0,91097748
62,91476183;3,04620504;0,91097748
63,07860183;3,00134277;0,91097748
63,24244183;3,00134277;0,45625171
63,40628183;3,00134277;0,45625171
63,57012183;3,04620504;0,45625171
63,73396183;2,95648050;0,91097748
63,89780183;3,00134277;0,45625171
64,06164182;2,95648050;0,45625171
64,22548182;3,00134277;0,00305185
64,38932182;3,00134277;0,45625171
64,55316182;3,00134277;0,45625171
64,71700182;3,04620504;0,45625171
64,88084182;3,04620504;0,45625171
65,04468182;3,00134277;0,91097748
65,20852182;3,04620504;0,91097748
65,37236182;3,00134277;0,45625171
65,53620182;3,00134277;0,45625171
65,70004181;2,95648050;0,91097748
65,86388181;3,00134277;0,45625171
66,02772181;3,00134277;0,91097748
66,19156181;3,00134277;0,91097748
66,35540181;3,04620504;0,45625171
66,51924181;3,04620504;0,91097748
66,68308181;3,04620504;0,45625171
66,84692181;3,04620504;0,91097748
67,01076181;3,00134277;0,45625171
67,17460181;3,00134277;0,45625171
67,33844180;3,00134277;0,91097748
67,50228180;2,95648050;0,91097748
67,66612180;3,00134277;0,91097748
67,82996180;3,00134277;0,91097748
67,99380180;3,04620504;0,91097748
68,15764180;3,04620504;0,45625171
68,32148180;3,04620504;0,91097748
68,48532180;3,04620504;1,36570334
68,64916180;3,00134277;0,45625171
68,81300180;3,00134277;0,91097748
68,97684179;3,00134277;0,91097748
69,14068179;3,00134277;0,45625171
69,30452179;2,95648050;0,45625171
69,46836179;3,00134277;0,00305185
69,63220179;3,00134277;0,00305185
69,79604179;3,00134277;0,45625171
69,95988179;3,04620504;0,45625171
70,12372179;3,04620504;0,00305185
70,28756179;3,04620504;0,91097748
70,45140179;3,00134277;0,00305185
70,61524178;3,00134277;0,00305185
70,77908178;3,00134277;0,00305185
70,94292178;2,95648050;0,45625171
71,10676178;3,04620504;1,82042897
71,27060178;3,00134277;0,45625171
71,43444178;3,00134277;0,45625171
71,59828178;3,00134277;0,00305185
71,76212178;3,04620504;0,45625171
71,92596178;3,04620504;0,00305185
72,08980178;3,04620504;0,00305185
72,25364177;3,04620504;0,45625171
72,41748177;3,00134277;0,45625171
72,58132177;3,00134277;0,91097748
72,74516177;2,95648050;0,45625171
72,90900177;3,00134277;0,45625171
73,07284177;3,04620504;0,45625171
73,23668177;3,00134277;0,45625171
73,40052177;3,04620504;0,45625171
73,56436177;3,04620504;0,45625171
73,72820177;3,04620504;0,45625171
73,89204176;3,00134277;0,45625171
74,05588176;3,00134277;0,91097748
74,21972176;3,00134277;0,45625171
74,38356176;2,95648050;0,91097748
74,54740176;3,00134277;0,45625171
74,71124176;3,04620504;0,00305185
74,87508176;3,00134277;0,00305185
75,03892176;3,04620504;0,00305185
75,20276176;3,04620504;0,00305185
75,36660176;3,04620504;0,00305185
75,53044175;3,00134277;0,00305185
75,69428175;3,00134277;0,00305185
75,85812175;3,00134277;0,00305185
76,02196175;2,95648050;0,00305185
76,18580175;3,04620504;0,00305185
76,34964175;3,00134277;0,00305185
76,51348175;3,00134277;0,00305185
76,67732175;3,04620504;0,00305185
76,84116175;3,04620504;0,00305185
77,00500175;3,00134277;0,00305185
77,16884174;3,00134277;0,00305185
77,33268174;3,00134277;0,00305185
77,49652174;3,00134277;0,00305185
77,66036174;3,04620504;0,00305185
77,82420174;3,00134277;0,00305185
77,98804174;3,00134277;0,00305185
78,15188174;3,00134277;0,91097748
78,31572174;3,04620504;0,00305185
78,47956174;3,04620504;0,00305185
78,64340174;3,00134277;0,00305185
78,80724173;3,00134277;0,00305185
78,97108173;3,00134277;0,00305185
79,13492173;3,04620504;0,45625171
79,29876173;3,00134277;0,00305185
79,46260173;3,00134277;0,00305185
79,62644173;3,04620504;0,00305185
79,79028173;3,04620504;0,00305185
79,95412173;3,04620504;0,00305185
80,11796173;3,04620504;0,00305185
80,28180173;3,04620504;0,00305185
80,44564172;3,04620504;0,00305185
80,60948172;3,00134277;0,00305185
80,77332172;2,95648050;0,00305185
80,93716172;3,00134277;0,00305185
81,10100172;3,00134277;0,00305185
81,26484172;3,00134277;0,00305185
81,42868172;3,04620504;0,00305185
81,59252172;3,04620504;0,91097748
81,75636172;3,00134277;0,00305185
81,92020172;2,95648050;0,00305185
82,08404171;3,00134277;0,00305185
82,24788171;2,95648050;0,00305185
82,41172171;3,00134277;0,00305185
82,57556171;3,00134277;0,00305185
82,73940171;3,00134277;0,00305185
82,90324171;3,04620504;0,00305185
83,06708171;3,04620504;0,00305185
83,23092171;3,00134277;0,00305185
83,39476171;3,00134277;0,00305185
83,55860171;3,00134277;0,00305185
83,72244170;2,95648050;0,00305185
83,88628170;3,00134277;0,00305185
84,05012170;3,00134277;0,00305185
84,21396170;2,95648050;0,00305185
84,37780170;3,04620504;0,00305185
84,54164170;3,04620504;0,45625171
84,70548170;3,04620504;0,00305185
84,86932170;3,00134277;0,00305185
85,03316170;3,00134277;0,45625171
85,19700170;2,91177106;-0,45167392
85,36084169;3,00134277;0,00305185
85,52468169;3,00134277;0,00305185
85,68852169;3,00134277;0,00305185
85,85236169;3,04620504;1,36570334
86,01620169;3,04620504;0,00305185
86,18004169;3,00134277;0,00305185
86,34388169;3,00134277;0,00305185
86,50772169;3,00134277;0,00305185
86,67156169;3,00134277;0,00305185
86,83540169;3,00134277;0,00305185
86,99924168;3,00134277;0,00305185
87,16308168;3,04620504;0,00305185
87,32692168;3,04620504;-0,45167392
87,49076168;3,04620504;0,00305185
87,65460168;3,00134277;0,00305185
87,81844168;3,00134277;-0,45167392
87,98228168;3,00134277;0,00305185
88,14612168;3,00134277;0,00305185
88,30996168;3,00134277;0,00305185
88,47380168;3,00134277;0,00305185
88,63764167;3,04620504;0,00305185
88,80148167;3,04620504;0,00305185
88,96532167;3,00134277;0,00305185
89,12916167;3,00134277;0,00305185
89,29300167;3,00134277;0,00305185
89,45684167;3,00134277;0,45625171
89,62068167;3,00134277;0,00305185
89,78452167;3,00134277;0,45625171
89,94836167;3,00134277;0,45625171
90,11220167;3,04620504;0,45625171
90,27604166;3,04620504;0,91097748
90,43988166;3,04620504;0,91097748
90,60372166;3,00134277;0,91097748
90,76756166;3,00134277;0,91097748
90,93140166;3,00134277;0,91097748
91,09524166;3,00134277;0,45625171
91,25908166;3,00134277;0,00305185
91,42292166;3,04620504;0,91097748
91,58676166;3,04620504;0,00305185
91,75060166;3,04620504;0,45625171
91,91444165;3,00134277;0,45625171
92,07828165;3,00134277;0,00305185
92,24212165;3,04620504;1,82042897
92,40596165;3,04620504;0,00305185
92,56980165;3,00134277;0,00305185
92,73364165;3,04620504;0,00305185
92,89748165;3,04620504;0,00305185
93,06132165;3,00134277;0,00305185
93,22516165;3,00134277;0,00305185
93,38900165;3,00134277;0,00305185
93,55284164;2,95648050;-0,45167392
93,71668164;3,04620504;0,00305185
93,88052164;3,00134277;0,00305185
94,04436164;3,04620504;0,00305185
94,20820164;3,04620504;0,00305185
94,37204164;3,00134277;0,00305185
94,53588164;3,00134277;0,45625171
94,69972164;3,04620504;0,91097748
94,86356164;2,91177106;0,00305185
95,02740164;3,04620504;0,91097748
95,19124163;3,00134277;1,36570334
95,35508163;3,04620504;1,36570334
95,51892163;3,04620504;1,36570334
95,68276163;3,04620504;1,36570334
95,84660163;3,00134277;1,82042897
96,01044163;3,00134277;1,36570334
96,17428163;3,00134277;1,82042897
96,33812163;3,00134277;1,82042897
96,50196163;3,00134277;1,36570334
96,66580163;3,00134277;1,36570334
96,82964162;3,04620504;1,36570334
96,99348162;3,04620504;1,36570334
97,15732162;3,00134277;1,36570334
97,32116162;3,04620504;1,36570334
97,48500162;3,00134277;0,45625171
97,64884162;3,00134277;0,00305185
97,81268162;3,04620504;0,00305185
97,97652162;3,00134277;0,00305185
98,14036162;3,04620504;0,00305185
98,30420162;3,04620504;-0,45167392
98,46804161;3,00134277;-0,45167392
98,63188161;3,00134277;0,00305185
98,79572161;2,95648050;0,00305185
98,95956161;3,04620504;-0,45167392
99,12340161;3,00134277;-0,45167392
99,28724161;3,04620504;0,00305185
99,45108161;3,04620504;0,00305185
99,61492161;2,95648050;0,00305185
99,77876161;3,00134277;0,00305185
99,94260161;3,00134277;0,00305185
100,10644161;3,00134277;0,91097748
100,27028160;3,00134277;0,91097748
100,43412160;3,00134277;1,36570334
100,59796160;3,04620504;1,36570334
100,76180160;3,04620504;1,82042897
100,92564160;3,00134277;1,82042897
101,08948160;3,00134277;1,82042897
101,25332160;3,00134277;1,82042897
101,41716160;3,00134277;1,82042897
101,58100160;3,00134277;1,82042897
101,74484160;3,04620504;1,82042897
101,90868159;3,04620504;3,18308043
102,07252159;3,04620504;1,82042897
102,23636159;3,04620504;1,82042897
102,40020159;3,00134277;1,36570334
102,56404159;2,95648050;0,45625171
102,72788159;3,00134277;0,91097748
102,89172159;3,00134277;0,00305185
103,05556159;3,04620504;0,00305185
103,21940159;3,04620504;0,00305185
103,38324159;3,04620504;0,00305185
103,54708158;3,00134277;-0,45167392
103,71092158;3,00134277;-0,45167392
103,87476158;3,00134277;-0,90639967
104,03860158;3,00134277;-0,90639967
104,20244158;3,00134277;-0,45167392
104,36628158;3,04620504;-0,45167392
104,53012158;3,04620504;-0,45167392
104,69396158;3,00134277;-0,45167392
104,85780158;3,00134277;-0,45167392
105,02164158;3,00134277;0,00305185
105,18548157;3,00134277;0,00305185
105,34932157;3,04620504;0,91097748
105,51316157;3,04620504;0,91097748
105,67700157;3,04620504;1,36570334
105,84084157;3,00134277;1,82042897
106,00468157;3,00134277;1,82042897
106,16852157;3,00134277;1,82042897
106,33236157;3,00134277;1,82042897
106,49620157;3,00134277;2,27362871
106,66004157;3,00134277;2,27362871
106,82388156;3,04620504;1,82042897
106,98772156;3,04620504;1,82042897
107,15156156;2,95648050;1,82042897
107,31540156;3,00134277;1,36570334
107,47924156;3,04620504;0,91097748
107,64308156;3,00134277;0,91097748
107,80692156;3,00134277;0,00305185
107,97076156;3,04620504;0,00305185
108,13460156;3,04620504;-0,45167392
108,29844156;3,00134277;-0,45167392
108,46228155;3,04620504;-0,90639967
108,62612155;2,95648050;-0,90639967
108,78996155;3,00134277;-0,90639967
108,95380155;2,95648050;-1,36112559
109,11764155;3,04620504;-0,90639967
109,28148155;3,04620504;-0,90639967
109,44532155;3,00134277;-0,45167392
109,60916155;3,00134277;-0,45167392
109,77300155;2,95648050;0,00305185
109,93684155;2,95648050;0,00305185
110,10068154;3,04620504;0,45625171
110,26452154;3,04620504;0,91097748
110,42836154;3,04620504;1,36570334
110,59220154;3,00134277;1,82042897
110,75604154;3,00134277;1,82042897
110,91988154;2,95648050;1,82042897
111,08372154;3,00134277;2,27362871
111,24756154;3,00134277;2,27362871
111,41140154;3,04620504;2,27362871
111,57524154;3,04620504;1,82042897
111,73908153;3,00134277;1,82042897
111,90292153;3,00134277;1,82042897
112,06676153;3,00134277;1,82042897
112,23060153;3,00134277;0,91097748
112,39444153;3,00134277;0,45625171
112,55828153;3,04620504;0,00305185
112,72212153;3,04620504;0,00305185
112,88596153;3,00134277;-0,45167392
113,04980153;2,95648050;-0,90639967
113,21364153;3,00134277;-1,36112559
113,37748152;2,95648050;-2,26905107
113,54132152;3,00134277;-1,81432533
113,70516152;3,04620504;-1,36112559
113,86900152;3,04620504;-1,36112559
114,03284152;3,00134277;-0,90639967
114,19668152;3,00134277;-0,45167392
114,36052152;3,00134277;-0,45167392
114,52436152;3,04620504;0,00305185
114,68820152;3,00134277;0,45625171
114,85204152;3,00134277;0,91097748
115,01588151;3,04620504;1,82042897
115,17972151;3,00134277;1,82042897
115,34356151;3,00134277;2,27362871
115,50740151;2,95648050;1,82042897
115,67124151;3,00134277;2,72835469
115,83508151;3,00134277;2,72835469
115,99892151;3,04620504;2,72835469
116,16276151;3,04620504;2,72835469
116,32660151;3,00134277;2,27362871
116,49044151;3,00134277;1,82042897
116,65428150;3,00134277;1,36570334
116,81812150;3,00134277;0,91097748
116,98196150;3,00134277;0,00305185
117,14580150;3,04620504;-0,45167392
117,30964150;3,04620504;-0,90639967
117,47348150;3,00134277;-1,36112559
117,63732150;3,00134277;-1,81432533
117,80116150;2,95648050;-1,81432533
117,96500150;3,00134277;-2,26905107
118,12884150;3,00134277;-2,26905107
118,29268149;3,04620504;-2,26905107
118,45652149;3,04620504;-1,81432533
118,62036149;3,00134277;-1,36112559
118,78420149;3,00134277;-0,90639967
118,94804149;2,95648050;-0,45167392
119,11188149;3,00134277;0,00305185
119,27572149;3,00134277;0,91097748
119,43956149;3,04620504;1,82042897
119,60340149;3,00134277;2,27362871
119,76724149;3,00134277;3,18308043
119,93108148;3,04620504;3,63780618
120,09492148;3,00134277;3,63780618
120,25876148;3,00134277;3,63780618
120,42260148;3,04620504;4,54420614
120,58644148;3,04620504;3,63780618
120,75028148;3,00134277;3,18308043
120,91412148;2,95648050;2,72835469
121,07796148;2,95648050;2,27362871
121,24180148;3,00134277;1,36570334
121,40564148;3,00134277;0,45625171
121,56948147;3,04620504;0,00305185
121,73332147;3,04620504;-0,90639967
121,89716147;3,00134277;-1,81432533
122,06100147;3,00134277;-2,72377706
122,22484147;3,00134277;-2,72377706
122,38868147;2,95648050;-3,63322830
122,55252147;3,00134277;-3,63322830
122,71636147;3,04620504;-3,63322830
122,88020147;3,00134277;-3,63322830
123,04404147;3,00134277;-2,72377706
123,20788146;2,95648050;-2,26905107
123,37172146;3,00134277;-1,81432533
123,53556146;3,00134277;-0,45167392
123,69940146;3,04620504;0,45625171
123,86324146;3,04620504;1,82042897
124,02708146;3,00134277;2,72835469
124,19092146;3,00134277;3,18308043
124,35476146;2,95648050;3,63780618
124,51860146;3,00134277;4,54420614
124,68244146;3,04620504;4,54420614
124,84628145;3,04620504;4,54420614
125,01012145;3,00134277;4,54420614
125,17396145;3,00134277;4,09100580
125,33780145;3,00134277;3,63780618
125,50164145;3,00134277;2,72835469
125,66548145;3,04620504;1,82042897
125,82932145;3,04620504;0,45625171
125,99316145;3,04620504;-0,45167392
126,15700145;3,00134277;-1,81432533
126,32084145;3,00134277;-2,72377706
126,48468144;3,00134277;-3,63322830
126,64852144;3,04620504;-3,63322830
126,81236144;3,04620504;-4,54115438
126,97620144;3,04620504;-4,08642864
127,14004144;3,00134277;-4,08642864
127,30388144;3,00134277;-3,63322830
127,46772144;2,95648050;-3,63322830
127,63156144;3,00134277;-2,26905107
127,79540144;3,00134277;-1,36112559
127,95924144;3,04620504;0,00305185
128,12308143;3,04620504;1,36570334
128,28692143;3,04620504;2,72835469
128,45076143;3,00134277;3,63780618
128,61460143;3,00134277;4,09100580
128,77844143;3,00134277;4,99893188
128,94228143;3,04620504;5,45365763
129,10612143;3,04620504;5,45365763
129,26996143;3,00134277;5,45365763
129,43380143;2,95648050;4,99893188
129,59764143;3,04620504;4,54420614
129,76148142;3,00134277;3,18308043
129,92532142;3,00134277;1,82042897
130,08916142;3,04620504;0,91097748
130,25300142;3,00134277;-0,90639967
130,41684142;3,00134277;-1,81432533
130,58068142;2,95648050;-3,17850280
130,74452142;3,00134277;-4,08642864
130,90836142;3,00134277;-5,45060539
131,07220142;3,04620504;-5,45060539
131,23604142;3,00134277;-5,45060539
131,39988141;3,04620504;-5,45060539
131,56372141;3,00134277;-4,54115438
131,72756141;3,00134277;-3,63322830
131,89140141;3,00134277;-2,72377706
132,05524141;3,04620504;-0,90639967
132,21908141;3,04620504;0,45625171
132,38292141;3,00134277;1,82042897
132,54676141;3,04620504;3,63780618
132,71060141;3,00134277;4,54420614
132,87444141;3,00134277;5,45365763
133,03828140;3,04620504;6,81630898
133,20212140;3,04620504;7,27103472
133,36596140;3,00134277;7,27103472
133,52980140;3,00134277;6,81630898
133,69364140;3,00134277;6,36158323
133,85748140;3,00134277;4,99893188
134,02132140;3,00134277;3,63780618
134,18516140;3,04620504;1,82042897
134,34900140;3,00134277;0,00305185
134,51284140;3,04620504;-0,90639967
134,67668139;2,95648050;-3,63322830
134,84052139;3,00134277;-4,99587965
135,00436139;3,00134277;-6,35853148
135,16820139;3,04620504;-6,81325722
135,33204139;3,00134277;-7,26798248
135,49588139;3,00134277;-7,26798248
135,65972139;2,95648050;-6,35853148
135,82356139;3,00134277;-5,45060539
135,98740139;3,00134277;-4,08642864
136,15124139;3,04620504;-2,26905107
136,31508138;3,04620504;-0,45167392
136,47892138;3,00134277;1,36570334
136,64276138;3,00134277;3,63780618
136,80660138;3,00134277;4,99893188
136,97044138;3,00134277;6,81630898
137,13428138;3,04620504;8,17895985
137,29812138;3,04620504;8,63368702
137,46196138;3,00134277;8,63368702
137,62580138;3,00134277;8,63368702
137,78964138;3,04620504;7,72576046
137,95348138;3,00134277;6,36158323
138,11732137;3,04620504;4,99893188
138,28116137;3,04620504;3,18308043
138,44500137;3,00134277;0,91097748
138,60884137;3,00134277;-1,36112559
138,77268137;3,00134277;-3,63322830
138,93652137;3,00134277;-5,45060539
139,10036137;3,04620504;-6,81325722
139,26420137;3,04620504;-7,72118282
139,42804137;3,00134277;-9,08536053
139,59188137;3,00134277;-8,17590809
139,75572136;3,00134277;-7,72118282
139,91956136;3,00134277;-7,26798248
140,08340136;3,04620504;-4,99587965
140,24724136;3,04620504;-2,72377706
140,41108136;3,00134277;-0,45167392
140,57492136;3,00134277;1,36570334
140,73876136;3,00134277;3,63780618
140,90260136;3,04620504;5,90838337
141,06644136;3,04620504;7,72576046
141,23028136;3,04620504;9,08841228
141,39412135;3,00134277;9,54313755
141,55796135;2,95648050;9,08841228
141,72180135;3,00134277;9,54313755
141,88564135;3,04620504;8,63368702
142,04948135;3,04620504;6,81630898
142,21332135;3,04620504;4,99893188
142,37716135;3,00134277;2,72835469
142,54100135;3,00134277;0,00305185
142,70484135;3,04620504;-2,26905107
142,86868135;3,00134277;-4,54115438
143,03252134;3,04620504;-6,81325722
143,19636134;3,00134277;-8,17590809
143,36020134;3,00134277;-9,08536053
143,52404134;3,00134277;-9,53855991
143,68788134;3,04620504;-9,08536053
143,85172134;3,00134277;-8,63063431
144,01556134;3,04620504;-6,81325722
144,17940134;3,04620504;-3,63322830
144,34324134;3,00134277;-2,26905107
144,50708134;3,00134277;0,91097748
144,67092133;2,95648050;3,63780618
144,83476133;3,00134277;5,90838337
144,99860133;3,04620504;8,17895985
145,16244133;3,00134277;10,45106411
145,32628133;3,00134277;10,90578938
145,49012133;3,04620504;11,81524086
145,65396133;3,04620504;11,81524086
145,81780133;3,00134277;10,45106411
145,98164133;3,04620504;8,63368702
146,14548133;3,00134277;6,81630898
146,30932132;3,00134277;3,63780618
146,47316132;3,00134277;0,91097748
146,63700132;3,00134277;-2,26905107
146,80084132;3,04620504;-4,99587965
146,96468132;3,04620504;-7,26798248
147,12852132;3,00134277;-9,53855991
147,29236132;3,00134277;-10,90273762
147,45620132;3,00134277;-10,90273762
147,62004132;3,00134277;-10,90273762
147,78388132;3,04620504;-9,99328613
147,94772131;3,04620504;-8,17590809
148,11156131;3,04620504;-5,45060539
148,27540131;3,00134277;-2,72377706
148,43924131;3,00134277;0,00305185
148,60308131;2,95648050;3,18308043
148,76692131;3,04620504;6,36158323
148,93076131;3,04620504;9,08841228
149,09460131;3,00134277;10,90578938
149,25844131;3,00134277;12,72316647
149,42228131;3,04620504;12,72316647
149,58612130;3,00134277;12,72316647
149,74996130;3,04620504;11,81524086
149,91380130;3,00134277;9,99633694
150,07764130;3,00134277;7,27103472
150,24148130;3,00134277;4,54420614
150,40532130;3,00134277;1,36570334
150,56916130;3,04620504;-1,81432533
150,73300130;3,04620504;-5,45060539
150,89684130;3,00134277;-7,72118282
151,06068130;3,00134277;-9,99328613
151,22452129;3,04620504;-11,35746288
151,38836129;3,00134277;-12,26538944
151,55220129;3,04620504;-11,35746288
151,71604129;3,04620504;-10,90273762
151,87988129;3,00134277;-8,63063431
152,04372129;3,00134277;-5,45060539
152,20756129;3,00134277;-2,72377706
152,37140129;3,00134277;0,91097748
152,53524129;3,04620504;4,54420614
152,69908129;3,00134277;7,27103472
152,86292128;3,00134277;10,45106411
153,02676128;3,00134277;12,26844120
153,19060128;3,00134277;13,63261795
153,35444128;3,04620504;13,63261795
153,51828128;3,04620504;12,72316647
153,68212128;3,04620504;11,81524086
153,84596128;3,00134277;9,08841228
154,00980128;3,00134277;6,36158323
154,17364128;3,00134277;3,18308043
154,33748128;3,04620504;-0,45167392
154,50132127;3,04620504;-4,08642864
154,66516127;3,00134277;-7,26798248
154,82900127;2,95648050;-10,44801140
154,99284127;3,00134277;-11,81066322
155,15668127;3,00134277;-12,72011471
155,32052127;3,04620504;-12,72011471
155,48436127;3,00134277;-11,81066322
155,64820127;3,00134277;-9,53855991
155,81204127;2,95648050;-7,26798248
155,97588127;3,00134277;-3,63322830
156,13972126;3,04620504;0,00305185
156,30356126;3,04620504;3,63780618
156,46740126;3,00134277;6,81630898
156,63124126;3,00134277;9,99633694
156,79508126;3,00134277;12,26844120
156,95892126;3,00134277;14,08581829
157,12276126;3,04620504;14,54054356
157,28660126;3,04620504;13,63261795
157,45044126;3,00134277;12,26844120
157,61428126;2,95648050;9,99633694
157,77812125;3,04620504;7,27103472
157,94196125;3,00134277;3,63780618
158,10580125;3,04620504;-0,45167392
158,26964125;3,00134277;-4,08642864
158,43348125;3,00134277;-7,72118282
158,59732125;3,00134277;-10,44801140
158,76116125;3,00134277;-12,72011471
158,92500125;3,04620504;-13,17483997
159,08884125;3,04620504;-13,17483997
159,25268125;3,00134277;-12,72011471
159,41652124;3,00134277;-10,44801140
159,58036124;3,00134277;-7,26798248
159,74420124;3,00134277;-4,08642864
159,90804124;3,09091473;0,00305185
160,07188124;3,00134277;3,63780618
160,23572124;3,00134277;7,27103472
160,39956124;3,00134277;10,90578938
160,56340124;3,04620504;12,72316647
160,72724124;3,04620504;14,08581829
160,89108124;3,04620504;14,54054356
161,05492123;3,00134277;14,08581829
161,21876123;2,95648050;11,81524086
161,38260123;3,00134277;9,54313755
161,54644123;3,04620504;6,81630898
161,71028123;3,04620504;2,27362871
161,87412123;3,04620504;-0,90639967
162,03796123;3,00134277;-5,45060539
162,20180123;3,00134277;-8,17590809
162,36564123;3,00134277;-10,90273762
162,52948123;3,04620504;-12,72011471
162,69332122;3,04620504;-13,17483997
162,85716122;3,00134277;-12,72011471
163,02100122;3,00134277;-11,35746288
163,18484122;3,04620504;-9,08536053
163,34868122;3,04620504;-5,45060539
163,51252122;3,04620504;-1,81432533
163,67636122;3,00134277;1,82042897
163,84020122;3,00134277;5,45365763
164,00404122;3,00134277;9,08841228
164,16788122;3,04620504;11,81524086
164,33172121;3,04620504;12,72316647
164,49556121;3,04620504;14,54054356
164,65940121;3,00134277;14,54054356
164,82324121;2,95648050;12,72316647
164,98708121;3,00134277;10,45106411
165,15092121;3,04620504;7,72576046
165,31476121;3,04620504;3,63780618
165,47860121;3,00134277;-0,45167392
165,64244121;3,00134277;-4,08642864
165,80628121;2,95648050;-7,72118282
165,97012120;3,00134277;-10,44801140
166,13396120;3,04620504;-12,72011471
166,29780120;3,00134277;-13,17483997
166,46164120;3,00134277;-13,17483997
166,62548120;2,95648050;-11,81066322
166,78932120;3,00134277;-9,99328613
166,95316120;3,04620504;-6,81325722
167,11700120;3,04620504;-2,72377706
167,28084120;3,00134277;0,91097748
167,44468120;3,00134277;4,54420614
167,60852119;3,00134277;8,63368702
167,77236119;3,00134277;10,90578938
167,93620119;3,04620504;13,17789268
168,10004119;3,00134277;14,54054356
168,26388119;3,00134277;14,08581829
168,42772119;3,00134277;12,72316647
168,59156119;3,04620504;10,90578938
168,75540119;3,04620504;7,27103472
168,91924119;3,00134277;3,63780618
169,08308119;3,00134277;-0,45167392
169,24692118;3,04620504;-3,63322830
169,41076118;3,00134277;-7,26798248
169,57460118;3,04620504;-10,44801140
169,73844118;3,04620504;-11,81066322
169,90228118;3,04620504;-13,17483997
170,06612118;3,00134277;-12,72011471
170,22996118;2,95648050;-11,35746288
170,39380118;3,04620504;-9,08536053
170,55764118;3,04620504;-5,90380573
170,72148118;3,00134277;-2,26905107
170,88532117;3,00134277;1,36570334
171,04916117;3,00134277;5,45365763
171,21300117;3,00134277;9,08841228
171,37684117;3,00134277;10,90578938
171,54068117;3,04620504;12,72316647
171,70452117;3,00134277;13,63261795
171,86836117;3,04620504;13,17789268
172,03220117;3,00134277;11,81524086
172,19604117;3,04620504;9,08841228
172,35988117;3,04620504;6,36158323
172,52372116;3,00134277;1,82042897
172,68756116;2,95648050;-1,81432533
172,85140116;3,00134277;-5,45060539
173,01524116;3,00134277;-9,08536053
173,17908116;3,04620504;-10,90273762
173,34292116;3,04620504;-12,72011471
173,50676116;3,00134277;-12,72011471
173,67060116;3,04620504;-12,26538944
173,83444116;3,00134277;-10,90273762
173,99828116;3,04620504;-7,72118282
174,16212115;3,00134277;-4,08642864
174,32596115;3,00134277;-0,45167392
174,48980115;3,00134277;3,63780618
174,65364115;3,00134277;6,81630898
174,81748115;3,04620504;9,99633694
174,98132115;3,04620504;12,26844120
175,14516115;3,00134277;13,63261795
175,30900115;3,00134277;13,63261795
175,47284115;3,00134277;12,26844120
175,63668115;3,04620504;10,45106411
175,80052114;3,04620504;7,27103472
175,96436114;3,04620504;4,09100580
176,12820114;3,04620504;0,00305185
176,29204114;3,04620504;-4,08642864
176,45588114;3,00134277;-7,26798248
176,61972114;3,04620504;-9,99328613
176,78356114;3,00134277;-11,81066322
176,94740114;3,00134277;-12,72011471
177,11124114;3,00134277;-12,72011471
177,27508114;3,00134277;-11,35746288
177,43892114;3,04620504;-8,17590809
177,60276113;3,00134277;-5,45060539
177,76660113;3,00134277;-1,81432533
177,93044113;3,04620504;1,82042897
178,09428113;3,04620504;5,45365763
178,25812113;3,04620504;8,63368702
178,42196113;3,00134277;10,90578938
178,58580113;3,00134277;12,72316647
178,74964113;3,00134277;13,17789268
178,91348113;3,04620504;13,17789268
179,07732113;3,04620504;10,90578938
179,24116112;3,00134277;8,17895985
179,40500112;3,00134277;4,54420614
179,56884112;3,00134277;0,91097748
179,73268112;3,00134277;-2,72377706
179,89652112;3,04620504;-6,35853148
180,06036112;3,04620504;-9,08536053
180,22420112;3,04620504;-11,35746288
180,38804112;3,04620504;-12,26538944
180,55188112;3,00134277;-11,81066322
180,71572112;3,04620504;-10,90273762
180,87956111;3,04620504;-8,17590809
181,04340111;3,00134277;-5,45060539
181,20724111;3,00134277;-2,26905107
181,37108111;3,00134277;1,82042897
181,53492111;3,04620504;5,45365763
181,69876111;3,04620504;8,63368702
181,86260111;3,00134277;10,90578938
182,02644111;3,00134277;12,72316647
182,19028111;3,00134277;13,17789268
182,35412111;3,00134277;12,72316647
182,51796110;3,04620504;10,90578938
182,68180110;3,00134277;7,72576046
182,84564110;3,04620504;4,54420614
183,00948110;3,00134277;0,91097748
183,17332110;3,00134277;-2,72377706
183,33716110;3,04620504;-6,35853148
183,50100110;3,00134277;-9,08536053
183,66484110;3,00134277;-10,90273762
183,82868110;3,00134277;-12,26538944
183,99252110;3,00134277;-11,81066322
184,15636109;3,04620504;-9,99328613
184,32020109;3,00134277;-8,17590809
184,48404109;3,04620504;-5,45060539
184,64788109;3,00134277;-1,81432533
184,81172109;3,04620504;1,82042897
184,97556109;3,04620504;5,45365763
185,13940109;3,04620504;8,63368702
185,30324109;3,00134277;10,90578938
185,46708109;2,95648050;11,81524086
185,63092109;3,00134277;12,72316647
185,79476108;3,04620504;11,81524086
185,95860108;3,00134277;9,99633694
186,12244108;3,04620504;7,27103472
186,28628108;3,00134277;3,63780618
186,45012108;3,04620504;0,00305185
186,61396108;3,04620504;-3,63322830
186,77780108;3,04620504;-6,35853148
186,94164108;3,00134277;-9,08536053
187,10548108;3,00134277;-10,90273762
187,26932108;3,00134277;-10,90273762
187,43316107;3,09091473;-10,90273762
187,59700107;3,04620504;-9,08536053
187,76084107;3,04620504;-6,35853148
187,92468107;3,00134277;-3,63322830
188,08852107;3,00134277;0,00305185
188,25236107;3,04620504;3,63780618
188,41620107;3,04620504;6,36158323
188,58004107;3,00134277;9,54313755
188,74388107;3,00134277;10,90578938
188,90772107;3,04620504;11,81524086
189,07156106;3,04620504;11,81524086
189,23540106;3,04620504;10,45106411
189,39924106;3,04620504;8,17895985
189,56308106;2,95648050;4,99893188
189,72692106;3,00134277;1,82042897
189,89076106;3,00134277;-1,36112559
190,05460106;3,04620504;-5,45060539
190,21844106;3,04620504;-7,72118282
190,38228106;3,04620504;-8,17590809
190,54612106;3,00134277;-10,44801140
190,70996105;3,00134277;-10,44801140
190,87380105;3,04620504;-9,08536053
191,03764105;3,00134277;-7,26798248
191,20148105;3,00134277;-4,54115438
191,36532105;3,04620504;-1,36112559
191,52916105;3,00134277;1,82042897
191,69300105;3,04620504;5,45365763
191,85684105;3,00134277;8,17895985
192,02068105;3,04620504;9,99633694
192,18452105;3,00134277;10,90578938
192,34836104;3,00134277;11,36051559
192,51220104;3,04620504;10,45106411
192,67604104;3,04620504;8,63368702
192,83988104;3,04620504;5,90838337
193,00372104;3,00134277;3,18308043
193,16756104;3,00134277;0,00305185
193,33140104;3,04620504;-3,63322830
193,49524104;3,04620504;-6,35853148
193,65908104;3,04620504;-8,17590809
193,82292104;3,04620504;-9,08536053
193,98676103;3,04620504;-9,53855991
194,15060103;3,04620504;-8,17590809
194,31444103;3,00134277;-6,81325722
194,47828103;3,00134277;-4,54115438
194,64212103;3,04620504;-1,36112559
194,80596103;3,00134277;1,82042897
194,96980103;3,04620504;4,54420614
195,13364103;3,00134277;7,27103472
195,29748103;3,04620504;9,08841228
195,46132103;3,04620504;10,45106411
195,62516102;3,04620504;10,45106411
195,78900102;3,04620504;9,99633694
195,95284102;3,04620504;8,17895985
196,11668102;3,04620504;5,45365763
196,28052102;3,00134277;2,72835469
196,44436102;3,04620504;-0,45167392
196,60820102;3,04620504;-3,63322830
196,77204102;3,00134277;-5,90380573
196,93588102;3,04620504;-7,72118282
197,09972102;3,00134277;-9,08536053
197,26356101;3,00134277;-9,08536053
197,42740101;3,04620504;-8,17590809
197,59124101;3,04620504;-5,90380573
197,75508101;3,00134277;-3,63322830
197,91892101;3,04620504;-0,90639967
198,08276101;3,00134277;1,82042897
198,24660101;3,04620504;4,54420614
198,41044101;3,00134277;7,27103472
198,57428101;3,00134277;9,08841228
198,73812101;3,00134277;9,99633694
198,90196100;3,04620504;10,45106411
199,06580100;3,04620504;9,08841228
199,22964100;3,00134277;7,27103472
199,39348100;3,04620504;4,99893188
199,55732100;3,00134277;2,27362871
199,72116100;3,00134277;-0,45167392
199,88500100;3,04620504;-3,63322830
200,04884100;3,00134277;-5,90380573
200,21268100;3,00134277;-7,26798248
200,37652100;3,00134277;-8,17590809
200,54036099;3,04620504;-8,17590809
200,70420099;3,04620504;-7,26798248
200,86804099;3,00134277;-5,45060539
201,03188099;3,04620504;-2,72377706
201,19572099;3,00134277;0,00305185
201,35956099;3,04620504;3,18308043
201,52340099;3,04620504;5,45365763
201,68724099;3,00134277;7,27103472
201,85108099;3,00134277;9,08841228
202,01492099;3,00134277;9,54313755
202,17876098;3,04620504;9,08841228
202,34260098;3,04620504;8,17895985
202,50644098;3,04620504;5,90838337
202,67028098;2,95648050;3,63780618
202,83412098;3,00134277;0,91097748
202,99796098;3,04620504;-1,81432533
203,16180098;2,95648050;-4,99587965
203,32564098;3,00134277;-6,81325722
203,48948098;3,04620504;-7,72118282
203,65332098;3,04620504;-8,17590809
203,81716097;3,04620504;-7,72118282
203,98100097;3,04620504;-5,45060539
204,14484097;3,00134277;-4,08642864
204,30868097;3,04620504;-1,36112559
204,47252097;2,95648050;0,91097748
204,63636097;3,04620504;4,09100580
204,80020097;3,00134277;6,36158323
204,96404097;3,00134277;8,17895985
205,12788097;3,04620504;9,08841228
205,29172097;3,00134277;9,08841228
205,45556096;3,04620504;8,63368702
205,61940096;3,00134277;7,27103472
205,78324096;3,00134277;4,99893188
205,94708096;3,00134277;1,82042897
206,11092096;3,00134277;-0,90639967
206,27476096;3,04620504;-3,63322830
206,43860096;3,00134277;-5,90380573
206,60244096;3,04620504;-7,26798248
206,76628096;3,04620504;-8,63063431
206,93012096;3,09091473;-8,17590809
207,09396095;3,04620504;-6,81325722
207,25780095;3,04620504;-4,99587965
207,42164095;3,00134277;-2,72377706
207,58548095;3,00134277;0,00305185
207,74932095;3,04620504;3,18308043
207,91316095;3,04620504;5,45365763
208,07700095;3,00134277;7,72576046
208,24084095;3,00134277;9,08841228
208,40468095;3,04620504;9,54313755
208,56852095;3,04620504;9,08841228
208,73236094;3,04620504;7,72576046
208,89620094;3,04620504;5,90838337
209,06004094;3,00134277;3,18308043
209,22388094;3,00134277;0,00305185
209,38772094;3,04620504;-2,72377706
209,55156094;3,04620504;-5,45060539
209,71540094;3,00134277;-7,72118282
209,87924094;3,00134277;-8,17590809
210,04308094;3,00134277;-8,63063431
210,20692094;3,04620504;-7,72118282
210,37076093;3,00134277;-5,45060539
210,53460093;3,00134277;-2,72377706
210,69844093;3,00134277;-0,45167392
210,86228093;3,04620504;2,72835469
211,02612093;3,04620504;5,45365763
211,18996093;3,00134277;7,72576046
211,35380093;3,00134277;9,54313755
211,51764093;2,95648050;9,99633694
211,68148093;3,04620504;9,99633694
211,84532093;3,04620504;8,63368702
212,00916092;3,04620504;6,81630898
212,17300092;3,00134277;3,63780618
212,33684092;3,00134277;0,91097748
212,50068092;3,04620504;-2,26905107
212,66452092;3,04620504;-5,45060539
212,82836092;3,00134277;-7,26798248
212,99220092;2,95648050;-9,08536053
213,15604092;3,00134277;-9,53855991
213,31988092;3,04620504;-9,08536053
213,48372092;3,04620504;-6,35853148
213,64756091;3,04620504;-4,08642864
213,81140091;3,04620504;-1,36112559
213,97524091;3,04620504;1,82042897
214,13908091;3,04620504;4,99893188
214,30292091;3,00134277;7,72576046
214,46676091;3,00134277;9,08841228
214,63060091;3,00134277;10,90578938
214,79444091;3,04620504;10,45106411
214,95828091;3,04620504;9,08841228
215,12212091;3,00134277;7,27103472
215,28596091;3,00134277;4,54420614
215,44980090;3,00134277;1,36570334
215,61364090;3,00134277;-1,81432533
215,77748090;3,04620504;-4,99587965
215,94132090;3,04620504;-7,72118282
216,10516090;3,00134277;-9,08536053
216,26900090;3,00134277;-9,99328613
216,43284090;3,04620504;-9,53855991
216,59668090;3,04620504;-7,72118282
216,76052090;3,00134277;-5,45060539
216,92436090;3,04620504;-1,81432533
217,08820089;3,04620504;1,82042897
217,25204089;3,04620504;4,99893188
217,41588089;3,04620504;7,72576046
217,57972089;3,00134277;10,45106411
217,74356089;3,04620504;11,36051559
217,90740089;3,04620504;11,36051559
218,07124089;3,00134277;9,08841228
218,23508089;3,04620504;8,63368702
218,39892089;3,00134277;5,45365763
218,56276089;3,00134277;2,27362871
218,72660088;3,00134277;-1,36112559
218,89044088;3,04620504;-5,45060539
219,05428088;3,00134277;-7,72118282
219,21812088;3,00134277;-9,99328613
219,38196088;3,00134277;-10,90273762
219,54580088;3,04620504;-10,90273762
219,70964088;3,04620504;-9,08536053
219,87348088;3,00134277;-5,90380573
220,03732088;3,04620504;-3,17850280
220,20116088;3,04620504;0,45625171
220,36500087;3,04620504;4,54420614
220,52884087;3,09091473;7,27103472
220,69268087;2,95648050;9,99633694
220,85652087;3,00134277;11,81524086
221,02036087;3,00134277;12,26844120
221,18420087;3,04620504;10,90578938
221,34804087;3,00134277;9,08841228
221,51188087;3,00134277;6,36158323
221,67572087;3,00134277;2,72835469
221,83956087;3,00134277;-0,90639967
222,00340086;3,04620504;-5,45060539
222,16724086;3,00134277;-8,17590809
222,33108086;3,04620504;-10,44801140
222,49492086;3,00134277;-11,35746288
222,65876086;3,04620504;-11,35746288
222,82260086;3,04620504;-9,99328613
222,98644086;3,00134277;-7,26798248
223,15028086;3,04620504;-3,63322830
223,31412086;3,00134277;0,45625171
223,47796086;3,04620504;4,54420614
223,64180085;3,04620504;7,72576046
223,80564085;3,00134277;10,90578938
223,96948085;3,04620504;12,72316647
224,13332085;3,04620504;12,72316647
224,29716085;3,04620504;12,26844120
224,46100085;3,00134277;9,99633694
224,62484085;3,00134277;7,27103472
224,78868085;3,04620504;3,18308043
224,95252085;3,00134277;-0,90639967
225,11636085;3,13577676;-5,45060539
225,28020084;3,04620504;-8,63063431
225,44404084;2,95648050;-10,90273762
225,60788084;3,00134277;-12,26538944
225,77172084;3,04620504;-12,26538944
225,93556084;3,04620504;-10,90273762
226,09940084;3,00134277;-7,72118282
226,26324084;3,00134277;-4,08642864
226,42708084;3,04620504;0,00305185
226,59092084;3,04620504;3,63780618
226,75476084;3,04620504;8,17895985
226,91860083;3,00134277;10,90578938
227,08244083;3,00134277;13,17789268
227,24628083;3,04620504;14,08581829
227,41012083;3,04620504;12,72316647
227,57396083;3,04620504;10,90578938
227,73780083;3,04620504;7,72576046
227,90164083;2,95648050;3,18308043
228,06548083;3,04620504;-0,90639967
228,22932083;3,04620504;-5,45060539
228,39316083;3,04620504;-9,08536053
228,55700082;3,04620504;-11,35746288
228,72084082;3,04620504;-12,72011471
228,88468082;3,04620504;-12,72011471
229,04852082;3,00134277;-10,90273762
229,21236082;3,04620504;-7,72118282
229,37620082;3,04620504;-4,08642864
229,54004082;3,00134277;0,00305185
229,70388082;3,04620504;4,99893188
229,86772082;3,04620504;9,08841228
230,03156082;2,95648050;12,26844120
230,19540081;3,00134277;14,54054356
230,35924081;3,04620504;14,54054356
230,52308081;3,00134277;14,08581829
230,68692081;3,04620504;10,90578938
230,85076081;3,04620504;7,27103472
231,01460081;3,00134277;3,63780618
231,17844081;3,04620504;-0,90639967
231,34228081;3,00134277;-5,90380573
231,50612081;3,00134277;-9,99328613
231,66996081;3,00134277;-12,72011471
231,83380080;3,04620504;-14,08276653
231,99764080;3,04620504;-13,62804031
232,16148080;2,95648050;-11,81066322
232,32532080;3,00134277;-8,63063431
232,48916080;3,00134277;-4,08642864
232,65300080;3,04620504;0,91097748
232,81684080;3,04620504;5,45365763
232,98068080;3,00134277;9,54313755
233,14452080;3,04620504;12,72316647
233,30836080;3,00134277;14,54054356
233,47220079;3,04620504;15,44999504
233,63604079;3,00134277;14,08581829
233,79988079;3,04620504;11,81524086
233,96372079;3,00134277;7,27103472
234,12756079;3,04620504;2,72835469
234,29140079;3,04620504;-1,81432533
234,45524079;3,04620504;-7,26798248
234,61908079;3,00134277;-10,90273762
234,78292079;3,04620504;-12,72011471
234,94676079;3,04620504;-14,53749180
235,11060078;3,04620504;-14,08276653
235,27444078;3,00134277;-11,81066322
235,43828078;3,00134277;-7,72118282
235,60212078;3,04620504;-3,17850280
235,76596078;3,04620504;1,82042897
235,92980078;3,04620504;6,81630898
236,09364078;3,00134277;10,90578938
236,25748078;3,00134277;14,08581829
236,42132078;3,04620504;16,35791969
236,58516078;3,04620504;15,90319443
236,74900077;3,00134277;14,54054356
236,91284077;3,04620504;11,36051559
237,07668077;3,00134277;6,81630898
237,24052077;3,04620504;1,82042897
237,40436077;3,04620504;-3,63322830
237,56820077;3,04620504;-8,17590809
237,73204077;3,00134277;-11,81066322
237,89588077;3,04620504;-14,53749180
238,05972077;3,04620504;-14,99221802
238,22356077;3,00134277;-14,53749180
238,38740076;3,04620504;-11,35746288
238,55124076;3,00134277;-7,72118282
238,71508076;3,00134277;-2,72377706
238,87892076;3,04620504;3,18308043
239,04276076;3,04620504;7,72576046
239,20660076;2,95648050;10,90578938
239,37044076;3,00134277;14,99526978
239,53428076;3,04620504;16,35791969
239,69812076;3,00134277;16,35791969
239,86196076;3,04620504;14,08581829
240,02580075;3,00134277;10,90578938
240,18964075;3,00134277;5,90838337
240,35348075;3,04620504;0,45625171
240,51732075;3,04620504;-4,99587965
240,68116075;3,04620504;-9,99328613
240,84500075;3,00134277;-13,62804031
241,00884075;3,04620504;-15,90014362
241,17268075;3,04620504;-15,44541740
241,33652075;3,00134277;-14,53749180
241,50036075;3,04620504;-11,35746288
241,66420074;3,00134277;-6,35853148
241,82804074;3,04620504;-0,90639967
241,99188074;3,04620504;4,54420614
242,15572074;3,04620504;9,99633694
242,31956074;3,00134277;14,08581829
242,48340074;3,04620504;16,35791969
242,64724074;3,04620504;17,72057152
242,81108074;3,04620504;16,81264496
242,97492074;3,04620504;14,08581829
243,13876074;3,04620504;10,45106411
243,30260073;3,04620504;4,54420614
243,46644073;3,04620504;-1,36112559
243,63028073;3,00134277;-6,81325722
243,79412073;3,00134277;-11,35746288
243,95796073;3,04620504;-14,53749180
244,12180073;3,04620504;-16,35486984
244,28564073;3,00134277;-16,35486984
244,44948073;3,00134277;-14,53749180
244,61332073;3,00134277;-10,90273762
244,77716073;3,04620504;-5,45060539
244,94100072;3,04620504;0,45625171
245,10484072;3,04620504;6,36158323
245,26868072;3,04620504;11,36051559
245,43252072;3,00134277;15,44999504
245,59636072;3,04620504;17,72057152
245,76020072;3,00134277;18,17529678
245,92404072;3,04620504;16,35791969
246,08788072;3,04620504;13,17789268
246,25172072;2,95648050;7,72576046
246,41556072;3,04620504;2,72835469
246,57940071;3,04620504;-3,17850280
246,74324071;3,00134277;-8,63063431
246,90708071;3,04620504;-12,72011471
247,07092071;3,04620504;-16,35486984
247,23476071;3,04620504;-17,26279449
247,39860071;3,00134277;-16,35486984
247,56244071;3,04620504;-13,62804031
247,72628071;3,04620504;-9,08536053
247,89012071;3,04620504;-3,17850280
248,05396071;3,00134277;2,72835469
248,21780070;3,00134277;8,63368702
248,38164070;3,00134277;12,72316647
248,54548070;3,04620504;17,26737404
248,70932070;3,04620504;19,08475113
248,87316070;3,04620504;18,17529678
249,03700070;3,00134277;16,35791969
249,20084070;3,00134277;11,81524086
249,36468070;3,04620504;6,36158323
249,52852070;3,00134277;0,00305185
249,69236070;3,00134277;-5,45060539
249,85620069;3,04620504;-10,90273762
250,02004069;3,04620504;-14,99221802
250,18388069;3,04620504;-17,26279449
